x,y,total SAXS intensity,total_SAXS_norm_0_1,area under third order curve,collagen_third_norm_0_1,percentage_above_baseline,max_recorded_intensity,firstmoment,secondmoment,thirdmoment,skewness,q0,deltaq0,wMu,firstmoment_lu,secondmoment_lu,thirdmoment_lu,skewness_lu,D_period,peak_width,wp,peak_amplitude,fibril_radius
0,0,0.407685,0.000426,,,,,,,,,,,,,,,,,,,,
1,0,0.409929,0.001001,,,,,,,,,,,,,,,,,,,,
2,0,0.414687,0.00222,,,,,,,,,,,,,,,,,,,,
3,0,0.411174,0.00132,,,,,,,,,,,,,,,,,,,,
4,0,0.410341,0.001107,,,,,,,,,,,,,,,,,,,,
5,0,0.407818,0.00046,,,,,,,,,,,,,,,,,,,,
6,0,0.406084,1.6e-05,,,,,,,,,,,,,,,,,,,,
7,0,0.406021,0.0,,,,,,,,,,,,,,,,,,,,
8,0,0.412529,0.001667,,,,,,,,,,,,,,,,,,,,
9,0,0.419765,0.00352,,,,,,,,,,,,,,,,,,,,
10,0,0.458841,0.013529,,,,,,,,,,,,,,,,,,,,
11,0,0.537837,0.033763,,,,,,,,,,,,,,,,,,,,
12,0,0.465833,0.01532,,,,,,,,,,,,,,,,,,,,
13,0,0.429871,0.006109,,,,,,,,,,,,,,,,,,,,
14,0,0.466652,0.01553,,,,,,,,,,,,,,,,,,,,
15,0,0.661721,0.065495,,,,,,,,,,,,,,,,,,,,
16,0,0.712094,0.078397,0.000397,0.03234085194127489,81.0472119524813,0.03839880442375121,0.287206,0.0825,0.023736,0.156047,0.286,0.00625,0.1165306122448979,0.287782,0.0829,0.023873,0.154918,65.90753818719845,0.00625,0.03332775510204079,1.0,80.0133899958769
17,0,0.633517,0.058271,0.000574,0.04675982119468963,83.18077894640693,0.05462024800764409,0.28911,0.0836,0.024194,-0.509941,0.297,0.001,0.0159183673469387,0.297081,0.0883,0.02622,-0.503788,63.466518254339256,0.001,0.0047277551020407935,1.0,564.0450084894557
18,0,0.87957,0.121294,0.000442,0.03600669158197355,84.14522623359767,0.05077967810095585,0.28997,0.0842,0.024444,-0.00878,0.29,0.001375,0.0336734693877551,0.29016,0.0842,0.024431,-0.009611,64.99846869496125,0.001375,0.00976530612244898,1.0,273.075583420411
19,0,1.407478,0.256512,0.000593,0.04830762015409574,78.04810694343982,0.05336387260470632,0.290018,0.0842,0.024453,-0.558765,0.286,0.001,0.01,0.286081,0.0818,0.023414,-0.559748,65.90753818719845,0.001,0.0028599999999999997,1.0,932.4009324009326
20,0,2.402684,0.511422,,,,,,,,,,,,,,,,,,,,
21,0,3.502264,0.793066,,,,,,,,,,,,,,,,,,,,
22,0,3.94161,0.9056,0.016358,1.0,96.50419488453576,2.090018932121603,0.290165,0.0842,0.024444,-1.029292,0.282,0.001,0.01,0.28208,0.0796,0.022446,-0.662833,66.84239688488923,0.001,0.0028199999999999996,1.0,945.6264775413713
23,0,4.321955,1.0,,,,,,,,,,,,,,,,,,,,
24,0,4.763569,1.0,0.021508,1.0,98.01885385382276,2.712714848039014,0.289914,0.0841,0.024379,-0.830847,0.282,0.001,0.01,0.28208,0.0796,0.022446,-0.662833,66.84239688488923,0.001,0.0028199999999999996,1.0,945.6264775413713
25,0,4.875161,1.0,,,,,,,,,,,,,,,,,,,,
26,0,4.533124,1.0,0.017347,1.0,98.31144575503502,2.1303505557053,0.290089,0.0842,0.024428,-0.780557,0.282,0.001,0.01,0.28208,0.0796,0.022446,-0.662833,66.84239688488923,0.001,0.0028199999999999996,1.0,945.6264775413713
27,0,3.923374,0.900929,0.011593,0.9444017545471026,97.1011985623677,1.443900709198858,0.289905,0.0841,0.024379,-1.105903,0.282,0.001,0.01,0.28208,0.0796,0.022446,-0.662833,66.84239688488923,0.001,0.0028199999999999996,1.0,945.6264775413713
28,0,3.707379,0.845604,0.011321,0.9222437904966574,95.45581460186123,1.3825670133585382,0.290048,0.0841,0.024416,-1.035543,0.282,0.001,0.01,0.28208,0.0796,0.022446,-0.662833,66.84239688488923,0.001,0.0028199999999999996,1.0,945.6264775413713
29,0,3.496322,0.791544,,,,,,,,,,,,,,,,,,,,
30,0,3.192633,0.713758,,,,,,,,,,,,,,,,,,,,
31,0,2.608305,0.564089,,,,,,,,,,,,,,,,,,,,
32,0,2.007249,0.410136,,,,,,,,,,,,,,,,,,,,
33,0,1.521283,0.285661,,,,,,,,,,,,,,,,,,,,
34,0,1.412082,0.257691,0.002932,0.23884981836729968,88.35854005658793,0.33731712948656756,0.29219,0.0854,0.024968,-0.883568,0.282,0.001,0.01,0.28208,0.0796,0.022446,-0.662833,66.84239688488923,0.001,0.0028199999999999996,1.0,945.6264775413713
35,0,1.37411,0.247965,0.003649,0.2972588633090984,95.44286131341103,0.3994363625262425,0.292771,0.0857,0.025114,-0.160971,0.292,0.001,0.0218367346938775,0.292087,0.0853,0.02492,-0.144198,64.55327370389986,0.001,0.006376326530612229,1.0,418.21363035036165
36,0,1.342931,0.239979,0.003514,0.2862613443870024,95.95529330040351,0.32984569987323975,0.289719,0.084,0.024343,-0.548388,0.282,0.001,0.0277551020408163,0.282162,0.0796,0.022465,-0.554439,66.84239688488923,0.001,0.007826938775510196,1.0,340.70365734946495
37,0,1.259016,0.218485,0.005012,0.40829307287070465,98.11100237614734,0.4553689755039574,0.291098,0.0848,0.024689,-0.332959,0.295,0.001,0.01,0.295041,0.0871,0.025684,-0.327939,63.8967997340297,0.001,0.00295,1.0,903.9548022598871
38,0,1.340871,0.239451,0.004157,0.33864211969743,97.9914086781876,0.3855668124984284,0.291755,0.0851,0.024858,-0.681577,0.282,0.001,0.01,0.28208,0.0796,0.022446,-0.662833,66.84239688488923,0.001,0.0028199999999999996,1.0,945.6264775413713
39,0,1.698204,0.330978,0.004461,0.3634069030479276,95.42306116724572,0.4592041241505833,0.291598,0.0851,0.024818,-1.19712,0.282,0.001,0.01,0.28208,0.0796,0.022446,-0.662833,66.84239688488923,0.001,0.0028199999999999996,1.0,945.6264775413713
40,0,1.955959,0.396999,,,,,,,,,,,,,,,,,,,,
41,0,1.883992,0.378565,,,,,,,,,,,,,,,,,,,,
42,0,1.867077,0.374232,0.004652,0.3789663557451153,95.02779596024702,0.44029066563628483,0.291108,0.0848,0.024696,-0.939271,0.282,0.001,0.01,0.28208,0.0796,0.022446,-0.662833,66.84239688488923,0.001,0.0028199999999999996,1.0,945.6264775413713
43,0,1.904731,0.383877,,,,,,,,,,,,,,,,,,,,
44,0,1.889135,0.379882,,,,,,,,,,,,,,,,,,,,
45,0,1.666482,0.322852,0.005913,0.4816913287878046,98.64485524690933,0.4548103795698668,0.291359,0.0849,0.024764,-0.480436,0.288,0.001,0.0336734693877551,0.288221,0.0831,0.023944,-0.474252,65.44984694978736,0.001,0.00969795918367347,1.0,274.9719416386083
46,0,1.318828,0.233805,0.002717,0.22133525119507272,95.25595261787507,0.29149642017519395,0.290445,0.0844,0.024526,-0.810849,0.282,0.001,0.01,0.28208,0.0796,0.022446,-0.662833,66.84239688488923,0.001,0.0028199999999999996,1.0,945.6264775413713
47,0,1.290405,0.226525,0.002572,0.20952310124171036,92.84971540895499,0.2555150549912979,0.292449,0.0856,0.025033,-0.855115,0.282,0.001,0.01,0.28208,0.0796,0.022446,-0.662833,66.84239688488923,0.001,0.0028199999999999996,1.0,945.6264775413713
48,0,1.268071,0.220804,0.003222,0.2624741182740244,96.29784804179673,0.2799613893522336,0.292365,0.0855,0.025018,-0.393538,0.284,0.001,0.0395918367346938,0.284272,0.0808,0.022973,-0.393613,66.37167578006606,0.001,0.011244081632653037,1.0,237.16180242969895
49,0,1.296145,0.227995,0.004942,0.40259065565184005,97.25011687917603,0.42100575227873915,0.290878,0.0846,0.024637,-0.022659,0.288,0.001375,0.0277551020408163,0.288107,0.083,0.023916,-0.024027,65.44984694978736,0.001375,0.007993469387755093,1.0,333.6056644880178
50,0,1.335255,0.238012,0.004209,0.34287820106001515,97.96124354427943,0.4089496013366658,0.292055,0.0853,0.024934,-0.622042,0.282,0.001,0.0218367346938775,0.282126,0.0796,0.022457,-0.619904,66.84239688488923,0.001,0.006157959183673454,1.0,433.0439009301617
51,0,1.505149,0.281529,0.004806,0.39151167362661743,95.60821930223295,0.47152325490309055,0.292646,0.0857,0.025086,-0.231732,0.29,0.001,0.0455102040816326,0.290344,0.0843,0.024477,-0.222346,64.99846869496125,0.001,0.013197959183673454,1.0,202.05144064738954
52,0,1.558974,0.295315,0.004518,0.36805029992614596,95.46395459978055,0.46159439274043823,0.291883,0.0852,0.024887,-0.797342,0.282,0.001,0.01,0.28208,0.0796,0.022446,-0.662833,66.84239688488923,0.001,0.0028199999999999996,1.0,945.6264775413713
53,0,1.551741,0.293463,0.007103,0.5786324215085026,98.58059406084053,0.6614795797316997,0.291537,0.085,0.024801,-0.161678,0.278,0.001,0.0277551020408163,0.278121,0.0774,0.021514,-0.168788,67.80415799114661,0.001,0.007715918367346932,1.0,345.60586824657946
54,0,1.565137,0.296894,0.006662,0.5427071930296558,97.05547853743917,0.6420090657972768,0.292669,0.0857,0.025089,0.113045,0.291,0.00925,0.1342857142857142,0.293292,0.0861,0.025315,0.113049,64.77510625958337,0.00925,0.03907714285714283,1.0,68.24108600814023
55,0,1.460928,0.270202,0.005486,0.4469065837527306,98.11658219460952,0.5130268155893609,0.291711,0.0851,0.024848,-0.298578,0.29,0.001,0.0159183673469387,0.290073,0.0841,0.024408,-0.280966,64.99846869496125,0.001,0.004616326530612222,1.0,577.6598880047184
56,0,1.446058,0.266393,0.004567,0.37204199197935117,96.79041816367611,0.4610971890457466,0.292451,0.0856,0.025034,0.072911,0.292,0.003625,0.0751020408163265,0.292775,0.0857,0.025108,0.072257,64.55327370389986,0.003625,0.021929795918367335,1.0,121.6001588246973
57,0,1.397546,0.253968,0.004033,0.32854069490972704,97.2907848314121,0.43710665151455574,0.291076,0.0847,0.024681,-0.775762,0.282,0.001,0.01,0.28208,0.0796,0.022446,-0.662833,66.84239688488923,0.001,0.0028199999999999996,1.0,945.6264775413713
58,0,1.328012,0.236157,0.003253,0.2649994744709501,94.69453401000615,0.382731669851581,0.291539,0.085,0.024795,-1.140479,0.282,0.001,0.01,0.28208,0.0796,0.022446,-0.662833,66.84239688488923,0.001,0.0028199999999999996,1.0,945.6264775413713
0,1,0.411501,0.001404,,,,,,,,,,,,,,,,,,,,
1,1,0.414221,0.002101,,,,,,,,,,,,,,,,,,,,
2,1,0.414129,0.002077,,,,,,,,,,,,,,,,,,,,
3,1,0.415638,0.002463,,,,,,,,,,,,,,,,,,,,
4,1,0.408278,0.000578,,,,,,,,,,,,,,,,,,,,
5,1,0.414305,0.002122,,,,,,,,,,,,,,,,,,,,
6,1,0.409989,0.001016,,,,,,,,,,,,,,,,,,,,
7,1,0.414834,0.002257,,,,,,,,,,,,,,,,,,,,
8,1,0.413928,0.002025,,,,,,,,,,,,,,,,,,,,
9,1,0.420441,0.003694,,,,,,,,,,,,,,,,,,,,
10,1,0.450249,0.011329,,,,,,,,,,,,,,,,,,,,
11,1,0.534465,0.0329,,,,,,,,,,,,,,,,,,,,
12,1,0.489492,0.02138,,,,,,,,,,,,,,,,,,,,
13,1,0.435047,0.007435,,,,,,,,,,,,,,,,,,,,
14,1,0.446334,0.010326,,,,,,,,,,,,,,,,,,,,
15,1,0.645364,0.061305,,,,,,,,,,,,,,,,,,,,
16,1,0.733341,0.083839,,,,,,,,,,,,,,,,,,,,
17,1,0.679574,0.070067,0.000559,0.045537874647790084,85.46630893566488,0.05134964775756956,0.290162,0.0842,0.024478,-0.111669,0.292,0.001,0.0159183673469387,0.292048,0.0853,0.02491,-0.099217,64.55327370389986,0.001,0.0046481632653061,1.0,573.7033134293436
18,1,1.018375,0.156847,,,,,,,,,,,,,,,,,,,,
19,1,1.594771,0.304485,0.001217,0.09914059650511722,85.13308179868757,0.16338159619717674,0.289893,0.0841,0.024397,-1.108283,0.282,0.001,0.01,0.28208,0.0796,0.022446,-0.662833,66.84239688488923,0.001,0.0028199999999999996,1.0,945.6264775413713
20,1,2.643829,0.573188,,,,,,,,,,,,,,,,,,,,
21,1,3.572692,0.811106,,,,,,,,,,,,,,,,,,,,
22,1,4.033294,0.929084,,,,,,,,,,,,,,,,,,,,
23,1,4.25711,0.986411,0.017758,1.0,93.78893200664376,2.3958101535106375,0.289349,0.0837,0.024242,-1.589245,0.282,0.001,0.01,0.28208,0.0796,0.022446,-0.662833,66.84239688488923,0.001,0.0028199999999999996,1.0,945.6264775413713
24,1,4.642743,1.0,0.020325,1.0,98.32138365833205,2.6384875909269168,0.290067,0.0842,0.024419,-0.69774,0.282,0.001,0.01,0.28208,0.0796,0.022446,-0.662833,66.84239688488923,0.001,0.0028199999999999996,1.0,945.6264775413713
25,1,4.79793,1.0,,,,,,,,,,,,,,,,,,,,
26,1,4.527698,1.0,,,,,,,,,,,,,,,,,,,,
27,1,3.983326,0.916285,,,,,,,,,,,,,,,,,,,,
28,1,3.665712,0.834932,0.010824,0.8817566282427189,96.65608382912254,1.289060612021589,0.290041,0.0841,0.024416,-0.877164,0.282,0.001,0.01,0.28208,0.0796,0.022446,-0.662833,66.84239688488923,0.001,0.0028199999999999996,1.0,945.6264775413713
29,1,3.478024,0.786858,,,,,,,,,,,,,,,,,,,,
30,1,3.245986,0.727424,,,,,,,,,,,,,,,,,,,,
31,1,2.624768,0.568306,0.006066,0.49415518356618005,96.62988670148196,0.7182571831070632,0.290872,0.0846,0.024627,-0.908875,0.282,0.001,0.01,0.28208,0.0796,0.022446,-0.662833,66.84239688488923,0.001,0.0028199999999999996,1.0,945.6264775413713
32,1,1.960968,0.398282,,,,,,,,,,,,,,,,,,,,
33,1,1.583067,0.301487,,,,,,,,,,,,,,,,,,,,
34,1,1.540721,0.29064,,,,,,,,,,,,,,,,,,,,
35,1,1.400899,0.254826,0.004882,0.3977028694642418,97.42243444390051,0.3519334219036063,0.292112,0.0854,0.024957,-0.407028,0.288,0.001,0.0395918367346938,0.28828,0.0831,0.023959,-0.404771,65.44984694978736,0.001,0.011402448979591813,1.0,233.86788850706424
36,1,1.350715,0.241972,0.003182,0.2592155941489589,93.41148114766904,0.34927637278303014,0.29219,0.0854,0.024967,-0.814931,0.282,0.001,0.01,0.28208,0.0796,0.022446,-0.662833,66.84239688488923,0.001,0.0028199999999999996,1.0,945.6264775413713
37,1,1.214124,0.206986,0.005162,0.4205125383397002,97.64528270643929,0.4666782485912344,0.291574,0.085,0.024814,-0.353326,0.29,0.001,0.0277551020408163,0.290156,0.0842,0.024429,-0.353149,64.99846869496125,0.001,0.008048979591836727,1.0,331.3049357674107
38,1,1.312703,0.232236,0.003267,0.26613995791472306,95.08045736176294,0.25388152632484107,0.291701,0.0851,0.024854,-0.338595,0.297,0.001,0.0277551020408163,0.297144,0.0883,0.026237,-0.332355,63.466518254339256,0.001,0.00824326530612244,1.0,323.49640192777485
39,1,1.704476,0.332584,0.005867,0.47794402604397923,96.34586377967906,0.541376503839647,0.292069,0.0853,0.024941,-0.194086,0.292,0.001,0.0277551020408163,0.292136,0.0853,0.024933,-0.190204,64.55327370389986,0.001,0.008104489795918358,1.0,329.0357238785929
40,1,1.934392,0.391474,0.004424,0.3603927682322421,90.27792604072752,0.5489305582889554,0.291338,0.0849,0.024748,-1.474204,0.282,0.001,0.01,0.28208,0.0796,0.022446,-0.662833,66.84239688488923,0.001,0.0028199999999999996,1.0,945.6264775413713
41,1,1.813032,0.360389,,,,,,,,,,,,,,,,,,,,
42,1,1.900614,0.382823,,,,,,,,,,,,,,,,,,,,
43,1,1.933701,0.391297,,,,,,,,,,,,,,,,,,,,
44,1,1.864078,0.373464,,,,,,,,,,,,,,,,,,,,
45,1,1.575223,0.299477,0.0032,0.2606819300052384,96.1352970409569,0.3198400729321651,0.2914,0.0849,0.024772,-0.508385,0.297,0.001,0.0159183673469387,0.297081,0.0883,0.02622,-0.503788,63.466518254339256,0.001,0.0047277551020407935,1.0,564.0450084894557
46,1,1.270436,0.22141,0.002115,0.17229446311283725,94.95160667824175,0.21909363895144018,0.291883,0.0852,0.024889,-0.730549,0.282,0.001,0.01,0.28208,0.0796,0.022446,-0.662833,66.84239688488923,0.001,0.0028199999999999996,1.0,945.6264775413713
47,1,1.244611,0.214795,0.002005,0.16333352176890717,91.80513704021115,0.21512238373278914,0.2923,0.0855,0.025,-1.140096,0.282,0.001,0.01,0.28208,0.0796,0.022446,-0.662833,66.84239688488923,0.001,0.0028199999999999996,1.0,945.6264775413713
48,1,1.267029,0.220537,0.005016,0.40861892528321114,97.9022175815683,0.38442337911532887,0.29166,0.0851,0.02484,-0.191816,0.292,0.001,0.0277551020408163,0.292136,0.0853,0.024933,-0.190204,64.55327370389986,0.001,0.008104489795918358,1.0,329.0357238785929
49,1,1.258202,0.218276,0.001843,0.150136499062392,94.64263258171731,0.20243255015647188,0.292017,0.0853,0.024929,-1.015574,0.282,0.001,0.01,0.28208,0.0796,0.022446,-0.662833,66.84239688488923,0.001,0.0028199999999999996,1.0,945.6264775413713
50,1,1.316408,0.233185,0.004184,0.3408416234818492,97.17245181955322,0.375330184365522,0.292238,0.0854,0.024982,-0.575694,0.286,0.001,0.0159183673469387,0.286103,0.0819,0.02342,-0.576313,65.90753818719845,0.001,0.004552653061224468,1.0,585.7390472775116
51,1,1.452808,0.268122,0.005289,0.4308583524367831,98.20606573235372,0.5212805147740307,0.292468,0.0856,0.025037,-0.357951,0.29,0.001,0.0336734693877551,0.290211,0.0842,0.024443,-0.362406,64.99846869496125,0.001,0.00976530612244898,1.0,273.075583420411
52,1,1.538147,0.289981,0.00454,0.36984248819493193,97.22644681247161,0.4656795247516927,0.292221,0.0854,0.024974,-0.666592,0.301,0.001,0.01,0.301086,0.0907,0.027295,-0.660584,62.62310937388292,0.001,0.00301,1.0,885.9357696566999
53,1,1.558373,0.295162,0.005783,0.47110112538134175,96.83086139449048,0.5954459796576308,0.292708,0.0857,0.025096,-0.036252,0.286,0.001,0.0514285714285714,0.286422,0.082,0.023498,-0.037384,65.90753818719845,0.001,0.01470857142857142,1.0,181.3001813001814
54,1,1.490973,0.277898,0.005996,0.4884527663473154,98.02635774708232,0.539217103925584,0.292911,0.0858,0.025157,-0.236301,0.29,0.001,0.0455102040816326,0.290344,0.0843,0.024477,-0.222346,64.99846869496125,0.001,0.013197959183673454,1.0,202.05144064738954
55,1,1.447896,0.266864,0.006147,0.5007536949194376,98.17110934364293,0.5426244558002215,0.292407,0.0855,0.025027,-0.09922,0.292,0.001,0.0159183673469387,0.292048,0.0853,0.02491,-0.099217,64.55327370389986,0.001,0.0046481632653061,1.0,573.7033134293436
56,1,1.405436,0.255989,0.004387,0.3573786334165565,95.75991379405647,0.4361298168891127,0.292767,0.0857,0.025115,-0.173606,0.297,0.001,0.0336734693877551,0.29719,0.0883,0.026249,-0.188576,63.466518254339256,0.001,0.010001020408163265,1.0,266.63945855865046
57,1,1.42703,0.26152,0.003807,0.31013003360310704,96.03683307992232,0.3894620386659242,0.292172,0.0854,0.02496,-0.485016,0.288,0.001,0.0277551020408163,0.28817,0.083,0.023931,-0.490155,65.44984694978736,0.001,0.007993469387755093,1.0,333.6056644880178
58,1,1.384376,0.250594,0.003762,0.30646419396240837,96.94567791031717,0.3967493284239758,0.290774,0.0846,0.024605,-0.784429,0.282,0.001,0.01,0.28208,0.0796,0.022446,-0.662833,66.84239688488923,0.001,0.0028199999999999996,1.0,945.6264775413713
0,2,0.41316,0.001829,,,,,,,,,,,,,,,,,,,,
1,2,0.410485,0.001144,,,,,,,,,,,,,,,,,,,,
2,2,0.412808,0.001739,,,,,,,,,,,,,,,,,,,,
3,2,0.413581,0.001936,,,,,,,,,,,,,,,,,,,,
4,2,0.42697,0.005366,,,,,,,,,,,,,,,,,,,,
5,2,0.426322,0.0052,,,,,,,,,,,,,,,,,,,,
6,2,0.414467,0.002164,,,,,,,,,,,,,,,,,,,,
7,2,0.418809,0.003276,,,,,,,,,,,,,,,,,,,,
8,2,0.416981,0.002807,,,,,,,,,,,,,,,,,,,,
9,2,0.42924,0.005947,,,,,,,,,,,,,,,,,,,,
10,2,0.476384,0.018023,,,,,,,,,,,,,,,,,,,,
11,2,0.539113,0.03409,,,,,,,,,,,,,,,,,,,,
12,2,0.518292,0.028757,,,,,,,,,,,,,,,,,,,,
13,2,0.452121,0.011808,,,,,,,,,,,,,,,,,,,,
14,2,0.447831,0.010709,,,,,,,,,,,,,,,,,,,,
15,2,0.60993,0.052229,,,,,,,,,,,,,,,,,,,,
16,2,0.743217,0.086369,,,,,,,,,,,,,,,,,,,,
17,2,0.844852,0.112402,,,,,,,,,,,,,,,,,,,,
18,2,1.252733,0.216876,,,,,,,,,,,,,,,,,,,,
19,2,1.848456,0.369463,,,,,,,,,,,,,,,,,,,,
20,2,2.851593,0.626405,,,,,,,,,,,,,,,,,,,,
21,2,3.77168,0.862074,,,,,,,,,,,,,,,,,,,,
22,2,4.150789,0.959178,,,,,,,,,,,,,,,,,,,,
23,2,4.319105,1.0,0.019055,1.0,98.01947982614189,2.3618431164379317,0.290379,0.0843,0.024499,-0.601514,0.284,0.001,0.0277551020408163,0.284173,0.0808,0.022949,-0.611751,66.37167578006606,0.001,0.007882448979591828,1.0,338.30433581883494
24,2,4.595648,1.0,0.012105,0.9861108633479408,80.6217336800335,2.3222253780266904,0.290052,0.0841,0.024408,0.018871,0.289,0.008125,0.0928571428571428,0.29001,0.0842,0.024451,0.019348,65.22337689113758,0.008125,0.02683571428571427,1.0,99.37006476798871
25,2,4.701877,1.0,,,,,,,,,,,,,,,,,,,,
26,2,4.417172,1.0,,,,,,,,,,,,,,,,,,,,
27,2,3.987713,0.917408,,,,,,,,,,,,,,,,,,,,
28,2,3.658516,0.833088,,,,,,,,,,,,,,,,,,,,
29,2,3.353716,0.755018,0.007613,0.6201786041030874,96.87075641662324,0.9533489590637134,0.290573,0.0845,0.024551,-1.122535,0.282,0.001,0.01,0.28208,0.0796,0.022446,-0.662833,66.84239688488923,0.001,0.0028199999999999996,1.0,945.6264775413713
30,2,3.10745,0.691939,0.007271,0.5923182228337776,93.49247384815102,0.88730095296226,0.291461,0.085,0.024776,-1.181785,0.282,0.001,0.01,0.28208,0.0796,0.022446,-0.662833,66.84239688488923,0.001,0.0028199999999999996,1.0,945.6264775413713
31,2,2.419543,0.51574,,,,,,,,,,,,,,,,,,,,
32,2,1.796615,0.356184,,,,,,,,,,,,,,,,,,,,
33,2,1.427516,0.261644,0.002215,0.18044077342550094,95.20479631177015,0.2394179246914372,0.290548,0.0845,0.024555,-1.301556,0.282,0.001,0.01,0.28208,0.0796,0.022446,-0.662833,66.84239688488923,0.001,0.0028199999999999996,1.0,945.6264775413713
34,2,1.539344,0.290287,0.003728,0.3036944484561027,96.65594996812095,0.3724756038787005,0.291856,0.0852,0.024884,-0.765002,0.282,0.001,0.01,0.28208,0.0796,0.022446,-0.662833,66.84239688488923,0.001,0.0028199999999999996,1.0,945.6264775413713
35,2,1.278281,0.223419,0.002815,0.22931863530148314,95.99949206945796,0.25661672710753947,0.292677,0.0857,0.025093,-0.325593,0.29,0.001,0.0395918367346938,0.290273,0.0843,0.024459,-0.32442,64.99846869496125,0.001,0.011481632653061201,1.0,232.25500651736036
36,2,1.241152,0.213909,0.002158,0.17579737654728267,87.4385770309328,0.26899047542868093,0.292016,0.0853,0.024917,-1.11273,0.282,0.001,0.01,0.28208,0.0796,0.022446,-0.662833,66.84239688488923,0.001,0.0028199999999999996,1.0,945.6264775413713
37,2,1.224023,0.209522,0.003447,0.2808033164775177,95.59002129818353,0.34669209052281946,0.291447,0.085,0.024776,-0.993952,0.282,0.001,0.01,0.28208,0.0796,0.022446,-0.662833,66.84239688488923,0.001,0.0028199999999999996,1.0,945.6264775413713
38,2,1.323249,0.234937,0.003282,0.26736190446162267,96.72996670666281,0.32130044500175914,0.291337,0.0849,0.024756,-0.339921,0.297,0.001,0.0277551020408163,0.297144,0.0883,0.026237,-0.332355,63.466518254339256,0.001,0.00824326530612244,1.0,323.49640192777485
39,2,1.682019,0.326832,,,,,,,,,,,,,,,,,,,,
40,2,1.796114,0.356056,0.004065,0.3311475142097794,90.3714230753022,0.5115098072995208,0.291156,0.0848,0.0247,-1.497916,0.282,0.001,0.01,0.28208,0.0796,0.022446,-0.662833,66.84239688488923,0.001,0.0028199999999999996,1.0,945.6264775413713
41,2,1.669832,0.32371,,,,,,,,,,,,,,,,,,,,
42,2,1.790794,0.354694,,,,,,,,,,,,,,,,,,,,
43,2,1.809343,0.359444,,,,,,,,,,,,,,,,,,,,
44,2,1.778223,0.351474,0.005305,0.43216176208680923,96.24654378288741,0.3923414967318444,0.291069,0.0848,0.024692,-0.407199,0.288,0.001,0.0395918367346938,0.28828,0.0831,0.023959,-0.404771,65.44984694978736,0.001,0.011402448979591813,1.0,233.86788850706424
45,2,1.505692,0.281668,0.003427,0.279174054414985,95.59239013999449,0.3228690660871876,0.291993,0.0853,0.02492,-0.772079,0.282,0.001,0.01,0.28208,0.0796,0.022446,-0.662833,66.84239688488923,0.001,0.0028199999999999996,1.0,945.6264775413713
46,2,1.236923,0.212826,0.003835,0.3124110004906529,97.41903951290176,0.3362941379506732,0.292427,0.0855,0.025032,-0.280344,0.29,0.001,0.0159183673469387,0.290073,0.0841,0.024408,-0.280966,64.99846869496125,0.001,0.004616326530612222,1.0,577.6598880047184
47,2,1.166081,0.19468,0.002354,0.1917641447601035,93.85835745213906,0.2175109466107673,0.290577,0.0845,0.024561,-0.689739,0.282,0.001,0.01,0.28208,0.0796,0.022446,-0.662833,66.84239688488923,0.001,0.0028199999999999996,1.0,945.6264775413713
48,2,1.189409,0.200656,0.002422,0.1973036357727148,95.22803347722576,0.2490569532245378,0.292003,0.0853,0.02492,-1.258832,0.282,0.001,0.01,0.28208,0.0796,0.022446,-0.662833,66.84239688488923,0.001,0.0028199999999999996,1.0,945.6264775413713
49,2,1.156463,0.192217,0.00183,0.1490774787217457,89.68975035439318,0.1967452669942903,0.293819,0.0864,0.025387,-0.437321,0.297,0.001,0.0218367346938775,0.297108,0.0883,0.026228,-0.437238,63.466518254339256,0.001,0.006485510204081618,1.0,411.1729968427797
50,2,1.155395,0.191944,0.003788,0.30858223464370094,97.11008468927362,0.2989422919243404,0.291891,0.0852,0.024901,-0.408811,0.288,0.001,0.0395918367346938,0.28828,0.0831,0.023959,-0.404771,65.44984694978736,0.001,0.011402448979591813,1.0,233.86788850706424
51,2,1.309543,0.231427,0.003897,0.31746171288450437,97.6402931880571,0.3661527191668549,0.292409,0.0855,0.025028,-0.607547,0.284,0.001,0.0277551020408163,0.284173,0.0808,0.022949,-0.611751,66.37167578006606,0.001,0.007882448979591828,1.0,338.30433581883494
52,2,1.443999,0.265866,0.00504,0.41057403975825046,97.84856948374028,0.4963270443859993,0.292482,0.0856,0.02504,-0.310253,0.29,0.001,0.0218367346938775,0.29011,0.0842,0.024418,-0.319376,64.99846869496125,0.001,0.006332653061224475,1.0,421.09786228381233
53,2,1.576529,0.299812,0.005249,0.4275998283117176,97.74205845587568,0.5581899137247444,0.291773,0.0852,0.024861,-0.613345,0.284,0.001,0.0277551020408163,0.284173,0.0808,0.022949,-0.611751,66.37167578006606,0.001,0.007882448979591828,1.0,338.30433581883494
54,2,1.616623,0.310082,,,,,,,,,,,,,,,,,,,,
55,2,1.507374,0.282099,0.005195,0.4232008207428792,97.38350343150921,0.5186998762666524,0.292716,0.0857,0.025102,-0.35075,0.29,0.001,0.0277551020408163,0.290156,0.0842,0.024429,-0.353149,64.99846869496125,0.001,0.008048979591836727,1.0,331.3049357674107
56,2,1.374466,0.248056,0.005018,0.40878185148946444,97.59091040820648,0.48626658083390817,0.291862,0.0852,0.024883,-0.37249,0.29,0.001,0.0336734693877551,0.290211,0.0842,0.024443,-0.362406,64.99846869496125,0.001,0.00976530612244898,1.0,273.075583420411
57,2,1.442787,0.265555,0.005302,0.43191737277742936,97.62029134498592,0.4454546284253862,0.293164,0.086,0.025219,-0.355525,0.29,0.001,0.0277551020408163,0.290156,0.0842,0.024429,-0.353149,64.99846869496125,0.001,0.008048979591836727,1.0,331.3049357674107
58,2,1.503782,0.281179,0.006049,0.4927703108130272,97.66548590841157,0.5142859605341161,0.292349,0.0855,0.025012,-0.362231,0.29,0.001,0.0336734693877551,0.290211,0.0842,0.024443,-0.362406,64.99846869496125,0.001,0.00976530612244898,1.0,273.075583420411
0,3,0.414919,0.002279,,,,,,,,,,,,,,,,,,,,
1,3,0.416278,0.002627,,,,,,,,,,,,,,,,,,,,
2,3,0.418144,0.003105,,,,,,,,,,,,,,,,,,,,
3,3,0.424542,0.004744,,,,,,,,,,,,,,,,,,,,
4,3,0.418423,0.003177,,,,,,,,,,,,,,,,,,,,
5,3,0.418473,0.00319,,,,,,,,,,,,,,,,,,,,
6,3,0.420781,0.003781,,,,,,,,,,,,,,,,,,,,
7,3,0.424175,0.00465,,,,,,,,,,,,,,,,,,,,
8,3,0.430002,0.006142,,,,,,,,,,,,,,,,,,,,
9,3,0.42812,0.00566,,,,,,,,,,,,,,,,,,,,
10,3,0.478828,0.018649,,,,,,,,,,,,,,,,,,,,
11,3,0.546846,0.036071,,,,,,,,,,,,,,,,,,,,
12,3,0.538839,0.03402,,,,,,,,,,,,,,,,,,,,
13,3,0.476986,0.018177,,,,,,,,,,,,,,,,,,,,
14,3,0.467903,0.01585,,,,,,,,,,,,,,,,,,,,
15,3,0.593159,0.047933,,,,,,,,,,,,,,,,,,,,
16,3,0.738751,0.085225,0.001021,0.08317382829229637,94.93325444920468,0.08700769651598339,0.289562,0.0839,0.024308,-0.2842,0.29,0.001,0.0159183673469387,0.290073,0.0841,0.024408,-0.280966,64.99846869496125,0.001,0.004616326530612222,1.0,577.6598880047184
17,3,1.015125,0.156015,,,,,,,,,,,,,,,,,,,,
18,3,1.46055,0.270105,,,,,,,,,,,,,,,,,,,,
19,3,2.139706,0.444063,,,,,,,,,,,,,,,,,,,,
20,3,3.119365,0.694991,,,,,,,,,,,,,,,,,,,,
21,3,3.852859,0.882867,,,,,,,,,,,,,,,,,,,,
22,3,4.297379,0.996726,0.020846,1.0,98.17881158409467,2.6165346507189358,0.290103,0.0842,0.024428,-0.727529,0.282,0.001,0.01,0.28208,0.0796,0.022446,-0.662833,66.84239688488923,0.001,0.0028199999999999996,1.0,945.6264775413713
23,3,4.388559,1.0,,,,,,,,,,,,,,,,,,,,
24,3,4.575706,1.0,0.021045,1.0,97.20980621305088,2.688715743600911,0.28975,0.084,0.024339,-1.117422,0.282,0.001,0.01,0.28208,0.0796,0.022446,-0.662833,66.84239688488923,0.001,0.0028199999999999996,1.0,945.6264775413713
25,3,4.710213,1.0,,,,,,,,,,,,,,,,,,,,
26,3,4.385842,1.0,0.017701,1.0,95.65429882547811,2.0303820729737443,0.289617,0.0839,0.024313,-0.906054,0.282,0.001,0.01,0.28208,0.0796,0.022446,-0.662833,66.84239688488923,0.001,0.0028199999999999996,1.0,945.6264775413713
27,3,4.063135,0.936727,0.01107,0.9017965516118716,97.04918146846558,1.3509422073817765,0.289817,0.084,0.024358,-0.908534,0.282,0.001,0.01,0.28208,0.0796,0.022446,-0.662833,66.84239688488923,0.001,0.0028199999999999996,1.0,945.6264775413713
28,3,3.7074,0.84561,,,,,,,,,,,,,,,,,,,,
29,3,3.241583,0.726296,,,,,,,,,,,,,,,,,,,,
30,3,2.983454,0.660179,0.007632,0.6217264030624936,94.66679833339542,0.9163982870834406,0.290014,0.0841,0.02441,-1.291117,0.282,0.001,0.01,0.28208,0.0796,0.022446,-0.662833,66.84239688488923,0.001,0.0028199999999999996,1.0,945.6264775413713
31,3,2.307601,0.487067,,,,,,,,,,,,,,,,,,,,
32,3,1.784602,0.353108,0.004336,0.353224015157098,97.32625154453845,0.427339142064149,0.291391,0.0849,0.024764,-0.976356,0.282,0.001,0.01,0.28208,0.0796,0.022446,-0.662833,66.84239688488923,0.001,0.0028199999999999996,1.0,945.6264775413713
33,3,1.421375,0.260071,0.004239,0.3453220941538142,97.19640626775852,0.342986092110277,0.293022,0.0859,0.02519,-0.618703,0.284,0.001,0.0277551020408163,0.284173,0.0808,0.022949,-0.611751,66.37167578006606,0.001,0.007882448979591828,1.0,338.30433581883494
34,3,1.53561,0.289331,0.004655,0.37921074505449526,96.5690046680734,0.4376790756073283,0.29132,0.0849,0.02475,-0.497512,0.288,0.001,0.0277551020408163,0.28817,0.083,0.023931,-0.490155,65.44984694978736,0.001,0.007993469387755093,1.0,333.6056644880178
35,3,1.317228,0.233395,0.003813,0.3106188122218669,98.2609626175335,0.35165244621839253,0.291358,0.0849,0.024758,-0.460963,0.288,0.001,0.0218367346938775,0.288127,0.083,0.02392,-0.47349,65.44984694978736,0.001,0.0062889795918367195,1.0,424.02215299411665
36,3,1.248436,0.215775,0.004344,0.3538757199821111,96.92959615606877,0.3404614936234489,0.290581,0.0845,0.024564,-0.305364,0.29,0.001,0.0218367346938775,0.29011,0.0842,0.024418,-0.319376,64.99846869496125,0.001,0.006332653061224475,1.0,421.09786228381233
37,3,1.279518,0.223736,0.004764,0.38809022329529863,97.67085325320939,0.39492886833164653,0.291191,0.0848,0.02472,-0.239244,0.29,0.001,0.01,0.290047,0.0841,0.024402,-0.250628,64.99846869496125,0.001,0.0029,1.0,919.5402298850574
38,3,1.627096,0.312764,,,,,,,,,,,,,,,,,,,,
39,3,1.861642,0.37284,0.005333,0.4344427289743551,95.0220524555697,0.4909953942097012,0.291014,0.0847,0.024672,-1.049088,0.282,0.001,0.01,0.28208,0.0796,0.022446,-0.662833,66.84239688488923,0.001,0.0028199999999999996,1.0,945.6264775413713
40,3,1.879939,0.377527,0.004571,0.37236784439185777,91.34798743982785,0.5200510210205858,0.291145,0.0848,0.024701,-1.413429,0.282,0.001,0.01,0.28208,0.0796,0.022446,-0.662833,66.84239688488923,0.001,0.0028199999999999996,1.0,945.6264775413713
41,3,1.796323,0.35611,,,,,,,,,,,,,,,,,,,,
42,3,1.876481,0.376641,,,,,,,,,,,,,,,,,,,,
43,3,1.901352,0.383012,0.002868,0.2336361797671949,85.62181298420374,0.40634791217796273,0.290491,0.0844,0.024537,-1.405035,0.282,0.001,0.01,0.28208,0.0796,0.022446,-0.662833,66.84239688488923,0.001,0.0028199999999999996,1.0,945.6264775413713
44,3,1.865942,0.373942,,,,,,,,,,,,,,,,,,,,
45,3,1.617489,0.310303,0.003654,0.2976661788247316,93.31750557026707,0.40532641447128426,0.292104,0.0853,0.024944,-0.597375,0.299,0.001,0.0218367346938775,0.299127,0.0895,0.026766,-0.591508,63.04199304862462,0.001,0.006529183673469372,1.0,408.4226757936641
46,3,1.346801,0.24097,0.002951,0.24039761732670578,95.80314855283116,0.32837378420316043,0.291144,0.0848,0.024698,-0.828375,0.282,0.001,0.01,0.28208,0.0796,0.022446,-0.662833,66.84239688488923,0.001,0.0028199999999999996,1.0,945.6264775413713
47,3,1.233259,0.211887,0.003182,0.2592155941489589,95.15910341333301,0.33856899355196035,0.292744,0.0857,0.02511,-0.5149,0.299,0.001,0.0277551020408163,0.299164,0.0895,0.026776,-0.510638,63.04199304862462,0.001,0.008298775510204073,1.0,321.3325463964853
48,3,1.230489,0.211178,0.00343,0.2794184437243649,97.25104307011381,0.3263310027470375,0.291891,0.0852,0.02489,-0.795572,0.282,0.001,0.01,0.28208,0.0796,0.022446,-0.662833,66.84239688488923,0.001,0.0028199999999999996,1.0,945.6264775413713
49,3,1.255244,0.217519,,,,,,,,,,,,,,,,,,,,
50,3,1.222559,0.209147,0.003696,0.30108762915605036,96.72290738335504,0.33479451842901053,0.292619,0.0857,0.02508,-0.572453,0.286,0.001,0.0159183673469387,0.286103,0.0819,0.02342,-0.576313,65.90753818719845,0.001,0.004552653061224468,1.0,585.7390472775116
51,3,1.290813,0.226629,0.003347,0.27265700616485405,93.36180606981192,0.3627071320459945,0.293426,0.0861,0.025287,-0.938791,0.282,0.001,0.01,0.28208,0.0796,0.022446,-0.662833,66.84239688488923,0.001,0.0028199999999999996,1.0,945.6264775413713
52,3,1.472932,0.273277,0.005914,0.4817727918909312,98.21885629012363,0.5134578939373462,0.291565,0.085,0.024813,-0.307008,0.29,0.001,0.0218367346938775,0.29011,0.0842,0.024418,-0.319376,64.99846869496125,0.001,0.006332653061224475,1.0,421.09786228381233
53,3,1.628165,0.313038,0.006227,0.5072707431695685,98.10655424777147,0.6453843093730467,0.29226,0.0854,0.024985,-0.460357,0.288,0.001,0.0218367346938775,0.288127,0.083,0.02392,-0.47349,65.44984694978736,0.001,0.0062889795918367195,1.0,424.02215299411665
54,3,1.604289,0.306922,,,,,,,,,,,,,,,,,,,,
55,3,1.546536,0.29213,0.006022,0.49057080702860795,97.8651530696524,0.5241492540539132,0.292028,0.0853,0.02493,-0.287012,0.29,0.001,0.0159183673469387,0.290073,0.0841,0.024408,-0.280966,64.99846869496125,0.001,0.004616326530612222,1.0,577.6598880047184
56,3,1.386638,0.251174,0.003656,0.29782910503098486,96.6153130471227,0.39322484710999395,0.2917,0.0851,0.024843,-0.577555,0.286,0.001,0.0159183673469387,0.286103,0.0819,0.02342,-0.576313,65.90753818719845,0.001,0.004552653061224468,1.0,585.7390472775116
57,3,1.380075,0.249493,0.005201,0.423689599361639,97.61953017883118,0.41467505200354005,0.292024,0.0853,0.024931,-0.393932,0.284,0.001,0.0395918367346938,0.284272,0.0808,0.022973,-0.393613,66.37167578006606,0.001,0.011244081632653037,1.0,237.16180242969895
58,3,1.462911,0.27071,0.00447,0.3641400709760674,97.13485386245854,0.4391804217921088,0.29251,0.0856,0.025046,0.060496,0.291,0.009625,0.1224489795918367,0.292839,0.0859,0.025201,0.059769,64.77510625958337,0.009625,0.03563265306122448,1.0,74.83772432226043
0,4,0.414065,0.00206,,,,,,,,,,,,,,,,,,,,
1,4,0.414761,0.002239,,,,,,,,,,,,,,,,,,,,
2,4,0.421421,0.003945,,,,,,,,,,,,,,,,,,,,
3,4,0.435737,0.007612,,,,,,,,,,,,,,,,,,,,
4,4,0.434294,0.007242,,,,,,,,,,,,,,,,,,,,
5,4,0.424304,0.004683,,,,,,,,,,,,,,,,,,,,
6,4,0.425007,0.004863,,,,,,,,,,,,,,,,,,,,
7,4,0.427279,0.005445,,,,,,,,,,,,,,,,,,,,
8,4,0.430362,0.006235,,,,,,,,,,,,,,,,,,,,
9,4,0.439499,0.008575,,,,,,,,,,,,,,,,,,,,
10,4,0.478785,0.018638,,,,,,,,,,,,,,,,,,,,
11,4,0.549049,0.036635,,,,,,,,,,,,,,,,,,,,
12,4,0.544795,0.035545,,,,,,,,,,,,,,,,,,,,
13,4,0.506115,0.025638,,,,,,,,,,,,,,,,,,,,
14,4,0.489103,0.021281,,,,,,,,,,,,,,,,,,,,
15,4,0.587816,0.046565,,,,,,,,,,,,,,,,,,,,
16,4,0.768365,0.09281,,,,,,,,,,,,,,,,,,,,
17,4,1.246817,0.21536,,,,,,,,,,,,,,,,,,,,
18,4,1.810853,0.359831,,,,,,,,,,,,,,,,,,,,
19,4,2.592549,0.560054,,,,,,,,,,,,,,,,,,,,
20,4,3.416775,0.771169,,,,,,,,,,,,,,,,,,,,
21,4,3.983509,0.916332,,,,,,,,,,,,,,,,,,,,
22,4,4.506997,1.0,0.018784,1.0,98.13921632648382,2.4478204703493116,0.289699,0.0839,0.024326,-0.881688,0.282,0.001,0.01,0.28208,0.0796,0.022446,-0.662833,66.84239688488923,0.001,0.0028199999999999996,1.0,945.6264775413713
23,4,4.564927,1.0,0.021474,1.0,98.55595455559347,2.660782974143923,0.29001,0.0841,0.024405,-0.668008,0.282,0.001,0.01,0.28208,0.0796,0.022446,-0.662833,66.84239688488923,0.001,0.0028199999999999996,1.0,945.6264775413713
24,4,4.439858,1.0,,,,,,,,,,,,,,,,,,,,
25,4,4.572561,1.0,0.017569,1.0,97.96915865767758,2.157838433807016,0.290062,0.0842,0.024419,-0.30724,0.29,0.001,0.0218367346938775,0.29011,0.0842,0.024418,-0.319376,64.99846869496125,0.001,0.006332653061224475,1.0,421.09786228381233
26,4,4.281614,0.992688,,,,,,,,,,,,,,,,,,,,
27,4,4.0334,0.929111,,,,,,,,,,,,,,,,,,,,
28,4,3.693191,0.84197,,,,,,,,,,,,,,,,,,,,
29,4,3.152157,0.703391,0.007447,0.6066557289840657,82.51352335966344,0.9762506481618147,0.288138,0.0831,0.02395,-1.01624,0.282,0.001,0.01,0.28208,0.0796,0.022446,-0.662833,66.84239688488923,0.001,0.0028199999999999996,1.0,945.6264775413713
30,4,2.594246,0.560488,,,,,,,,,,,,,,,,,,,,
31,4,2.0183,0.412966,,,,,,,,,,,,,,,,,,,,
32,4,1.681317,0.326652,,,,,,,,,,,,,,,,,,,,
33,4,1.443816,0.265819,0.00293,0.23868689216104638,95.26003534714881,0.28432767189550634,0.291392,0.0849,0.024769,-0.198927,0.295,0.001,0.0218367346938775,0.295085,0.0871,0.025695,-0.195593,63.8967997340297,0.001,0.0064418367346938624,1.0,413.9606103806969
34,4,1.649567,0.31852,,,,,,,,,,,,,,,,,,,,
35,4,1.586943,0.302479,,,,,,,,,,,,,,,,,,,,
36,4,1.277972,0.22334,0.003678,0.2996212932997709,96.57024621793406,0.33839783062301354,0.29155,0.085,0.024807,-0.384511,0.299,0.001,0.0336734693877551,0.29921,0.0895,0.026788,-0.380372,63.04199304862462,0.001,0.010068367346938776,1.0,264.85591702983004
37,4,1.323675,0.235047,0.003325,0.270864817896068,93.20056056508898,0.4120770390284749,0.291267,0.0849,0.024726,-1.107297,0.282,0.001,0.01,0.28208,0.0796,0.022446,-0.662833,66.84239688488923,0.001,0.0028199999999999996,1.0,945.6264775413713
38,4,1.680614,0.326472,0.004868,0.3965623860204689,96.83506967668497,0.5306236948453171,0.291651,0.0851,0.024827,-0.90583,0.282,0.001,0.01,0.28208,0.0796,0.022446,-0.662833,66.84239688488923,0.001,0.0028199999999999996,1.0,945.6264775413713
39,4,1.849714,0.369785,,,,,,,,,,,,,,,,,,,,
40,4,1.89431,0.381208,,,,,,,,,,,,,,,,,,,,
41,4,1.790925,0.354727,,,,,,,,,,,,,,,,,,,,
42,4,1.824355,0.36329,,,,,,,,,,,,,,,,,,,,
43,4,1.867008,0.374215,,,,,,,,,,,,,,,,,,,,
44,4,1.802321,0.357646,,,,,,,,,,,,,,,,,,,,
45,4,1.589928,0.303244,0.003987,0.3247933921659017,96.82781612308176,0.3702253945255216,0.292205,0.0854,0.024973,-1.030637,0.282,0.001,0.01,0.28208,0.0796,0.022446,-0.662833,66.84239688488923,0.001,0.0028199999999999996,1.0,945.6264775413713
46,4,1.298727,0.228656,0.003913,0.31876512253453054,96.59509943359215,0.3041539270201866,0.291915,0.0852,0.024905,-0.558009,0.286,0.001,0.01,0.286081,0.0818,0.023414,-0.559748,65.90753818719845,0.001,0.0028599999999999997,1.0,932.4009324009326
47,4,1.169605,0.195583,0.002953,0.24056054353295905,95.96211662107058,0.2837984978121899,0.292708,0.0857,0.025104,-0.64721,0.299,0.001,0.01,0.299078,0.0894,0.026753,-0.651126,63.04199304862462,0.001,0.00299,1.0,891.8617614269788
48,4,1.185646,0.199692,0.003504,0.28544671335573607,97.20860325606408,0.3272682192009292,0.29112,0.0848,0.024699,-0.364164,0.29,0.001,0.0336734693877551,0.290211,0.0842,0.024443,-0.362406,64.99846869496125,0.001,0.00976530612244898,1.0,273.075583420411
49,4,1.205838,0.204864,0.004125,0.3360353003973776,97.6161024537833,0.3436701969565884,0.293088,0.0859,0.0252,-0.315638,0.29,0.001,0.0218367346938775,0.29011,0.0842,0.024418,-0.319376,64.99846869496125,0.001,0.006332653061224475,1.0,421.09786228381233
50,4,1.211651,0.206353,0.003637,0.29628130607157876,96.99784424281223,0.3041950899248582,0.29107,0.0848,0.024685,-0.21845,0.292,0.001,0.0336734693877551,0.292194,0.0854,0.024948,-0.218989,64.55327370389986,0.001,0.00983265306122449,1.0,271.205202712052
51,4,1.295058,0.227717,0.003914,0.3188465856376572,97.81847266574746,0.39260297065455985,0.29143,0.085,0.024772,-0.753367,0.282,0.001,0.01,0.28208,0.0796,0.022446,-0.662833,66.84239688488923,0.001,0.0028199999999999996,1.0,945.6264775413713
52,4,1.417903,0.259182,0.003904,0.31803195460639083,92.82107833006444,0.4315720209876044,0.292494,0.0856,0.025044,-0.73372,0.282,0.001,0.01,0.28208,0.0796,0.022446,-0.662833,66.84239688488923,0.001,0.0028199999999999996,1.0,945.6264775413713
53,4,1.561285,0.295907,,,,,,,,,,,,,,,,,,,,
54,4,1.565915,0.297093,0.00756,0.6158610596373757,98.69485139504873,0.6542182815976394,0.291814,0.0852,0.024875,-0.258333,0.29,0.001,0.01,0.290047,0.0841,0.024402,-0.250628,64.99846869496125,0.001,0.0029,1.0,919.5402298850574
55,4,1.541805,0.290918,0.005658,0.46091823749051214,96.64994602049723,0.5398352026204412,0.291579,0.085,0.024813,-0.260298,0.286,0.001,0.0455102040816326,0.286346,0.082,0.02348,-0.264695,65.90753818719845,0.001,0.013015918367346923,1.0,204.87733492217822
56,4,1.399893,0.254569,0.005519,0.44959486615590954,97.74279359010598,0.493255804307526,0.292334,0.0855,0.025008,-0.316255,0.29,0.001,0.0218367346938775,0.29011,0.0842,0.024418,-0.319376,64.99846869496125,0.001,0.006332653061224475,1.0,421.09786228381233
57,4,1.35937,0.244189,0.003628,0.29554813814343905,93.1124948465609,0.34495456087836907,0.293209,0.086,0.025231,-0.588389,0.299,0.001,0.0218367346938775,0.299127,0.0895,0.026766,-0.591508,63.04199304862462,0.001,0.006529183673469372,1.0,408.4226757936641
58,4,1.375138,0.248228,0.004297,0.3500469541351591,97.2140405787575,0.41489674525310893,0.292774,0.0857,0.025118,-0.514842,0.299,0.001,0.0277551020408163,0.299164,0.0895,0.026776,-0.510638,63.04199304862462,0.001,0.008298775510204073,1.0,321.3325463964853
0,5,0.41545,0.002415,,,,,,,,,,,,,,,,,,,,
1,5,0.422525,0.004227,,,,,,,,,,,,,,,,,,,,
2,5,0.428644,0.005795,,,,,,,,,,,,,,,,,,,,
3,5,0.456352,0.012892,,,,,,,,,,,,,,,,,,,,
4,5,0.463622,0.014754,,,,,,,,,,,,,,,,,,,,
5,5,0.4371,0.007961,,,,,,,,,,,,,,,,,,,,
6,5,0.42413,0.004638,,,,,,,,,,,,,,,,,,,,
7,5,0.424524,0.004739,,,,,,,,,,,,,,,,,,,,
8,5,0.430375,0.006238,,,,,,,,,,,,,,,,,,,,
9,5,0.442362,0.009308,,,,,,,,,,,,,,,,,,,,
10,5,0.489926,0.021491,,,,,,,,,,,,,,,,,,,,
11,5,0.559103,0.03921,,,,,,,,,,,,,,,,,,,,
12,5,0.548947,0.036609,,,,,,,,,,,,,,,,,,,,
13,5,0.548663,0.036536,,,,,,,,,,,,,,,,,,,,
14,5,0.521661,0.02962,,,,,,,,,,,,,,,,,,,,
15,5,0.5911,0.047406,,,,,,,,,,,,,,,,,,,,
16,5,0.873402,0.119714,,,,,,,,,,,,,,,,,,,,
17,5,1.500031,0.280218,,,,,,,,,,,,,,,,,,,,
18,5,2.002776,0.40899,0.000366,0.029815495744349142,64.537775878458,0.07828972110084065,0.287724,0.0829,0.023889,-0.550693,0.282,0.001,0.0277551020408163,0.282162,0.0796,0.022465,-0.554439,66.84239688488923,0.001,0.007826938775510196,1.0,340.70365734946495
19,5,2.98996,0.661846,,,,,,,,,,,,,,,,,,,,
20,5,3.601157,0.818397,0.00933,0.7600507521715232,79.62466141441088,1.3083986750412118,0.287318,0.0826,0.023752,-0.927585,0.282,0.001,0.01,0.28208,0.0796,0.022446,-0.662833,66.84239688488923,0.001,0.0028199999999999996,1.0,945.6264775413713
21,5,4.074203,0.939562,,,,,,,,,,,,,,,,,,,,
22,5,4.4999,1.0,,,,,,,,,,,,,,,,,,,,
23,5,4.656023,1.0,,,,,,,,,,,,,,,,,,,,
24,5,4.373017,1.0,,,,,,,,,,,,,,,,,,,,
25,5,4.260013,0.987155,0.016684,1.0,97.30527540097962,2.0616784446316943,0.289843,0.084,0.024362,-0.714001,0.282,0.001,0.01,0.28208,0.0796,0.022446,-0.662833,66.84239688488923,0.001,0.0028199999999999996,1.0,945.6264775413713
26,5,4.210912,0.974578,0.012831,1.0,91.38522395189291,1.6682597634902465,0.288864,0.0835,0.024125,-1.409589,0.282,0.001,0.01,0.28208,0.0796,0.022446,-0.662833,66.84239688488923,0.001,0.0028199999999999996,1.0,945.6264775413713
27,5,4.09797,0.945649,,,,,,,,,,,,,,,,,,,,
28,5,3.764765,0.860303,0.009348,0.7615170880278027,95.831672230145,1.1245829485588708,0.289572,0.0839,0.024297,-0.800711,0.282,0.001,0.01,0.28208,0.0796,0.022446,-0.662833,66.84239688488923,0.001,0.0028199999999999996,1.0,945.6264775413713
29,5,3.233516,0.72423,,,,,,,,,,,,,,,,,,,,
30,5,2.550772,0.549353,,,,,,,,,,,,,,,,,,,,
31,5,1.805218,0.358388,,,,,,,,,,,,,,,,,,,,
32,5,1.444163,0.265908,0.002876,0.234287884592208,91.80859858331165,0.294554004574789,0.292048,0.0853,0.024942,-0.699279,0.282,0.001,0.01,0.28208,0.0796,0.022446,-0.662833,66.84239688488923,0.001,0.0028199999999999996,1.0,945.6264775413713
33,5,1.430681,0.262455,0.003969,0.3233270563096223,97.22725975072413,0.3087941683674069,0.292319,0.0855,0.025007,-0.655914,0.299,0.001,0.01,0.299078,0.0894,0.026753,-0.651126,63.04199304862462,0.001,0.00299,1.0,891.8617614269788
34,5,1.530488,0.288019,0.004159,0.3388050459036833,95.7503753928457,0.41902762097730006,0.292363,0.0855,0.025012,-0.523721,0.284,0.001,0.0336734693877551,0.284218,0.0808,0.02296,-0.531033,66.37167578006606,0.001,0.009563265306122448,1.0,278.8447858870394
35,5,1.506193,0.281796,,,,,,,,,,,,,,,,,,,,
36,5,1.249512,0.21605,0.003295,0.2684209248022689,95.14627208925356,0.28693870101226415,0.29209,0.0853,0.024945,-0.828275,0.282,0.001,0.01,0.28208,0.0796,0.022446,-0.662833,66.84239688488923,0.001,0.0028199999999999996,1.0,945.6264775413713
37,5,1.383154,0.250281,0.004037,0.3288665473222335,93.93817206368945,0.42516104198466786,0.291662,0.0851,0.024828,-0.836369,0.282,0.001,0.01,0.28208,0.0796,0.022446,-0.662833,66.84239688488923,0.001,0.0028199999999999996,1.0,945.6264775413713
38,5,1.637015,0.315305,0.00505,0.4113886707895168,97.35566560482826,0.4423028871265531,0.291602,0.0851,0.024823,-0.705382,0.282,0.001,0.01,0.28208,0.0796,0.022446,-0.662833,66.84239688488923,0.001,0.0028199999999999996,1.0,945.6264775413713
39,5,1.848047,0.369358,,,,,,,,,,,,,,,,,,,,
40,5,1.900348,0.382754,0.005677,0.46246603644991824,95.68716365284918,0.514634575444076,0.291402,0.0849,0.024773,-0.876503,0.282,0.001,0.01,0.28208,0.0796,0.022446,-0.662833,66.84239688488923,0.001,0.0028199999999999996,1.0,945.6264775413713
41,5,1.786967,0.353713,,,,,,,,,,,,,,,,,,,,
42,5,1.894534,0.381265,0.003253,0.2649994744709501,93.05447247374991,0.27595953948252294,0.290035,0.0842,0.024435,-0.666682,0.282,0.001,0.01,0.28208,0.0796,0.022446,-0.662833,66.84239688488923,0.001,0.0028199999999999996,1.0,945.6264775413713
43,5,1.896583,0.38179,,,,,,,,,,,,,,,,,,,,
44,5,1.870644,0.375146,0.003971,0.3234899825158755,94.81713547931687,0.4447456550250082,0.291149,0.0848,0.024703,-1.214551,0.282,0.001,0.01,0.28208,0.0796,0.022446,-0.662833,66.84239688488923,0.001,0.0028199999999999996,1.0,945.6264775413713
45,5,1.586057,0.302252,0.004979,0.4056047904675256,97.43700613549626,0.44684139243199095,0.291391,0.0849,0.024768,-0.343161,0.29,0.001,0.0277551020408163,0.290156,0.0842,0.024429,-0.353149,64.99846869496125,0.001,0.008048979591836727,1.0,331.3049357674107
46,5,1.246706,0.215332,0.001792,0.1459818808029335,90.42267219180047,0.2242046234968591,0.29132,0.0849,0.024749,-1.207357,0.282,0.001,0.01,0.28208,0.0796,0.022446,-0.662833,66.84239688488923,0.001,0.0028199999999999996,1.0,945.6264775413713
47,5,1.147649,0.18996,0.002835,0.23094789736401589,96.61396230254773,0.2795849159129783,0.290921,0.0847,0.024648,-0.54118,0.286,0.001,0.0336734693877551,0.286224,0.0819,0.023449,-0.536849,65.90753818719845,0.001,0.009630612244897958,1.0,276.8948223493678
48,5,1.135432,0.18683,0.004347,0.35412010929149107,97.58583668307145,0.3313091395895804,0.292395,0.0855,0.025029,-0.436243,0.297,0.001,0.0218367346938775,0.297108,0.0883,0.026228,-0.437238,63.466518254339256,0.001,0.006485510204081618,1.0,411.1729968427797
49,5,1.161865,0.193601,0.002675,0.21791380086375395,96.76401417047032,0.24185102463967323,0.291652,0.0851,0.024837,-0.218484,0.292,0.001,0.0336734693877551,0.292194,0.0854,0.024948,-0.218989,64.55327370389986,0.001,0.00983265306122449,1.0,271.205202712052
50,5,1.194647,0.201997,0.004089,0.33310262868481866,97.71911482995263,0.3175568518860321,0.291698,0.0851,0.024848,-0.309319,0.29,0.001,0.0218367346938775,0.29011,0.0842,0.024418,-0.319376,64.99846869496125,0.001,0.006332653061224475,1.0,421.09786228381233
51,5,1.250373,0.216271,0.003765,0.3067085832717883,96.26578183923505,0.3852608725969998,0.292854,0.0858,0.025135,-0.529005,0.284,0.001,0.0336734693877551,0.284218,0.0808,0.02296,-0.531033,66.37167578006606,0.001,0.009563265306122448,1.0,278.8447858870394
52,5,1.331637,0.237086,0.00395,0.3217792573502162,96.11506599007019,0.4119372236502037,0.292519,0.0856,0.025051,-0.643194,0.284,0.001,0.0218367346938775,0.284135,0.0807,0.02294,-0.646345,66.37167578006606,0.001,0.00620163265306121,1.0,429.9942959940338
53,5,1.49461,0.278829,,,,,,,,,,,,,,,,,,,,
54,5,1.535959,0.289421,0.005624,0.45814849198420643,97.03545528269127,0.5547481833298327,0.292289,0.0855,0.024991,-0.276364,0.295,0.001,0.0159183673469387,0.295059,0.0871,0.025688,-0.277012,63.8967997340297,0.001,0.004695918367346916,1.0,567.8690424453164
55,5,1.54497,0.291728,0.004608,0.3753819792075433,97.22100866269274,0.44785234935706986,0.291863,0.0852,0.024886,-0.502574,0.297,0.001,0.0159183673469387,0.297081,0.0883,0.02622,-0.503788,63.466518254339256,0.001,0.0047277551020407935,1.0,564.0450084894557
56,5,1.401161,0.254894,0.003704,0.30173933398106345,96.87595912267709,0.3529709639375652,0.29213,0.0854,0.024954,-0.669739,0.282,0.001,0.01,0.28208,0.0796,0.022446,-0.662833,66.84239688488923,0.001,0.0028199999999999996,1.0,945.6264775413713
57,5,1.400042,0.254607,0.004701,0.38295804779832054,97.56938379980518,0.39133028785377677,0.292588,0.0856,0.025074,-0.334265,0.297,0.001,0.0277551020408163,0.297144,0.0883,0.026237,-0.332355,63.466518254339256,0.001,0.00824326530612244,1.0,323.49640192777485
58,5,1.33563,0.238109,0.002951,0.24039761732670578,89.24323717432588,0.3208999667473661,0.293162,0.086,0.02522,-0.931055,0.282,0.001,0.01,0.28208,0.0796,0.022446,-0.662833,66.84239688488923,0.001,0.0028199999999999996,1.0,945.6264775413713
0,6,0.418542,0.003207,,,,,,,,,,,,,,,,,,,,
1,6,0.417089,0.002835,,,,,,,,,,,,,,,,,,,,
2,6,0.423852,0.004567,,,,,,,,,,,,,,,,,,,,
3,6,0.447175,0.010541,,,,,,,,,,,,,,,,,,,,
4,6,0.467567,0.015764,,,,,,,,,,,,,,,,,,,,
5,6,0.466488,0.015488,,,,,,,,,,,,,,,,,,,,
6,6,0.433511,0.007041,,,,,,,,,,,,,,,,,,,,
7,6,0.435179,0.007469,,,,,,,,,,,,,,,,,,,,
8,6,0.446951,0.010484,,,,,,,,,,,,,,,,,,,,
9,6,0.437012,0.007938,,,,,,,,,,,,,,,,,,,,
10,6,0.472261,0.016967,,,,,,,,,,,,,,,,,,,,
11,6,0.50539,0.025452,,,,,,,,,,,,,,,,,,,,
12,6,0.514725,0.027843,,,,,,,,,,,,,,,,,,,,
13,6,0.559078,0.039204,,,,,,,,,,,,,,,,,,,,
14,6,0.54898,0.036617,,,,,,,,,,,,,,,,,,,,
15,6,0.599558,0.049572,,,,,,,,,,,,,,,,,,,,
16,6,1.132919,0.186186,,,,,,,,,,,,,,,,,,,,
17,6,1.78033,0.352013,,,,,,,,,,,,,,,,,,,,
18,6,2.282407,0.480614,0.001048,0.08537333207671559,74.44908714051411,0.19462834880402902,0.289014,0.0836,0.024184,-1.288146,0.282,0.001,0.01,0.28208,0.0796,0.022446,-0.662833,66.84239688488923,0.001,0.0028199999999999996,1.0,945.6264775413713
19,6,3.338598,0.751145,0.003347,0.27265700616485405,89.59518771852996,0.49965283194744137,0.289734,0.084,0.024348,-1.80187,0.282,0.001,0.01,0.28208,0.0796,0.022446,-0.662833,66.84239688488923,0.001,0.0028199999999999996,1.0,945.6264775413713
20,6,3.856016,0.883676,0.011761,0.9580875558723778,95.072736495891,1.5936198699798338,0.289921,0.0841,0.024383,-1.441864,0.282,0.001,0.01,0.28208,0.0796,0.022446,-0.662833,66.84239688488923,0.001,0.0028199999999999996,1.0,945.6264775413713
21,6,4.055585,0.934793,,,,,,,,,,,,,,,,,,,,
22,6,4.369082,1.0,,,,,,,,,,,,,,,,,,,,
23,6,4.535422,1.0,,,,,,,,,,,,,,,,,,,,
24,6,4.279719,0.992202,,,,,,,,,,,,,,,,,,,,
25,6,4.052212,0.933929,,,,,,,,,,,,,,,,,,,,
26,6,3.994888,0.919246,,,,,,,,,,,,,,,,,,,,
27,6,4.014998,0.924397,,,,,,,,,,,,,,,,,,,,
28,6,3.881305,0.890153,,,,,,,,,,,,,,,,,,,,
29,6,3.300282,0.741331,,,,,,,,,,,,,,,,,,,,
30,6,2.37093,0.503288,,,,,,,,,,,,,,,,,,,,
31,6,1.67948,0.326182,,,,,,,,,,,,,,,,,,,,
32,6,1.342239,0.239801,,,,,,,,,,,,,,,,,,,,
33,6,1.421193,0.260024,0.003785,0.30833784533432107,96.51450822034991,0.29677893096020824,0.291217,0.0848,0.024724,-0.675305,0.282,0.001,0.01,0.28208,0.0796,0.022446,-0.662833,66.84239688488923,0.001,0.0028199999999999996,1.0,945.6264775413713
34,6,1.554625,0.294202,0.004927,0.4013687091049405,97.60249628709126,0.40782685730629264,0.291825,0.0852,0.024882,-0.466054,0.288,0.001,0.0218367346938775,0.288127,0.083,0.02392,-0.47349,65.44984694978736,0.001,0.0062889795918367195,1.0,424.02215299411665
35,6,1.475655,0.273974,0.004312,0.35126890068205874,96.7335769891041,0.4319404020259823,0.291105,0.0848,0.02469,-0.658588,0.284,0.001,0.0159183673469387,0.284106,0.0807,0.022933,-0.653076,66.37167578006606,0.001,0.00452081632653059,1.0,589.8639701456631
36,6,1.25167,0.216603,,,,,,,,,,,,,,,,,,,,
37,6,1.456732,0.269127,0.003445,0.2806403902712645,94.92674132200959,0.38635490874332135,0.291708,0.0851,0.024839,-0.366711,0.29,0.001,0.0336734693877551,0.290211,0.0842,0.024443,-0.362406,64.99846869496125,0.001,0.00976530612244898,1.0,273.075583420411
38,6,1.574708,0.299346,,,,,,,,,,,,,,,,,,,,
39,6,1.791883,0.354972,,,,,,,,,,,,,,,,,,,,
40,6,1.909121,0.385002,,,,,,,,,,,,,,,,,,,,
41,6,1.815654,0.361061,0.002821,0.22980741392024298,84.42549606365853,0.36388768187761844,0.291501,0.085,0.0248,-1.209796,0.282,0.001,0.01,0.28208,0.0796,0.022446,-0.662833,66.84239688488923,0.001,0.0028199999999999996,1.0,945.6264775413713
42,6,1.918057,0.38729,0.001958,0.15950475592195526,87.75931439347679,0.20310238025482663,0.29015,0.0842,0.024474,-0.519065,0.299,0.001,0.0277551020408163,0.299164,0.0895,0.026776,-0.510638,63.04199304862462,0.001,0.008298775510204073,1.0,321.3325463964853
43,6,1.856954,0.37164,,,,,,,,,,,,,,,,,,,,
44,6,1.823967,0.36319,,,,,,,,,,,,,,,,,,,,
45,6,1.520222,0.28539,0.00293,0.23868689216104638,95.94664818212719,0.24630902475262673,0.291495,0.085,0.024801,-0.396294,0.284,0.001,0.0395918367346938,0.284272,0.0808,0.022973,-0.393613,66.37167578006606,0.001,0.011244081632653037,1.0,237.16180242969895
46,6,1.2447,0.214818,0.002735,0.2228015870513522,96.23800798686318,0.2804000448887659,0.290887,0.0846,0.024634,-0.745081,0.282,0.001,0.01,0.28208,0.0796,0.022446,-0.662833,66.84239688488923,0.001,0.0028199999999999996,1.0,945.6264775413713
47,6,1.172111,0.196225,0.002143,0.17457543000038309,92.17307713613869,0.2238346768652677,0.293505,0.0862,0.025309,-0.772536,0.282,0.001,0.01,0.28208,0.0796,0.022446,-0.662833,66.84239688488923,0.001,0.0028199999999999996,1.0,945.6264775413713
48,6,1.158513,0.192742,0.002808,0.2287483935795967,96.04380663815384,0.24620691415038576,0.291075,0.0848,0.024688,-0.596467,0.286,0.001,0.0218367346938775,0.286135,0.0819,0.023428,-0.589706,65.90753818719845,0.001,0.006245306122448965,1.0,426.9873428751944
49,6,1.094126,0.17625,0.002446,0.19925875024775408,96.69084977773777,0.22703041008182678,0.290998,0.0847,0.024668,-0.142041,0.292,0.001,0.0218367346938775,0.292087,0.0853,0.02492,-0.144198,64.55327370389986,0.001,0.006376326530612229,1.0,418.21363035036165
50,6,1.125898,0.184388,0.003748,0.3053237105186355,96.83987489625461,0.30114626051203364,0.292153,0.0854,0.024965,-0.136264,0.292,0.001,0.0455102040816326,0.292334,0.0855,0.024984,-0.135857,64.55327370389986,0.001,0.01328897959183672,1.0,200.6675266703526
51,6,1.214626,0.207115,0.003015,0.24561125592681055,96.33440717516002,0.3500004488682842,0.291244,0.0848,0.02472,-1.059826,0.282,0.001,0.01,0.28208,0.0796,0.022446,-0.662833,66.84239688488923,0.001,0.0028199999999999996,1.0,945.6264775413713
52,6,1.267957,0.220775,0.004798,0.39085996880160434,97.63419452400682,0.43710982588621605,0.292579,0.0856,0.02507,-0.030748,0.288,0.001375,0.0218367346938775,0.288065,0.083,0.023906,-0.026384,65.44984694978736,0.001375,0.0062889795918367195,1.0,424.02215299411665
53,6,1.456758,0.269134,0.005269,0.4292290903742504,97.27373451501815,0.517544238645463,0.291795,0.0852,0.024868,-0.505476,0.297,0.001,0.0159183673469387,0.297081,0.0883,0.02622,-0.503788,63.466518254339256,0.001,0.0047277551020407935,1.0,564.0450084894557
54,6,1.508941,0.2825,0.004544,0.37016834060743853,94.56766988799878,0.4834042825498448,0.292861,0.0858,0.025137,-0.271554,0.288,0.001,0.0455102040816326,0.288348,0.0831,0.023976,-0.269339,65.44984694978736,0.001,0.013106938775510188,1.0,203.4545756518853
55,6,1.493704,0.278597,0.004802,0.39118582121411083,98.01846989710805,0.4842029272899262,0.292238,0.0854,0.024981,-0.433019,0.286,0.001,0.0395918367346938,0.28628,0.082,0.023463,-0.43265,65.90753818719845,0.001,0.011323265306122425,1.0,235.50332828683395
56,6,1.461853,0.270439,0.004225,0.3441816107100413,96.47971620050598,0.41275132653432045,0.292402,0.0855,0.025025,-0.439972,0.297,0.001,0.0218367346938775,0.297108,0.0883,0.026228,-0.437238,63.466518254339256,0.001,0.006485510204081618,1.0,411.1729968427797
57,6,1.377527,0.24884,0.005807,0.473056239856381,97.477430321251,0.49912622978738397,0.292175,0.0854,0.024968,-0.087702,0.295,0.001,0.0277551020408163,0.295121,0.0871,0.025705,-0.084105,63.8967997340297,0.001,0.008187755102040808,1.0,325.68959787304783
58,6,1.365616,0.245789,0.005117,0.41684669869900154,98.37417079096136,0.4512032406380294,0.292058,0.0853,0.024935,-0.333265,0.297,0.001,0.0277551020408163,0.297144,0.0883,0.026237,-0.332355,63.466518254339256,0.001,0.00824326530612244,1.0,323.49640192777485
0,7,0.414708,0.002225,,,,,,,,,,,,,,,,,,,,
1,7,0.417421,0.00292,,,,,,,,,,,,,,,,,,,,
2,7,0.419103,0.003351,,,,,,,,,,,,,,,,,,,,
3,7,0.442844,0.009432,,,,,,,,,,,,,,,,,,,,
4,7,0.443992,0.009726,,,,,,,,,,,,,,,,,,,,
5,7,0.465986,0.015359,,,,,,,,,,,,,,,,,,,,
6,7,0.44788,0.010722,,,,,,,,,,,,,,,,,,,,
7,7,0.470689,0.016564,,,,,,,,,,,,,,,,,,,,
8,7,0.501441,0.024441,,,,,,,,,,,,,,,,,,,,
9,7,0.462824,0.01455,,,,,,,,,,,,,,,,,,,,
10,7,0.464984,0.015103,,,,,,,,,,,,,,,,,,,,
11,7,0.493315,0.022359,,,,,,,,,,,,,,,,,,,,
12,7,0.501652,0.024495,,,,,,,,,,,,,,,,,,,,
13,7,0.56003,0.039448,,,,,,,,,,,,,,,,,,,,
14,7,0.559762,0.039379,,,,,,,,,,,,,,,,,,,,
15,7,0.661822,0.065521,,,,,,,,,,,,,,,,,,,,
16,7,1.35842,0.243946,,,,,,,,,,,,,,,,,,,,
17,7,2.024724,0.414612,,,,,,,,,,,,,,,,,,,,
18,7,2.812767,0.61646,,,,,,,,,,,,,,,,,,,,
19,7,3.582253,0.813555,,,,,,,,,,,,,,,,,,,,
20,7,4.025712,0.927142,,,,,,,,,,,,,,,,,,,,
21,7,4.022996,0.926446,,,,,,,,,,,,,,,,,,,,
22,7,4.204835,0.973022,,,,,,,,,,,,,,,,,,,,
23,7,4.438076,1.0,,,,,,,,,,,,,,,,,,,,
24,7,4.224094,0.977955,0.016624,1.0,95.24214607912467,2.0806785452258874,0.289008,0.0835,0.024157,-1.280478,0.282,0.001,0.01,0.28208,0.0796,0.022446,-0.662833,66.84239688488923,0.001,0.0028199999999999996,1.0,945.6264775413713
25,7,3.943946,0.906198,0.013769,1.0,95.8103975440567,1.6851526965856043,0.289701,0.0839,0.024329,-0.728948,0.282,0.001,0.01,0.28208,0.0796,0.022446,-0.662833,66.84239688488923,0.001,0.0028199999999999996,1.0,945.6264775413713
26,7,3.919532,0.899945,,,,,,,,,,,,,,,,,,,,
27,7,3.859563,0.884584,,,,,,,,,,,,,,,,,,,,
28,7,3.701872,0.844194,0.010554,0.8597615903985268,94.83699014154585,1.3247233233492421,0.291181,0.0848,0.024705,-0.397098,0.288,0.001,0.0395918367346938,0.28828,0.0831,0.023959,-0.404771,65.44984694978736,0.001,0.011402448979591813,1.0,233.86788850706424
29,7,3.164933,0.706663,,,,,,,,,,,,,,,,,,,,
30,7,2.339165,0.495152,,,,,,,,,,,,,,,,,,,,
31,7,1.649893,0.318603,0.003066,0.24976587418626905,95.54954631542178,0.32520998444548654,0.291326,0.0849,0.024751,-0.683641,0.282,0.001,0.01,0.28208,0.0796,0.022446,-0.662833,66.84239688488923,0.001,0.0028199999999999996,1.0,945.6264775413713
32,7,1.230986,0.211305,0.002634,0.21457381363556186,96.35094722883719,0.20096624889283765,0.291352,0.0849,0.02477,-0.069233,0.292,0.001,0.01,0.292021,0.0853,0.024904,-0.065876,64.55327370389986,0.001,0.00292,1.0,913.2420091324202
33,7,1.329635,0.236573,0.003168,0.258075110705186,94.4983997882705,0.26404618888721587,0.28983,0.084,0.024374,-0.418174,0.288,0.001,0.01,0.288068,0.083,0.023906,-0.420267,65.44984694978736,0.001,0.0028799999999999997,1.0,925.9259259259259
34,7,1.664832,0.32243,,,,,,,,,,,,,,,,,,,,
35,7,1.513197,0.28359,0.005046,0.4110628183770103,98.09375678721014,0.5153688747466376,0.291873,0.0852,0.024885,-0.630499,0.299,0.001,0.0159183673469387,0.299098,0.0895,0.026758,-0.633265,63.04199304862462,0.001,0.004759591836734671,1.0,560.2721321784893
36,7,1.249363,0.216012,0.004331,0.35281669964146484,96.12492955233064,0.39805021897974013,0.291957,0.0853,0.024912,-0.40583,0.288,0.001,0.0395918367346938,0.28828,0.0831,0.023959,-0.404771,65.44984694978736,0.001,0.011402448979591813,1.0,233.86788850706424
37,7,1.510071,0.282789,0.005148,0.41937205489592727,97.9563837486042,0.5477706330580454,0.291293,0.0849,0.024739,-0.712706,0.282,0.001,0.01,0.28208,0.0796,0.022446,-0.662833,66.84239688488923,0.001,0.0028199999999999996,1.0,945.6264775413713
38,7,1.504005,0.281236,0.004653,0.37904781884824196,96.567840709693,0.41469599028666204,0.291986,0.0853,0.024921,-0.436165,0.297,0.001,0.0218367346938775,0.297108,0.0883,0.026228,-0.437238,63.466518254339256,0.001,0.006485510204081618,1.0,411.1729968427797
39,7,1.701182,0.33174,,,,,,,,,,,,,,,,,,,,
40,7,1.891357,0.380451,,,,,,,,,,,,,,,,,,,,
41,7,1.834363,0.365853,0.003806,0.3100485704999804,91.64270332430708,0.3689893422526649,0.289978,0.0841,0.024414,-0.727952,0.282,0.001,0.01,0.28208,0.0796,0.022446,-0.662833,66.84239688488923,0.001,0.0028199999999999996,1.0,945.6264775413713
42,7,1.910656,0.385395,0.003798,0.3093968656749673,92.68126407921781,0.3510531113077664,0.29094,0.0847,0.024664,-0.632801,0.299,0.001,0.0159183673469387,0.299098,0.0895,0.026758,-0.633265,63.04199304862462,0.001,0.004759591836734671,1.0,560.2721321784893
43,7,1.84044,0.36741,,,,,,,,,,,,,,,,,,,,
44,7,1.752667,0.344928,,,,,,,,,,,,,,,,,,,,
45,7,1.480504,0.275216,0.001881,0.15323209698120419,92.28779239967524,0.22840905184971994,0.290546,0.0844,0.024552,-0.94338,0.282,0.001,0.01,0.28208,0.0796,0.022446,-0.662833,66.84239688488923,0.001,0.0028199999999999996,1.0,945.6264775413713
46,7,1.274556,0.222465,0.001172,0.09547475686441857,81.46515015049839,0.16463182161702816,0.292331,0.0855,0.025003,-1.378806,0.282,0.001,0.01,0.28208,0.0796,0.022446,-0.662833,66.84239688488923,0.001,0.0028199999999999996,1.0,945.6264775413713
47,7,1.211413,0.206292,0.003309,0.2695614082460418,96.3044062763949,0.2923936876828418,0.29101,0.0847,0.024672,-0.563867,0.286,0.001,0.01,0.286081,0.0818,0.023414,-0.559748,65.90753818719845,0.001,0.0028599999999999997,1.0,932.4009324009326
48,7,1.16219,0.193684,0.002471,0.20129532782592002,95.69586811373169,0.20344933991572323,0.292184,0.0854,0.024974,-0.543933,0.297,0.001,0.01,0.297063,0.0882,0.026215,-0.540406,63.466518254339256,0.001,0.00297,1.0,897.8675645342312
49,7,1.047979,0.16443,0.002506,0.20414653643535233,96.24338054389519,0.20865063417111052,0.290984,0.0847,0.024666,-0.192646,0.292,0.001,0.0277551020408163,0.292136,0.0853,0.024933,-0.190204,64.55327370389986,0.001,0.008104489795918358,1.0,329.0357238785929
50,7,1.084353,0.173747,0.001724,0.1404423897903222,94.43989142765332,0.17686200403274344,0.290686,0.0845,0.024589,-0.945912,0.282,0.001,0.01,0.28208,0.0796,0.022446,-0.662833,66.84239688488923,0.001,0.0028199999999999996,1.0,945.6264775413713
51,7,1.188236,0.200355,0.003147,0.2563643855395266,96.76018261458636,0.26801396378844267,0.29246,0.0856,0.025043,-0.672599,0.282,0.001,0.01,0.28208,0.0796,0.022446,-0.662833,66.84239688488923,0.001,0.0028199999999999996,1.0,945.6264775413713
52,7,1.289623,0.226324,0.00451,0.3673985951011329,97.91776228744685,0.4196816648937386,0.29203,0.0853,0.024926,-0.542701,0.297,0.001,0.01,0.297063,0.0882,0.026215,-0.540406,63.466518254339256,0.001,0.00297,1.0,897.8675645342312
53,7,1.496231,0.279245,,,,,,,,,,,,,,,,,,,,
54,7,1.495575,0.279077,0.005203,0.4238525255678923,97.07933367734117,0.5220025066278242,0.291892,0.0852,0.024891,-0.494539,0.288,0.001,0.0277551020408163,0.28817,0.083,0.023931,-0.490155,65.44984694978736,0.001,0.007993469387755093,1.0,333.6056644880178
55,7,1.487908,0.277113,0.004283,0.3489064706913863,97.52104992874482,0.41933220166505225,0.291899,0.0852,0.024893,-0.40043,0.288,0.001,0.0395918367346938,0.28828,0.0831,0.023959,-0.404771,65.44984694978736,0.001,0.011402448979591813,1.0,233.86788850706424
56,7,1.357527,0.243717,0.004545,0.3702498037105652,97.55467878836379,0.3896567149745268,0.292325,0.0855,0.025006,-0.433745,0.297,0.001,0.0218367346938775,0.297108,0.0883,0.026228,-0.437238,63.466518254339256,0.001,0.006485510204081618,1.0,411.1729968427797
57,7,1.324717,0.235313,0.003648,0.2971774002059718,93.61035213024464,0.36709645429108695,0.293459,0.0861,0.025295,-0.5229,0.303,0.001,0.0336734693877551,0.303232,0.092,0.027883,-0.527334,62.20975551662957,0.001,0.010203061224489796,1.0,261.35946928026135
58,7,1.389177,0.251824,0.004067,0.3313104404160327,96.42323016434834,0.43534335131252777,0.293232,0.086,0.025236,-0.319547,0.29,0.001,0.0218367346938775,0.29011,0.0842,0.024418,-0.319376,64.99846869496125,0.001,0.006332653061224475,1.0,421.09786228381233
0,8,0.409889,0.000991,,,,,,,,,,,,,,,,,,,,
1,8,0.420467,0.0037,,,,,,,,,,,,,,,,,,,,
2,8,0.445886,0.010211,,,,,,,,,,,,,,,,,,,,
3,8,0.442893,0.009444,,,,,,,,,,,,,,,,,,,,
4,8,0.435947,0.007665,,,,,,,,,,,,,,,,,,,,
5,8,0.450297,0.011341,,,,,,,,,,,,,,,,,,,,
6,8,0.482814,0.01967,,,,,,,,,,,,,,,,,,,,
7,8,0.508824,0.026332,,,,,,,,,,,,,,,,,,,,
8,8,0.525477,0.030597,,,,,,,,,,,,,,,,,,,,
9,8,0.504846,0.025313,,,,,,,,,,,,,,,,,,,,
10,8,0.485813,0.020438,,,,,,,,,,,,,,,,,,,,
11,8,0.494371,0.02263,,,,,,,,,,,,,,,,,,,,
12,8,0.501183,0.024375,,,,,,,,,,,,,,,,,,,,
13,8,0.551643,0.0373,,,,,,,,,,,,,,,,,,,,
14,8,0.579017,0.044311,,,,,,,,,,,,,,,,,,,,
15,8,0.737207,0.084829,0.000911,0.07421288694836631,91.54279443173341,0.07468130717131272,0.287236,0.0825,0.023734,0.418232,0.284,0.007375,0.1579591836734694,0.287275,0.0826,0.023774,0.417662,66.37167578006606,0.007375,0.0448604081632653,1.0,59.44365590615181
16,8,1.400344,0.254684,,,,,,,,,,,,,,,,,,,,
17,8,2.041287,0.418854,,,,,,,,,,,,,,,,,,,,
18,8,3.096778,0.689206,,,,,,,,,,,,,,,,,,,,
19,8,3.903419,0.895818,,,,,,,,,,,,,,,,,,,,
20,8,4.251554,0.984988,0.015312,1.0,97.95953563631278,1.9235416866942434,0.290129,0.0842,0.024439,-1.001863,0.282,0.001,0.01,0.28208,0.0796,0.022446,-0.662833,66.84239688488923,0.001,0.0028199999999999996,1.0,945.6264775413713
21,8,4.173014,0.964871,,,,,,,,,,,,,,,,,,,,
22,8,4.184534,0.967822,,,,,,,,,,,,,,,,,,,,
23,8,4.155418,0.960364,,,,,,,,,,,,,,,,,,,,
24,8,4.038445,0.930403,0.014998,1.0,98.06328731888392,1.8246876434514103,0.290096,0.0842,0.02443,-0.811999,0.282,0.001,0.01,0.28208,0.0796,0.022446,-0.662833,66.84239688488923,0.001,0.0028199999999999996,1.0,945.6264775413713
25,8,3.867126,0.886521,,,,,,,,,,,,,,,,,,,,
26,8,3.827167,0.876287,0.012398,1.0,86.20677611354928,1.6350080156916946,0.288394,0.0832,0.024012,-1.179283,0.282,0.001,0.01,0.28208,0.0796,0.022446,-0.662833,66.84239688488923,0.001,0.0028199999999999996,1.0,945.6264775413713
27,8,3.785805,0.865692,0.011828,0.9635455837818624,96.45830877641801,1.4788415527756937,0.290343,0.0843,0.024491,-0.787441,0.282,0.001,0.01,0.28208,0.0796,0.022446,-0.662833,66.84239688488923,0.001,0.0028199999999999996,1.0,945.6264775413713
28,8,3.73374,0.852356,0.009251,0.7536151670245189,97.24084938352101,1.2006539658621254,0.290516,0.0844,0.024535,-1.099093,0.282,0.001,0.01,0.28208,0.0796,0.022446,-0.662833,66.84239688488923,0.001,0.0028199999999999996,1.0,945.6264775413713
29,8,3.239434,0.725746,0.008958,0.7297464778084143,96.6833799960605,1.1127519844619203,0.290314,0.0843,0.024483,-1.122736,0.282,0.001,0.01,0.28208,0.0796,0.022446,-0.662833,66.84239688488923,0.001,0.0028199999999999996,1.0,945.6264775413713
30,8,2.268232,0.476984,,,,,,,,,,,,,,,,,,,,
31,8,1.576015,0.29968,0.002361,0.19233438648198994,90.95588858810409,0.261918020251211,0.291413,0.0849,0.024771,-1.407231,0.282,0.001,0.01,0.28208,0.0796,0.022446,-0.662833,66.84239688488923,0.001,0.0028199999999999996,1.0,945.6264775413713
32,8,1.120859,0.183097,0.001404,0.11437419678979835,89.3262190301643,0.14757511031420645,0.290787,0.0846,0.024613,-1.224534,0.282,0.001,0.01,0.28208,0.0796,0.022446,-0.662833,66.84239688488923,0.001,0.0028199999999999996,1.0,945.6264775413713
33,8,1.182892,0.198986,0.003582,0.2918008353996137,97.34233051763097,0.2653968130620671,0.29175,0.0852,0.024863,-0.314151,0.29,0.001,0.0218367346938775,0.29011,0.0842,0.024418,-0.319376,64.99846869496125,0.001,0.006332653061224475,1.0,421.09786228381233
34,8,1.582512,0.301345,0.003546,0.2888681636870548,95.76749052938449,0.3985470806597602,0.292213,0.0854,0.024975,-0.756547,0.282,0.001,0.01,0.28208,0.0796,0.022446,-0.662833,66.84239688488923,0.001,0.0028199999999999996,1.0,945.6264775413713
35,8,1.506819,0.281957,0.004232,0.34475185243192774,97.18585800581248,0.4240417506004288,0.291905,0.0852,0.024899,-0.452515,0.288,0.001,0.0159183673469387,0.288092,0.083,0.023912,-0.445267,65.44984694978736,0.001,0.004584489795918345,1.0,581.6714150047512
36,8,1.24481,0.214846,0.005638,0.45928897542797936,98.47734562549884,0.5084028868854901,0.292003,0.0853,0.024921,-0.313459,0.29,0.001,0.0218367346938775,0.29011,0.0842,0.024418,-0.319376,64.99846869496125,0.001,0.006332653061224475,1.0,421.09786228381233
37,8,1.520788,0.285535,0.00411,0.33481335385047806,93.88251916193771,0.49954532603857915,0.291639,0.0851,0.024821,-0.834641,0.282,0.001,0.01,0.28208,0.0796,0.022446,-0.662833,66.84239688488923,0.001,0.0028199999999999996,1.0,945.6264775413713
38,8,1.510239,0.282833,,,,,,,,,,,,,,,,,,,,
39,8,1.721437,0.336928,,,,,,,,,,,,,,,,,,,,
40,8,1.887601,0.37949,,,,,,,,,,,,,,,,,,,,
41,8,1.800476,0.357173,,,,,,,,,,,,,,,,,,,,
42,8,1.883913,0.378545,,,,,,,,,,,,,,,,,,,,
43,8,1.836545,0.366412,0.003139,0.25571268071451353,92.23252141950414,0.22720585334814425,0.290432,0.0844,0.024532,-0.550409,0.282,0.001,0.0277551020408163,0.282162,0.0796,0.022465,-0.554439,66.84239688488923,0.001,0.007826938775510196,1.0,340.70365734946495
44,8,1.74417,0.342751,,,,,,,,,,,,,,,,,,,,
45,8,1.459832,0.269921,0.002972,0.24210834249236515,96.37049769509503,0.2875611229122734,0.291533,0.085,0.0248,-1.116167,0.282,0.001,0.01,0.28208,0.0796,0.022446,-0.662833,66.84239688488923,0.001,0.0028199999999999996,1.0,945.6264775413713
46,8,1.262846,0.219466,0.001443,0.1175512578117372,80.67918338988643,0.20175377035966413,0.291754,0.0851,0.024859,-1.199167,0.282,0.001,0.01,0.28208,0.0796,0.022446,-0.662833,66.84239688488923,0.001,0.0028199999999999996,1.0,945.6264775413713
47,8,1.235411,0.212439,0.002143,0.17457543000038309,91.22245398200711,0.22427701884681073,0.290748,0.0846,0.024605,-0.900438,0.282,0.001,0.01,0.28208,0.0796,0.022446,-0.662833,66.84239688488923,0.001,0.0028199999999999996,1.0,945.6264775413713
48,8,1.192735,0.201508,0.003424,0.2789296651056051,96.11994297110773,0.30343867281961634,0.291416,0.085,0.024773,-0.564676,0.286,0.001,0.01,0.286081,0.0818,0.023414,-0.559748,65.90753818719845,0.001,0.0028599999999999997,1.0,932.4009324009326
49,8,1.067581,0.169451,0.002418,0.19697778336020827,95.82479101088441,0.2447323235406984,0.291764,0.0852,0.024863,-0.823482,0.282,0.001,0.01,0.28208,0.0796,0.022446,-0.662833,66.84239688488923,0.001,0.0028199999999999996,1.0,945.6264775413713
50,8,1.106476,0.179413,0.001539,0.12537171571189434,85.11237405597785,0.18922334926972617,0.293405,0.0861,0.025281,-0.727347,0.282,0.001,0.01,0.28208,0.0796,0.022446,-0.662833,66.84239688488923,0.001,0.0028199999999999996,1.0,945.6264775413713
51,8,1.259603,0.218635,0.003923,0.319579753565797,96.58492933185616,0.33203961055295583,0.291814,0.0852,0.024876,-0.452723,0.288,0.001,0.0159183673469387,0.288092,0.083,0.023912,-0.445267,65.44984694978736,0.001,0.004584489795918345,1.0,581.6714150047512
52,8,1.350578,0.241937,0.003695,0.3010061660529237,97.02974460319439,0.3784012076649095,0.292709,0.0857,0.025102,-0.588497,0.286,0.001,0.0218367346938775,0.286135,0.0819,0.023428,-0.589706,65.90753818719845,0.001,0.006245306122448965,1.0,426.9873428751944
53,8,1.443694,0.265788,0.005615,0.4574153240560668,97.95284679173353,0.5391074131022429,0.291121,0.0848,0.024694,-0.413204,0.288,0.001,0.01,0.288068,0.083,0.023906,-0.420267,65.44984694978736,0.001,0.0028799999999999997,1.0,925.9259259259259
54,8,1.456088,0.268963,,,,,,,,,,,,,,,,,,,,
55,8,1.426604,0.26141,0.004293,0.34972110172265264,96.5812300338962,0.45943984164126994,0.29168,0.0851,0.024832,-0.67095,0.282,0.001,0.01,0.28208,0.0796,0.022446,-0.662833,66.84239688488923,0.001,0.0028199999999999996,1.0,945.6264775413713
56,8,1.315172,0.232868,0.003857,0.3142031887594389,97.4879550322084,0.3607316996461386,0.292533,0.0856,0.025056,-0.558108,0.286,0.001,0.01,0.286081,0.0818,0.023414,-0.559748,65.90753818719845,0.001,0.0028599999999999997,1.0,932.4009324009326
57,8,1.376619,0.248607,0.004767,0.3883346126046786,97.42324502409973,0.4335564582849847,0.292336,0.0855,0.025005,-0.340816,0.297,0.001,0.0277551020408163,0.297144,0.0883,0.026237,-0.332355,63.466518254339256,0.001,0.00824326530612244,1.0,323.49640192777485
58,8,1.4029,0.255339,0.004429,0.36080008374787526,97.51895019854337,0.4075718473957044,0.292989,0.0859,0.025175,-0.412015,0.288,0.001,0.0395918367346938,0.28828,0.0831,0.023959,-0.404771,65.44984694978736,0.001,0.011402448979591813,1.0,233.86788850706424
0,9,0.414897,0.002273,,,,,,,,,,,,,,,,,,,,
1,9,0.416265,0.002624,,,,,,,,,,,,,,,,,,,,
2,9,0.443053,0.009486,,,,,,,,,,,,,,,,,,,,
3,9,0.440778,0.008903,,,,,,,,,,,,,,,,,,,,
4,9,0.42272,0.004277,,,,,,,,,,,,,,,,,,,,
5,9,0.431863,0.006619,,,,,,,,,,,,,,,,,,,,
6,9,0.46227,0.014408,,,,,,,,,,,,,,,,,,,,
7,9,0.502536,0.024721,,,,,,,,,,,,,,,,,,,,
8,9,0.490754,0.021703,,,,,,,,,,,,,,,,,,,,
9,9,0.497521,0.023437,,,,,,,,,,,,,,,,,,,,
10,9,0.478967,0.018684,,,,,,,,,,,,,,,,,,,,
11,9,0.498928,0.023797,,,,,,,,,,,,,,,,,,,,
12,9,0.510392,0.026734,,,,,,,,,,,,,,,,,,,,
13,9,0.542475,0.034951,,,,,,,,,,,,,,,,,,,,
14,9,0.639217,0.059731,0.000207,0.016862862347213858,66.52972047639383,0.037784452846630234,0.288676,0.0834,0.024104,-0.539392,0.286,0.001,0.0336734693877551,0.286224,0.0819,0.023449,-0.536849,65.90753818719845,0.001,0.009630612244897958,1.0,276.8948223493678
15,9,0.922172,0.132206,,,,,,,,,,,,,,,,,,,,
16,9,1.45778,0.269396,0.000508,0.041383256388331596,84.15460103775739,0.04972217804389345,0.284073,0.0807,0.022961,-0.009065,0.282,0.001375,0.0336734693877551,0.282155,0.0796,0.022464,-0.010804,66.84239688488923,0.001375,0.009495918367346938,1.0,280.82240848198296
17,9,2.089872,0.431299,,,,,,,,,,,,,,,,,,,,
18,9,3.164463,0.706543,,,,,,,,,,,,,,,,,,,,
19,9,3.924621,0.901248,,,,,,,,,,,,,,,,,,,,
20,9,4.408704,1.0,,,,,,,,,,,,,,,,,,,,
21,9,4.411832,1.0,,,,,,,,,,,,,,,,,,,,
22,9,4.220032,0.976914,0.019976,1.0,98.15209080105085,2.403454851023105,0.289797,0.084,0.024353,-0.601719,0.284,0.001,0.0277551020408163,0.284173,0.0808,0.022949,-0.611751,66.37167578006606,0.001,0.007882448979591828,1.0,338.30433581883494
23,9,4.039535,0.930682,,,,,,,,,,,,,,,,,,,,
24,9,3.927408,0.901962,,,,,,,,,,,,,,,,,,,,
25,9,3.851862,0.882612,,,,,,,,,,,,,,,,,,,,
26,9,3.861057,0.884967,0.011837,0.9642787517100022,92.95943595861023,1.5839688435809363,0.289912,0.0841,0.02438,-1.324492,0.282,0.001,0.01,0.28208,0.0796,0.022446,-0.662833,66.84239688488923,0.001,0.0028199999999999996,1.0,945.6264775413713
27,9,3.854962,0.883406,0.009409,0.7664863373185276,92.87485595591755,1.260651933224917,0.29032,0.0843,0.024485,-1.663994,0.282,0.001,0.01,0.28208,0.0796,0.022446,-0.662833,66.84239688488923,0.001,0.0028199999999999996,1.0,945.6264775413713
28,9,3.683134,0.839394,0.009059,0.7379742512242045,94.83934042956692,1.1936780309378694,0.290254,0.0843,0.024468,-1.424373,0.282,0.001,0.01,0.28208,0.0796,0.022446,-0.662833,66.84239688488923,0.001,0.0028199999999999996,1.0,945.6264775413713
29,9,3.145604,0.701712,,,,,,,,,,,,,,,,,,,,
30,9,2.193228,0.457772,,,,,,,,,,,,,,,,,,,,
31,9,1.60559,0.307256,,,,,,,,,,,,,,,,,,,,
32,9,1.258298,0.218301,0.003386,0.2758340671867929,96.89100557893309,0.2801340172790061,0.291782,0.0852,0.024873,-0.209554,0.292,0.001,0.0395918367346938,0.29226,0.0854,0.024965,-0.207443,64.55327370389986,0.001,0.011560816326530589,1.0,230.664218801488
33,9,1.222186,0.209051,0.003595,0.29285985574026,97.34051790016487,0.29133464870687,0.291362,0.0849,0.02476,-0.505244,0.297,0.001,0.0159183673469387,0.297081,0.0883,0.02622,-0.503788,63.466518254339256,0.001,0.0047277551020407935,1.0,564.0450084894557
34,9,1.56588,0.297084,,,,,,,,,,,,,,,,,,,,
35,9,1.654053,0.319669,0.004396,0.3581118013446962,94.10022991598758,0.4864686723085725,0.291419,0.0849,0.024766,-1.08236,0.282,0.001,0.01,0.28208,0.0796,0.022446,-0.662833,66.84239688488923,0.001,0.0028199999999999996,1.0,945.6264775413713
36,9,1.46166,0.27039,0.006077,0.49505127770057306,97.91621276222638,0.5768041509983741,0.292051,0.0853,0.024931,-0.21519,0.292,0.001,0.0336734693877551,0.292194,0.0854,0.024948,-0.218989,64.55327370389986,0.001,0.00983265306122449,1.0,271.205202712052
37,9,1.59063,0.303424,,,,,,,,,,,,,,,,,,,,
38,9,1.673108,0.32455,0.004322,0.3520835317133251,97.27520836438377,0.40400556934429543,0.290803,0.0846,0.02462,-0.903098,0.282,0.001,0.01,0.28208,0.0796,0.022446,-0.662833,66.84239688488923,0.001,0.0028199999999999996,1.0,945.6264775413713
39,9,1.842733,0.367997,,,,,,,,,,,,,,,,,,,,
40,9,1.852403,0.370474,0.003282,0.26736190446162267,92.14738084496979,0.3395838890433258,0.291475,0.085,0.024792,-0.856574,0.282,0.001,0.01,0.28208,0.0796,0.022446,-0.662833,66.84239688488923,0.001,0.0028199999999999996,1.0,945.6264775413713
41,9,1.77966,0.351842,0.003095,0.25212830417694154,91.18417816002443,0.2785743499396349,0.292187,0.0854,0.02498,-0.983603,0.282,0.001,0.01,0.28208,0.0796,0.022446,-0.662833,66.84239688488923,0.001,0.0028199999999999996,1.0,945.6264775413713
42,9,1.890325,0.380187,,,,,,,,,,,,,,,,,,,,
43,9,1.854618,0.371041,,,,,,,,,,,,,,,,,,,,
44,9,1.80306,0.357835,,,,,,,,,,,,,,,,,,,,
45,9,1.536235,0.289491,0.001787,0.1455745652873003,82.86147178391847,0.22528969294916257,0.291819,0.0852,0.024875,-1.497106,0.282,0.001,0.01,0.28208,0.0796,0.022446,-0.662833,66.84239688488923,0.001,0.0028199999999999996,1.0,945.6264775413713
46,9,1.246698,0.21533,0.003528,0.28740182783077534,96.77530925292045,0.24306299750352156,0.291735,0.0851,0.024865,-0.383298,0.299,0.001,0.0336734693877551,0.29921,0.0895,0.026788,-0.380372,63.04199304862462,0.001,0.010068367346938776,1.0,264.85591702983004
47,9,1.16932,0.19551,0.001326,0.10802007474592065,88.19450100860185,0.1762145286895167,0.291972,0.0853,0.024914,-0.834641,0.282,0.001,0.01,0.28208,0.0796,0.022446,-0.662833,66.84239688488923,0.001,0.0028199999999999996,1.0,945.6264775413713
48,9,1.11705,0.182122,0.001902,0.15494282214686358,92.76313027129017,0.17115478387944405,0.290932,0.0847,0.024655,-0.288239,0.29,0.001,0.0159183673469387,0.290073,0.0841,0.024408,-0.280966,64.99846869496125,0.001,0.004616326530612222,1.0,577.6598880047184
49,9,1.071965,0.170574,0.001613,0.1313999853432655,93.46981965734793,0.1370847017322625,0.292472,0.0856,0.025048,-0.674184,0.282,0.001,0.01,0.28208,0.0796,0.022446,-0.662833,66.84239688488923,0.001,0.0028199999999999996,1.0,945.6264775413713
50,9,1.147584,0.189943,0.001962,0.1598306083344618,91.04627517454212,0.1788130641839486,0.29309,0.0859,0.025207,-1.090168,0.282,0.001,0.01,0.28208,0.0796,0.022446,-0.662833,66.84239688488923,0.001,0.0028199999999999996,1.0,945.6264775413713
51,9,1.27949,0.223729,0.003355,0.27330871098986714,96.82615999268886,0.30182022318813073,0.293296,0.0861,0.025255,-0.442348,0.297,0.001,0.0218367346938775,0.297108,0.0883,0.026228,-0.437238,63.466518254339256,0.001,0.006485510204081618,1.0,411.1729968427797
52,9,1.304113,0.230036,0.003693,0.30084323984667044,97.22181022914046,0.33498323615718484,0.292543,0.0856,0.025056,-0.612951,0.284,0.001,0.0277551020408163,0.284173,0.0808,0.022949,-0.611751,66.37167578006606,0.001,0.007882448979591828,1.0,338.30433581883494
53,9,1.373312,0.24776,0.005253,0.42792568072422416,97.79775886204004,0.5088667749302485,0.292654,0.0857,0.025088,-0.189994,0.292,0.001,0.0277551020408163,0.292136,0.0853,0.024933,-0.190204,64.55327370389986,0.001,0.008104489795918358,1.0,329.0357238785929
54,9,1.384229,0.250557,0.005271,0.4293920165805036,97.92317409315949,0.5331664153092749,0.291906,0.0852,0.024895,-0.583691,0.286,0.001,0.0277551020408163,0.286176,0.0819,0.023438,-0.583495,65.90753818719845,0.001,0.007937959183673461,1.0,335.9385712326892
55,9,1.378145,0.248998,0.003188,0.25970437276771874,93.57745134152,0.37343109740919866,0.292155,0.0854,0.024955,-1.250705,0.282,0.001,0.01,0.28208,0.0796,0.022446,-0.662833,66.84239688488923,0.001,0.0028199999999999996,1.0,945.6264775413713
56,9,1.341834,0.239698,0.004501,0.3666654271729931,97.26055371488414,0.4423553360833601,0.292342,0.0855,0.025004,-0.483478,0.288,0.001,0.0277551020408163,0.28817,0.083,0.023931,-0.490155,65.44984694978736,0.001,0.007993469387755093,1.0,333.6056644880178
57,9,1.439533,0.264722,0.004013,0.32691143284719426,97.40505223952327,0.4315783139316176,0.292423,0.0855,0.025025,-0.638917,0.299,0.001,0.0159183673469387,0.299098,0.0895,0.026758,-0.633265,63.04199304862462,0.001,0.004759591836734671,1.0,560.2721321784893
58,9,1.445385,0.266221,0.005736,0.4672723595343898,97.72699784902406,0.5157146451219096,0.292009,0.0853,0.024926,-0.098119,0.292,0.001,0.0159183673469387,0.292048,0.0853,0.02491,-0.099217,64.55327370389986,0.001,0.0046481632653061,1.0,573.7033134293436
0,10,0.417666,0.002983,,,,,,,,,,,,,,,,,,,,
1,10,0.415692,0.002477,,,,,,,,,,,,,,,,,,,,
2,10,0.422341,0.00418,,,,,,,,,,,,,,,,,,,,
3,10,0.425225,0.004919,,,,,,,,,,,,,,,,,,,,
4,10,0.426102,0.005144,,,,,,,,,,,,,,,,,,,,
5,10,0.424851,0.004823,,,,,,,,,,,,,,,,,,,,
6,10,0.436573,0.007826,,,,,,,,,,,,,,,,,,,,
7,10,0.458972,0.013563,,,,,,,,,,,,,,,,,,,,
8,10,0.449179,0.011054,,,,,,,,,,,,,,,,,,,,
9,10,0.458069,0.013332,,,,,,,,,,,,,,,,,,,,
10,10,0.468587,0.016026,,,,,,,,,,,,,,,,,,,,
11,10,0.508519,0.026254,,,,,,,,,,,,,,,,,,,,
12,10,0.526157,0.030772,,,,,,,,,,,,,,,,,,,,
13,10,0.607436,0.05159,,,,,,,,,,,,,,,,,,,,
14,10,0.839725,0.111088,0.000868,0.07070997351392092,91.71508086776224,0.06939549930289746,0.287331,0.0826,0.023758,0.499187,0.284,0.005875,0.1461224489795918,0.286852,0.0823,0.023647,0.499602,66.37167578006606,0.005875,0.04149877551020407,1.0,64.25892412201328
15,10,1.489957,0.277638,0.000573,0.046678358091563,83.07344588721041,0.05426101045470344,0.28744,0.0827,0.023807,0.328538,0.286,0.005125,0.1224489795918367,0.288023,0.083,0.023924,0.32686,65.90753818719845,0.005125,0.03502040816326529,1.0,76.14607614607617
16,10,1.880266,0.377611,,,,,,,,,,,,,,,,,,,,
17,10,2.579424,0.556692,,,,,,,,,,,,,,,,,,,,
18,10,3.320408,0.746486,0.004632,0.37733709368258256,85.5552151175748,0.6494291931439098,0.289495,0.0838,0.024286,-1.494642,0.282,0.001,0.01,0.28208,0.0796,0.022446,-0.662833,66.84239688488923,0.001,0.0028199999999999996,1.0,945.6264775413713
19,10,4.049363,0.933199,,,,,,,,,,,,,,,,,,,,
20,10,4.622519,1.0,,,,,,,,,,,,,,,,,,,,
21,10,4.54112,1.0,,,,,,,,,,,,,,,,,,,,
22,10,4.175376,0.965476,0.019076,1.0,97.98436650729376,2.301157335846035,0.290532,0.0844,0.024539,0.020767,0.29,0.00325,0.0573469387755102,0.29044,0.0844,0.02451,0.020725,64.99846869496125,0.00325,0.016630612244897956,1.0,160.34687282693176
23,10,3.954985,0.909026,0.01455,1.0,96.94399356867083,1.9188874524738657,0.289955,0.0841,0.02439,-1.158608,0.282,0.001,0.01,0.28208,0.0796,0.022446,-0.662833,66.84239688488923,0.001,0.0028199999999999996,1.0,945.6264775413713
24,10,3.898529,0.894565,0.013831,1.0,97.18531255530701,1.623659861077074,0.289969,0.0841,0.024398,-0.610675,0.284,0.001,0.0277551020408163,0.284173,0.0808,0.022949,-0.611751,66.37167578006606,0.001,0.007882448979591828,1.0,338.30433581883494
25,10,3.845615,0.881012,0.010203,0.8311680412010773,91.3584090123329,1.3603460056322092,0.289659,0.0839,0.02432,-1.52466,0.282,0.001,0.01,0.28208,0.0796,0.022446,-0.662833,66.84239688488923,0.001,0.0028199999999999996,1.0,945.6264775413713
26,10,3.774031,0.862676,0.011267,0.917844782927819,97.3871507158967,1.367691957453372,0.290341,0.0843,0.024495,-1.235388,0.282,0.001,0.01,0.28208,0.0796,0.022446,-0.662833,66.84239688488923,0.001,0.0028199999999999996,1.0,945.6264775413713
27,10,3.715649,0.847723,0.008984,0.7318645184897068,93.74810174844816,1.2213238589464184,0.289939,0.0841,0.02439,-1.728393,0.282,0.001,0.01,0.28208,0.0796,0.022446,-0.662833,66.84239688488923,0.001,0.0028199999999999996,1.0,945.6264775413713
28,10,3.684352,0.839706,,,,,,,,,,,,,,,,,,,,
29,10,3.291341,0.739041,,,,,,,,,,,,,,,,,,,,
30,10,2.246388,0.471388,,,,,,,,,,,,,,,,,,,,
31,10,1.537862,0.289908,,,,,,,,,,,,,,,,,,,,
32,10,1.277478,0.223214,0.001306,0.10639081268338793,84.96747088073145,0.16676342062593585,0.290824,0.0846,0.024619,-1.530232,0.282,0.001,0.01,0.28208,0.0796,0.022446,-0.662833,66.84239688488923,0.001,0.0028199999999999996,1.0,945.6264775413713
33,10,1.226122,0.210059,0.002932,0.23884981836729968,96.2690154964549,0.24890947080892456,0.291755,0.0852,0.024867,-0.26247,0.286,0.001,0.0455102040816326,0.286346,0.082,0.02348,-0.264695,65.90753818719845,0.001,0.013015918367346923,1.0,204.87733492217822
34,10,1.562388,0.29619,,,,,,,,,,,,,,,,,,,,
35,10,1.816068,0.361167,0.005831,0.47501135433142033,97.43406492024882,0.6121805190837697,0.291098,0.0848,0.024689,-0.529723,0.284,0.001,0.0336734693877551,0.284218,0.0808,0.02296,-0.531033,66.37167578006606,0.001,0.009563265306122448,1.0,278.8447858870394
36,10,1.734507,0.340276,,,,,,,,,,,,,,,,,,,,
37,10,1.68992,0.328856,0.004583,0.3733454016293774,93.01396074338324,0.47698570478247415,0.292354,0.0855,0.025015,-0.381363,0.299,0.001,0.0336734693877551,0.29921,0.0895,0.026788,-0.380372,63.04199304862462,0.001,0.010068367346938776,1.0,264.85591702983004
38,10,1.731095,0.339402,0.005402,0.440063683090093,96.10985156627216,0.5067615289980925,0.29072,0.0846,0.0246,-0.63332,0.299,0.001,0.0159183673469387,0.299098,0.0895,0.026758,-0.633265,63.04199304862462,0.001,0.004759591836734671,1.0,560.2721321784893
39,10,1.926762,0.38952,,,,,,,,,,,,,,,,,,,,
40,10,1.883772,0.378509,0.003722,0.30320566983734293,93.05438594895713,0.3837995455429022,0.290327,0.0843,0.0245,-0.871885,0.282,0.001,0.01,0.28208,0.0796,0.022446,-0.662833,66.84239688488923,0.001,0.0028199999999999996,1.0,945.6264775413713
41,10,1.778635,0.351579,,,,,,,,,,,,,,,,,,,,
42,10,1.866547,0.374097,,,,,,,,,,,,,,,,,,,,
43,10,1.869203,0.374777,,,,,,,,,,,,,,,,,,,,
44,10,1.830385,0.364834,0.003728,0.3036944484561027,94.17898803885349,0.37390533936905745,0.290745,0.0846,0.024603,-1.009621,0.282,0.001,0.01,0.28208,0.0796,0.022446,-0.662833,66.84239688488923,0.001,0.0028199999999999996,1.0,945.6264775413713
45,10,1.577326,0.300016,0.003221,0.26239265517089777,94.56348802186864,0.3368553793273741,0.291124,0.0848,0.024695,-0.880751,0.282,0.001,0.01,0.28208,0.0796,0.022446,-0.662833,66.84239688488923,0.001,0.0028199999999999996,1.0,945.6264775413713
46,10,1.280066,0.223876,0.002808,0.2287483935795967,96.09193986465223,0.2625465558006357,0.291903,0.0852,0.024901,-0.600164,0.301,0.001,0.0277551020408163,0.301177,0.0907,0.02732,-0.596352,62.62310937388292,0.001,0.008354285714285705,1.0,319.19744642042895
47,10,1.181256,0.198567,0.002915,0.23746494561414686,95.96998068247665,0.2199159418968788,0.291582,0.0851,0.024825,-0.534681,0.286,0.001,0.0336734693877551,0.286224,0.0819,0.023449,-0.536849,65.90753818719845,0.001,0.009630612244897958,1.0,276.8948223493678
48,10,1.156864,0.19232,0.001179,0.09604499858630501,88.45268468708029,0.13259430509186898,0.291553,0.085,0.02481,-1.311484,0.282,0.001,0.01,0.28208,0.0796,0.022446,-0.662833,66.84239688488923,0.001,0.0028199999999999996,1.0,945.6264775413713
49,10,1.074054,0.171109,0.002616,0.21310747777928238,96.77929592075581,0.23113247866140585,0.290618,0.0845,0.024572,-0.590895,0.286,0.001,0.0218367346938775,0.286135,0.0819,0.023428,-0.589706,65.90753818719845,0.001,0.006245306122448965,1.0,426.9873428751944
50,10,1.079861,0.172596,0.003516,0.2864242705932557,97.71715325457451,0.23268990399297618,0.292442,0.0856,0.025044,-0.386213,0.299,0.001,0.0336734693877551,0.29921,0.0895,0.026788,-0.380372,63.04199304862462,0.001,0.010068367346938776,1.0,264.85591702983004
51,10,1.205775,0.204848,0.002674,0.21783233776062735,93.12793812502701,0.2721756437885251,0.291968,0.0853,0.024908,-0.889182,0.282,0.001,0.01,0.28208,0.0796,0.022446,-0.662833,66.84239688488923,0.001,0.0028199999999999996,1.0,945.6264775413713
52,10,1.231931,0.211547,0.003335,0.27167944892733437,95.2123866571669,0.35825555283271915,0.291631,0.0851,0.024822,-1.027224,0.282,0.001,0.01,0.28208,0.0796,0.022446,-0.662833,66.84239688488923,0.001,0.0028199999999999996,1.0,945.6264775413713
53,10,1.350527,0.241924,0.004722,0.3846687729639799,97.7196005112488,0.4743516347171368,0.291692,0.0851,0.02484,-0.472438,0.288,0.001,0.0218367346938775,0.288127,0.083,0.02392,-0.47349,65.44984694978736,0.001,0.0062889795918367195,1.0,424.02215299411665
54,10,1.372722,0.247609,0.004382,0.3569713179009233,97.13645220151383,0.41468996337909525,0.292842,0.0858,0.025135,-0.305182,0.29,0.001,0.0218367346938775,0.29011,0.0842,0.024418,-0.319376,64.99846869496125,0.001,0.006332653061224475,1.0,421.09786228381233
55,10,1.332755,0.237372,0.004705,0.3832839002108271,98.41851491772546,0.4296727757167228,0.292546,0.0856,0.025061,-0.339699,0.297,0.001,0.0277551020408163,0.297144,0.0883,0.026237,-0.332355,63.466518254339256,0.001,0.00824326530612244,1.0,323.49640192777485
56,10,1.320664,0.234275,0.003766,0.3067900463749149,94.24876012366344,0.3935347877606654,0.292713,0.0857,0.025101,-0.437833,0.297,0.001,0.0218367346938775,0.297108,0.0883,0.026228,-0.437238,63.466518254339256,0.001,0.006485510204081618,1.0,411.1729968427797
57,10,1.38901,0.251781,0.003704,0.30173933398106345,96.47536906985896,0.39763519596633934,0.292394,0.0855,0.025021,-0.492919,0.288,0.001,0.0277551020408163,0.28817,0.083,0.023931,-0.490155,65.44984694978736,0.001,0.007993469387755093,1.0,333.6056644880178
58,10,1.428125,0.2618,0.004491,0.3658507961417268,96.84434959758624,0.3989783515070131,0.292714,0.0857,0.025108,-0.403828,0.288,0.001,0.0395918367346938,0.28828,0.0831,0.023959,-0.404771,65.44984694978736,0.001,0.011402448979591813,1.0,233.86788850706424
0,11,0.418274,0.003139,,,,,,,,,,,,,,,,,,,,
1,11,0.42037,0.003675,,,,,,,,,,,,,,,,,,,,
2,11,0.418654,0.003236,,,,,,,,,,,,,,,,,,,,
3,11,0.421943,0.004078,,,,,,,,,,,,,,,,,,,,
4,11,0.427764,0.005569,,,,,,,,,,,,,,,,,,,,
5,11,0.428314,0.00571,,,,,,,,,,,,,,,,,,,,
6,11,0.428128,0.005663,,,,,,,,,,,,,,,,,,,,
7,11,0.443045,0.009483,,,,,,,,,,,,,,,,,,,,
8,11,0.458311,0.013394,,,,,,,,,,,,,,,,,,,,
9,11,0.453612,0.01219,,,,,,,,,,,,,,,,,,,,
10,11,0.505959,0.025598,,,,,,,,,,,,,,,,,,,,
11,11,0.538312,0.033885,,,,,,,,,,,,,,,,,,,,
12,11,0.582553,0.045217,,,,,,,,,,,,,,,,,,,,
13,11,0.926254,0.133252,,,,,,,,,,,,,,,,,,,,
14,11,1.264697,0.21994,0.000939,0.07649385383591213,87.36131584489824,0.07897078438704619,0.287165,0.0825,0.023717,0.555374,0.284,0.007375,0.1697959183673469,0.2878,0.0829,0.023911,0.555805,66.37167578006606,0.007375,0.048222040816326514,1.0,55.29974720115567
15,11,1.596447,0.304914,,,,,,,,,,,,,,,,,,,,
16,11,2.106393,0.43553,,,,,,,,,,,,,,,,,,,,
17,11,2.995101,0.663163,,,,,,,,,,,,,,,,,,,,
18,11,3.530801,0.800376,0.007435,0.605678171746546,91.0188004419884,0.9944164803342179,0.289439,0.0838,0.024267,-1.378508,0.282,0.001,0.01,0.28208,0.0796,0.022446,-0.662833,66.84239688488923,0.001,0.0028199999999999996,1.0,945.6264775413713
19,11,4.103882,0.947164,0.016503,1.0,88.18438026435325,2.109004581884956,0.288773,0.0834,0.024106,-1.230681,0.282,0.001,0.01,0.28208,0.0796,0.022446,-0.662833,66.84239688488923,0.001,0.0028199999999999996,1.0,945.6264775413713
20,11,4.558683,1.0,,,,,,,,,,,,,,,,,,,,
21,11,4.684776,1.0,0.018724,1.0,97.53146709413483,2.4455624455275475,0.289873,0.084,0.024369,-0.950945,0.282,0.001,0.01,0.28208,0.0796,0.022446,-0.662833,66.84239688488923,0.001,0.0028199999999999996,1.0,945.6264775413713
22,11,4.24363,0.982959,0.019406,1.0,98.35394627767528,2.3582437501384694,0.290383,0.0843,0.024501,-0.38834,0.284,0.001,0.0395918367346938,0.284272,0.0808,0.022973,-0.393613,66.37167578006606,0.001,0.011244081632653037,1.0,237.16180242969895
23,11,3.992334,0.918592,,,,,,,,,,,,,,,,,,,,
24,11,3.785113,0.865515,,,,,,,,,,,,,,,,,,,,
25,11,3.802323,0.869923,0.010209,0.8316568198198371,95.95678263473903,1.1433743090821347,0.290433,0.0844,0.02452,-0.454369,0.288,0.001,0.0159183673469387,0.288092,0.083,0.023912,-0.445267,65.44984694978736,0.001,0.004584489795918345,1.0,581.6714150047512
26,11,3.71343,0.847154,,,,,,,,,,,,,,,,,,,,
27,11,3.593906,0.81654,0.008605,0.7009900024047113,86.29382987331455,1.0266601922815828,0.288113,0.083,0.023944,-0.971555,0.282,0.001,0.01,0.28208,0.0796,0.022446,-0.662833,66.84239688488923,0.001,0.0028199999999999996,1.0,945.6264775413713
28,11,3.715872,0.84778,0.008891,0.7242884498989295,96.1783916620203,1.0715741561726428,0.290239,0.0843,0.02447,-1.098218,0.282,0.001,0.01,0.28208,0.0796,0.022446,-0.662833,66.84239688488923,0.001,0.0028199999999999996,1.0,945.6264775413713
29,11,3.311504,0.744205,0.009728,0.7924730672159248,96.65012363688246,1.168140701731737,0.290008,0.0841,0.024407,-0.932362,0.282,0.001,0.01,0.28208,0.0796,0.022446,-0.662833,66.84239688488923,0.001,0.0028199999999999996,1.0,945.6264775413713
30,11,2.217021,0.463867,0.004528,0.3688649309574123,91.96802472079568,0.5786756788319312,0.290357,0.0843,0.024498,-1.485391,0.282,0.001,0.01,0.28208,0.0796,0.022446,-0.662833,66.84239688488923,0.001,0.0028199999999999996,1.0,945.6264775413713
31,11,1.594734,0.304475,0.002975,0.24235273180174507,95.25271428422847,0.2896309358016964,0.290182,0.0842,0.024459,-0.726866,0.282,0.001,0.01,0.28208,0.0796,0.022446,-0.662833,66.84239688488923,0.001,0.0028199999999999996,1.0,945.6264775413713
32,11,1.284975,0.225134,0.002599,0.21172260502612958,95.60646772168705,0.21660446515008935,0.289691,0.084,0.024339,-0.21481,0.292,0.001,0.0336734693877551,0.292194,0.0854,0.024948,-0.218989,64.55327370389986,0.001,0.00983265306122449,1.0,271.205202712052
33,11,1.220118,0.208521,0.002772,0.22581572186703777,95.88651765903873,0.23710466103696604,0.289925,0.0841,0.024401,-0.35532,0.29,0.001,0.0277551020408163,0.290156,0.0842,0.024429,-0.353149,64.99846869496125,0.001,0.008048979591836727,1.0,331.3049357674107
34,11,1.467875,0.271982,0.004275,0.34825476586637316,96.78774493165743,0.41670982092566344,0.291814,0.0852,0.024872,-0.642977,0.284,0.001,0.0218367346938775,0.284135,0.0807,0.02294,-0.646345,66.37167578006606,0.001,0.00620163265306121,1.0,429.9942959940338
35,11,1.843787,0.368267,0.005715,0.46556163436873044,96.60765951672595,0.6301032751472349,0.29163,0.0851,0.024823,-1.067494,0.282,0.001,0.01,0.28208,0.0796,0.022446,-0.662833,66.84239688488923,0.001,0.0028199999999999996,1.0,945.6264775413713
36,11,1.771556,0.349766,0.006347,0.517046315544765,97.29151434104423,0.5709333237015466,0.292035,0.0853,0.024931,-0.573333,0.286,0.001,0.0159183673469387,0.286103,0.0819,0.02342,-0.576313,65.90753818719845,0.001,0.004552653061224468,1.0,585.7390472775116
37,11,1.729241,0.338927,0.005803,0.4727303874438745,97.68673767491812,0.5440934370318731,0.291596,0.0851,0.024821,-0.867054,0.282,0.001,0.01,0.28208,0.0796,0.022446,-0.662833,66.84239688488923,0.001,0.0028199999999999996,1.0,945.6264775413713
38,11,1.859137,0.372199,,,,,,,,,,,,,,,,,,,,
39,11,1.970797,0.400799,,,,,,,,,,,,,,,,,,,,
40,11,1.950998,0.395728,,,,,,,,,,,,,,,,,,,,
41,11,1.882628,0.378216,,,,,,,,,,,,,,,,,,,,
42,11,1.887118,0.379366,0.002697,0.21970598913254,87.18673531058037,0.27268858564608944,0.289311,0.0837,0.024247,-0.754262,0.282,0.001,0.01,0.28208,0.0796,0.022446,-0.662833,66.84239688488923,0.001,0.0028199999999999996,1.0,945.6264775413713
43,11,1.845181,0.368624,,,,,,,,,,,,,,,,,,,,
44,11,1.80325,0.357884,0.002999,0.24430784627678434,93.28666770309125,0.3174730686778673,0.290685,0.0845,0.024585,-1.147681,0.282,0.001,0.01,0.28208,0.0796,0.022446,-0.662833,66.84239688488923,0.001,0.0028199999999999996,1.0,945.6264775413713
45,11,1.526103,0.286896,0.002984,0.2430858997298848,96.33250314609023,0.2653458190304172,0.292384,0.0855,0.025027,-0.816933,0.282,0.001,0.01,0.28208,0.0796,0.022446,-0.662833,66.84239688488923,0.001,0.0028199999999999996,1.0,945.6264775413713
46,11,1.247812,0.215615,0.002929,0.2386054290579198,96.65160492193878,0.24149935613057405,0.291723,0.0851,0.024854,-0.373316,0.29,0.001,0.0336734693877551,0.290211,0.0842,0.024443,-0.362406,64.99846869496125,0.001,0.00976530612244898,1.0,273.075583420411
47,11,1.148802,0.190255,0.003032,0.24699612867996337,96.81550450425665,0.23262993254638342,0.29148,0.085,0.024796,-0.123153,0.301,0.001,0.0455102040816326,0.30135,0.0908,0.027367,-0.120926,62.62310937388292,0.001,0.013698571428571412,1.0,194.6675009559567
48,11,1.152975,0.191324,0.001708,0.139138980140296,92.91766297120517,0.16832005672527073,0.289939,0.0841,0.024407,-0.525344,0.284,0.001,0.0336734693877551,0.284218,0.0808,0.02296,-0.531033,66.37167578006606,0.001,0.009563265306122448,1.0,278.8447858870394
49,11,1.057708,0.166922,0.001421,0.11575906954295118,87.14538465372209,0.16107017715111438,0.293045,0.0859,0.025192,-0.933489,0.282,0.001,0.01,0.28208,0.0796,0.022446,-0.662833,66.84239688488923,0.001,0.0028199999999999996,1.0,945.6264775413713
50,11,1.010654,0.15487,0.000776,0.06321536802627031,75.74268298375262,0.12229917526657985,0.290032,0.0841,0.02442,-1.313775,0.282,0.001,0.01,0.28208,0.0796,0.022446,-0.662833,66.84239688488923,0.001,0.0028199999999999996,1.0,945.6264775413713
51,11,1.167798,0.19512,0.003288,0.26785068308038246,96.89983341919381,0.3003893836313243,0.2908,0.0846,0.024622,-0.287727,0.29,0.001,0.0159183673469387,0.290073,0.0841,0.024408,-0.280966,64.99846869496125,0.001,0.004616326530612222,1.0,577.6598880047184
52,11,1.234243,0.212139,0.003878,0.31591391392509827,96.70692179844735,0.33821964065003396,0.292722,0.0857,0.02511,-0.418747,0.288,0.001,0.01,0.288068,0.083,0.023906,-0.420267,65.44984694978736,0.001,0.0028799999999999997,1.0,925.9259259259259
53,11,1.304045,0.230018,0.005656,0.46075531128425884,98.09437252567425,0.41405453366782186,0.291744,0.0852,0.024863,-0.265317,0.288,0.001,0.0455102040816326,0.288348,0.0831,0.023976,-0.269339,65.44984694978736,0.001,0.013106938775510188,1.0,203.4545756518853
54,11,1.357002,0.243583,0.004356,0.3548532772196307,95.75444069581383,0.45742178095912056,0.292124,0.0854,0.02495,-0.349415,0.29,0.001,0.0277551020408163,0.290156,0.0842,0.024429,-0.353149,64.99846869496125,0.001,0.008048979591836727,1.0,331.3049357674107
55,11,1.322223,0.234674,0.004728,0.3851575515827398,98.02485477367098,0.4347688990457823,0.292657,0.0857,0.02509,-0.343367,0.29,0.001,0.0277551020408163,0.290156,0.0842,0.024429,-0.353149,64.99846869496125,0.001,0.008048979591836727,1.0,331.3049357674107
56,11,1.349897,0.241763,0.005572,0.45391241062162135,97.77169856813855,0.4944800814257102,0.292613,0.0856,0.025077,-0.09206,0.292,0.001,0.0159183673469387,0.292048,0.0853,0.02491,-0.099217,64.55327370389986,0.001,0.0046481632653061,1.0,573.7033134293436
57,11,1.413187,0.257974,0.004372,0.35615668686965696,97.4017840856279,0.3961188360452428,0.292926,0.0858,0.025158,-0.192376,0.292,0.001,0.0277551020408163,0.292136,0.0853,0.024933,-0.190204,64.55327370389986,0.001,0.008104489795918358,1.0,329.0357238785929
58,11,1.348022,0.241283,0.003822,0.3113519801500066,97.6534639806307,0.3594204631023127,0.292178,0.0854,0.024966,-0.616764,0.284,0.001,0.0277551020408163,0.284173,0.0808,0.022949,-0.611751,66.37167578006606,0.001,0.007882448979591828,1.0,338.30433581883494
0,12,0.417122,0.002843,,,,,,,,,,,,,,,,,,,,
1,12,0.41972,0.003509,,,,,,,,,,,,,,,,,,,,
2,12,0.420337,0.003667,,,,,,,,,,,,,,,,,,,,
3,12,0.422152,0.004132,,,,,,,,,,,,,,,,,,,,
4,12,0.422854,0.004312,,,,,,,,,,,,,,,,,,,,
5,12,0.423423,0.004457,,,,,,,,,,,,,,,,,,,,
6,12,0.423816,0.004558,,,,,,,,,,,,,,,,,,,,
7,12,0.430027,0.006149,,,,,,,,,,,,,,,,,,,,
8,12,0.441501,0.009088,,,,,,,,,,,,,,,,,,,,
9,12,0.468496,0.016002,,,,,,,,,,,,,,,,,,,,
10,12,0.534094,0.032804,,,,,,,,,,,,,,,,,,,,
11,12,0.590128,0.047157,,,,,,,,,,,,,,,,,,,,
12,12,0.828027,0.108092,,,,,,,,,,,,,,,,,,,,
13,12,1.276692,0.223012,,,,,,,,,,,,,,,,,,,,
14,12,1.515198,0.284103,,,,,,,,,,,,,,,,,,,,
15,12,1.597904,0.305287,,,,,,,,,,,,,,,,,,,,
16,12,2.244524,0.470911,,,,,,,,,,,,,,,,,,,,
17,12,3.295996,0.740233,,,,,,,,,,,,,,,,,,,,
18,12,3.802657,0.870009,,,,,,,,,,,,,,,,,,,,
19,12,4.310358,1.0,0.016576,1.0,96.82142940331627,2.160312737787311,0.290176,0.0842,0.024448,-1.371059,0.282,0.001,0.01,0.28208,0.0796,0.022446,-0.662833,66.84239688488923,0.001,0.0028199999999999996,1.0,945.6264775413713
20,12,4.528051,1.0,0.019282,1.0,97.7279535354862,2.5487315924108485,0.29016,0.0842,0.024442,-0.990484,0.282,0.001,0.01,0.28208,0.0796,0.022446,-0.662833,66.84239688488923,0.001,0.0028199999999999996,1.0,945.6264775413713
21,12,4.693107,1.0,0.01925,1.0,98.1006804112377,2.3271461446223825,0.290155,0.0842,0.024444,-0.261628,0.286,0.001,0.0455102040816326,0.286346,0.082,0.02348,-0.264695,65.90753818719845,0.001,0.013015918367346923,1.0,204.87733492217822
22,12,4.395498,1.0,,,,,,,,,,,,,,,,,,,,
23,12,3.972028,0.913391,0.014478,1.0,90.14017633104271,1.8523879971855868,0.28877,0.0834,0.024102,-1.223945,0.282,0.001,0.01,0.28208,0.0796,0.022446,-0.662833,66.84239688488923,0.001,0.0028199999999999996,1.0,945.6264775413713
24,12,3.715715,0.847739,,,,,,,,,,,,,,,,,,,,
25,12,3.724851,0.85008,,,,,,,,,,,,,,,,,,,,
26,12,3.863509,0.885595,,,,,,,,,,,,,,,,,,,,
27,12,3.526866,0.799368,,,,,,,,,,,,,,,,,,,,
28,12,3.590144,0.815576,,,,,,,,,,,,,,,,,,,,
29,12,3.138936,0.700004,,,,,,,,,,,,,,,,,,,,
30,12,2.23607,0.468746,,,,,,,,,,,,,,,,,,,,
31,12,1.573157,0.298948,,,,,,,,,,,,,,,,,,,,
32,12,1.222274,0.209074,0.002384,0.1942080378539026,97.12578666446552,0.21577878169109965,0.290203,0.0843,0.02447,-0.664303,0.282,0.001,0.01,0.28208,0.0796,0.022446,-0.662833,66.84239688488923,0.001,0.0028199999999999996,1.0,945.6264775413713
33,12,1.330282,0.236739,0.000972,0.07918213623909116,74.1676556693145,0.18139541758147915,0.290624,0.0845,0.024569,-1.5582,0.282,0.001,0.01,0.28208,0.0796,0.022446,-0.662833,66.84239688488923,0.001,0.0028199999999999996,1.0,945.6264775413713
34,12,1.493676,0.27859,0.004789,0.3901268008734646,97.18233359006003,0.46163900900897126,0.291664,0.0851,0.024833,-0.812532,0.282,0.001,0.01,0.28208,0.0796,0.022446,-0.662833,66.84239688488923,0.001,0.0028199999999999996,1.0,945.6264775413713
35,12,1.775815,0.350857,0.005185,0.42238618971161285,95.28106517015846,0.5592408423027146,0.291604,0.0851,0.024817,-1.028043,0.282,0.001,0.01,0.28208,0.0796,0.022446,-0.662833,66.84239688488923,0.001,0.0028199999999999996,1.0,945.6264775413713
36,12,1.837471,0.366649,,,,,,,,,,,,,,,,,,,,
37,12,1.794848,0.355732,,,,,,,,,,,,,,,,,,,,
38,12,1.934285,0.391447,,,,,,,,,,,,,,,,,,,,
39,12,1.992973,0.406479,,,,,,,,,,,,,,,,,,,,
40,12,1.955915,0.396987,0.002796,0.22777083634207704,87.08600717227854,0.30422139181404706,0.290547,0.0844,0.024555,-1.19849,0.282,0.001,0.01,0.28208,0.0796,0.022446,-0.662833,66.84239688488923,0.001,0.0028199999999999996,1.0,945.6264775413713
41,12,1.947148,0.394742,0.004129,0.33636115280988416,92.44377148223667,0.39649356322828844,0.289866,0.0841,0.024385,-0.749853,0.282,0.001,0.01,0.28208,0.0796,0.022446,-0.662833,66.84239688488923,0.001,0.0028199999999999996,1.0,945.6264775413713
42,12,1.807049,0.358857,,,,,,,,,,,,,,,,,,,,
43,12,1.757863,0.346259,,,,,,,,,,,,,,,,,,,,
44,12,1.682978,0.327078,0.002651,0.21595868638871468,90.06594195340587,0.3537990457901419,0.291436,0.085,0.024779,-1.183699,0.282,0.001,0.01,0.28208,0.0796,0.022446,-0.662833,66.84239688488923,0.001,0.0028199999999999996,1.0,945.6264775413713
45,12,1.401473,0.254974,0.004254,0.34654404070071376,97.29671698447589,0.3658003579698027,0.291026,0.0847,0.02468,-0.264428,0.286,0.001,0.0455102040816326,0.286346,0.082,0.02348,-0.264695,65.90753818719845,0.001,0.013015918367346923,1.0,204.87733492217822
46,12,1.180874,0.19847,0.002499,0.20357629471346586,96.30060252357598,0.19650998731917013,0.292935,0.0858,0.025169,-0.824914,0.282,0.001,0.01,0.28208,0.0796,0.022446,-0.662833,66.84239688488923,0.001,0.0028199999999999996,1.0,945.6264775413713
47,12,1.114107,0.181368,0.000963,0.07844896831095143,81.02667298456691,0.11296859063259035,0.291582,0.0851,0.024822,-1.393318,0.282,0.001,0.01,0.28208,0.0796,0.022446,-0.662833,66.84239688488923,0.001,0.0028199999999999996,1.0,945.6264775413713
48,12,1.088915,0.174915,0.002582,0.21033773227297672,95.44287710786789,0.20972089974120012,0.290485,0.0844,0.024542,-0.529956,0.284,0.001,0.0336734693877551,0.284218,0.0808,0.02296,-0.531033,66.37167578006606,0.001,0.009563265306122448,1.0,278.8447858870394
49,12,1.062038,0.168031,0.002325,0.18940171476943102,96.86976130391814,0.18654963948885928,0.291628,0.0851,0.024835,-0.181423,0.292,0.001,0.0277551020408163,0.292136,0.0853,0.024933,-0.190204,64.55327370389986,0.001,0.008104489795918358,1.0,329.0357238785929
50,12,0.982835,0.147744,0.0011,0.0896094134393007,91.7376053065004,0.10114712931427883,0.294094,0.0865,0.025473,-0.078564,0.295,0.001,0.0277551020408163,0.295121,0.0871,0.025705,-0.084105,63.8967997340297,0.001,0.008187755102040808,1.0,325.68959787304783
51,12,1.12424,0.183963,0.001446,0.1177956471211171,84.8606183172698,0.21287014163192408,0.290793,0.0846,0.024608,-1.581534,0.282,0.001,0.01,0.28208,0.0796,0.022446,-0.662833,66.84239688488923,0.001,0.0028199999999999996,1.0,945.6264775413713
52,12,1.173504,0.196582,0.003221,0.26239265517089777,97.03710811731217,0.2772895083129022,0.292165,0.0854,0.024968,-0.498918,0.297,0.001,0.0159183673469387,0.297081,0.0883,0.02622,-0.503788,63.466518254339256,0.001,0.0047277551020407935,1.0,564.0450084894557
53,12,1.190287,0.200881,0.002945,0.23990883870794596,95.34798070127073,0.3358075535587203,0.291328,0.0849,0.024742,-0.594422,0.286,0.001,0.0218367346938775,0.286135,0.0819,0.023428,-0.589706,65.90753818719845,0.001,0.006245306122448965,1.0,426.9873428751944
54,12,1.310766,0.23174,0.00628,0.5115882876352803,97.81242052954184,0.5710061210239646,0.292465,0.0856,0.02504,-0.022532,0.294,0.001,0.0455102040816326,0.294319,0.0866,0.025496,-0.022366,64.1141357875468,0.001,0.013379999999999984,1.0,199.30244145490806
55,12,1.250419,0.216283,0.004701,0.38295804779832054,98.26552344804053,0.40110330187850163,0.291928,0.0853,0.024905,-0.379539,0.299,0.001,0.0336734693877551,0.29921,0.0895,0.026788,-0.380372,63.04199304862462,0.001,0.010068367346938776,1.0,264.85591702983004
56,12,1.269785,0.221243,0.003223,0.26255558137715107,95.74087959689444,0.3401469965678533,0.292071,0.0853,0.024937,-0.113955,0.301,0.001,0.0455102040816326,0.30135,0.0908,0.027367,-0.120926,62.62310937388292,0.001,0.013698571428571412,1.0,194.6675009559567
57,12,1.332352,0.237269,0.003515,0.286342807490129,95.96129094698637,0.37897594617264985,0.291554,0.085,0.024802,-1.162029,0.282,0.001,0.01,0.28208,0.0796,0.022446,-0.662833,66.84239688488923,0.001,0.0028199999999999996,1.0,945.6264775413713
58,12,1.326334,0.235727,0.004294,0.34980256482577926,97.39745379695951,0.3867232817387345,0.293114,0.0859,0.025205,-0.525017,0.284,0.001,0.0336734693877551,0.284218,0.0808,0.02296,-0.531033,66.37167578006606,0.001,0.009563265306122448,1.0,278.8447858870394
0,13,0.424563,0.00475,,,,,,,,,,,,,,,,,,,,
1,13,0.428684,0.005805,,,,,,,,,,,,,,,,,,,,
2,13,0.429251,0.00595,,,,,,,,,,,,,,,,,,,,
3,13,0.427213,0.005428,,,,,,,,,,,,,,,,,,,,
4,13,0.427687,0.005549,,,,,,,,,,,,,,,,,,,,
5,13,0.428475,0.005752,,,,,,,,,,,,,,,,,,,,
6,13,0.431362,0.006491,,,,,,,,,,,,,,,,,,,,
7,13,0.43425,0.007231,,,,,,,,,,,,,,,,,,,,
8,13,0.438223,0.008248,,,,,,,,,,,,,,,,,,,,
9,13,0.470605,0.016542,,,,,,,,,,,,,,,,,,,,
10,13,0.578837,0.044265,,,,,,,,,,,,,,,,,,,,
11,13,0.657561,0.064429,0.000431,0.03511059744758055,80.8948235893019,0.04270330062155647,0.292246,0.0854,0.024992,-0.84171,0.282,0.001,0.01,0.28208,0.0796,0.022446,-0.662833,66.84239688488923,0.001,0.0028199999999999996,1.0,945.6264775413713
12,13,1.010574,0.154849,,,,,,,,,,,,,,,,,,,,
13,13,1.477306,0.274397,,,,,,,,,,,,,,,,,,,,
14,13,1.789621,0.354393,0.000229,0.018655050615999872,59.607850559541326,0.06567151573195606,0.286787,0.0823,0.023618,-0.420535,0.288,0.001,0.01,0.288068,0.083,0.023906,-0.420267,65.44984694978736,0.001,0.0028799999999999997,1.0,925.9259259259259
15,13,1.928733,0.390025,,,,,,,,,,,,,,,,,,,,
16,13,2.605153,0.563282,,,,,,,,,,,,,,,,,,,,
17,13,3.418309,0.771562,0.005223,0.42548178763042505,93.7190632073245,0.502629165820486,0.289983,0.0841,0.024421,-0.35922,0.29,0.001,0.0336734693877551,0.290211,0.0842,0.024443,-0.362406,64.99846869496125,0.001,0.00976530612244898,1.0,273.075583420411
18,13,3.986717,0.917153,,,,,,,,,,,,,,,,,,,,
19,13,4.619191,1.0,,,,,,,,,,,,,,,,,,,,
20,13,4.56792,1.0,,,,,,,,,,,,,,,,,,,,
21,13,4.670107,1.0,,,,,,,,,,,,,,,,,,,,
22,13,4.551391,1.0,,,,,,,,,,,,,,,,,,,,
23,13,4.063352,0.936783,,,,,,,,,,,,,,,,,,,,
24,13,3.795696,0.868226,0.01148,0.9351964238937928,88.9955772800266,1.4227503677213127,0.288484,0.0833,0.024033,-1.143655,0.282,0.001,0.01,0.28208,0.0796,0.022446,-0.662833,66.84239688488923,0.001,0.0028199999999999996,1.0,945.6264775413713
25,13,3.743014,0.854732,,,,,,,,,,,,,,,,,,,,
26,13,3.788079,0.866275,,,,,,,,,,,,,,,,,,,,
27,13,3.689256,0.840962,0.008206,0.6684862242571832,95.07658384541647,0.9479302809368906,0.290541,0.0844,0.024545,-1.070389,0.282,0.001,0.01,0.28208,0.0796,0.022446,-0.662833,66.84239688488923,0.001,0.0028199999999999996,1.0,945.6264775413713
28,13,3.584465,0.814121,,,,,,,,,,,,,,,,,,,,
29,13,3.057184,0.679064,,,,,,,,,,,,,,,,,,,,
30,13,2.316118,0.489249,,,,,,,,,,,,,,,,,,,,
31,13,1.59508,0.304564,,,,,,,,,,,,,,,,,,,,
32,13,1.279796,0.223807,0.002049,0.1669178983064792,93.50104013548221,0.18524474177127637,0.291834,0.0852,0.024879,-1.028399,0.282,0.001,0.01,0.28208,0.0796,0.022446,-0.662833,66.84239688488923,0.001,0.0028199999999999996,1.0,945.6264775413713
33,13,1.39959,0.254491,0.003457,0.2816179475087841,96.55748046334958,0.3306462166512174,0.292069,0.0853,0.024941,-0.791104,0.282,0.001,0.01,0.28208,0.0796,0.022446,-0.662833,66.84239688488923,0.001,0.0028199999999999996,1.0,945.6264775413713
34,13,1.54519,0.291785,0.004477,0.36471031269795384,97.26303693523495,0.37915726415500073,0.291936,0.0853,0.024909,-0.404696,0.288,0.001,0.0395918367346938,0.28828,0.0831,0.023959,-0.404771,65.44984694978736,0.001,0.011402448979591813,1.0,233.86788850706424
35,13,1.719216,0.336359,,,,,,,,,,,,,,,,,,,,
36,13,1.894991,0.381382,,,,,,,,,,,,,,,,,,,,
37,13,1.88459,0.378718,,,,,,,,,,,,,,,,,,,,
38,13,1.904819,0.3839,,,,,,,,,,,,,,,,,,,,
39,13,1.989303,0.405539,,,,,,,,,,,,,,,,,,,,
40,13,2.024132,0.41446,,,,,,,,,,,,,,,,,,,,
41,13,2.060126,0.42368,,,,,,,,,,,,,,,,,,,,
42,13,1.982688,0.403845,,,,,,,,,,,,,,,,,,,,
43,13,1.890247,0.380167,0.003775,0.3075232143030547,94.84730019485492,0.34978426643294247,0.291357,0.0849,0.024765,-1.206431,0.282,0.001,0.01,0.28208,0.0796,0.022446,-0.662833,66.84239688488923,0.001,0.0028199999999999996,1.0,945.6264775413713
44,13,1.835023,0.366022,,,,,,,,,,,,,,,,,,,,
45,13,1.497261,0.279509,0.002437,0.19852558231961437,93.8645093058851,0.2408123430081066,0.291149,0.0848,0.024701,-0.636345,0.299,0.001,0.0159183673469387,0.299098,0.0895,0.026758,-0.633265,63.04199304862462,0.001,0.004759591836734671,1.0,560.2721321784893
46,13,1.24268,0.2143,0.001618,0.13180730085889866,91.58189271610141,0.16671996994625604,0.290572,0.0845,0.024565,-0.398615,0.288,0.001,0.0395918367346938,0.28828,0.0831,0.023959,-0.404771,65.44984694978736,0.001,0.011402448979591813,1.0,233.86788850706424
47,13,1.176847,0.197438,0.002651,0.21595868638871468,95.19398437993144,0.24804996302432647,0.291658,0.0851,0.024836,-0.558708,0.286,0.001,0.01,0.286081,0.0818,0.023414,-0.559748,65.90753818719845,0.001,0.0028599999999999997,1.0,932.4009324009326
48,13,1.15154,0.190956,0.002578,0.21001187986047018,96.25589112556665,0.18252459385430575,0.29082,0.0846,0.024627,-0.325087,0.29,0.001,0.0395918367346938,0.290273,0.0843,0.024459,-0.32442,64.99846869496125,0.001,0.011481632653061201,1.0,232.25500651736036
49,13,1.115855,0.181816,0.001435,0.1168995529867241,92.76931196074605,0.13190772666468864,0.29197,0.0853,0.024926,-0.920876,0.282,0.001,0.01,0.28208,0.0796,0.022446,-0.662833,66.84239688488923,0.001,0.0028199999999999996,1.0,945.6264775413713
50,13,1.058605,0.167152,0.003111,0.2534317138269677,97.40601762286059,0.2422898266091298,0.292232,0.0854,0.024985,-0.415811,0.288,0.001,0.01,0.288068,0.083,0.023906,-0.420267,65.44984694978736,0.001,0.0028799999999999997,1.0,925.9259259259259
51,13,1.15891,0.192844,0.002729,0.22231280843259238,96.56258676206687,0.25217384086994854,0.290371,0.0843,0.024506,-0.695176,0.282,0.001,0.01,0.28208,0.0796,0.022446,-0.662833,66.84239688488923,0.001,0.0028199999999999996,1.0,945.6264775413713
52,13,1.230178,0.211098,0.003379,0.2752638254649064,97.19348431550436,0.30657899501338315,0.291894,0.0852,0.024894,-0.618095,0.284,0.001,0.0277551020408163,0.284173,0.0808,0.022949,-0.611751,66.37167578006606,0.001,0.007882448979591828,1.0,338.30433581883494
53,13,1.247182,0.215454,0.00404,0.3291109366316135,95.4870623999066,0.4113267835020644,0.292358,0.0855,0.025009,-0.459072,0.288,0.001,0.0159183673469387,0.288092,0.083,0.023912,-0.445267,65.44984694978736,0.001,0.004584489795918345,1.0,581.6714150047512
54,13,1.344772,0.24045,0.003481,0.2835730619838234,95.604817645354,0.33921101814056376,0.293472,0.0862,0.025303,-0.510519,0.299,0.001,0.0277551020408163,0.299164,0.0895,0.026776,-0.510638,63.04199304862462,0.001,0.008298775510204073,1.0,321.3325463964853
55,13,1.360419,0.244458,0.004106,0.3344875014379715,97.14795918673326,0.3781076088297344,0.291511,0.085,0.024796,-0.490328,0.288,0.001,0.0277551020408163,0.28817,0.083,0.023931,-0.490155,65.44984694978736,0.001,0.007993469387755093,1.0,333.6056644880178
56,13,1.353408,0.242662,0.003553,0.2894384054089413,94.79199960596314,0.3522475556694683,0.292164,0.0854,0.024961,-0.793839,0.282,0.001,0.01,0.28208,0.0796,0.022446,-0.662833,66.84239688488923,0.001,0.0028199999999999996,1.0,945.6264775413713
57,13,1.327159,0.235939,0.005035,0.4101667242426173,97.58976597988472,0.4371593508638818,0.29218,0.0854,0.02497,-0.470744,0.288,0.001,0.0218367346938775,0.288127,0.083,0.02392,-0.47349,65.44984694978736,0.001,0.0062889795918367195,1.0,424.02215299411665
58,13,1.358664,0.244009,0.003027,0.2465888131643302,95.08653924010358,0.3317140710726437,0.291667,0.0851,0.024832,-1.047304,0.282,0.001,0.01,0.28208,0.0796,0.022446,-0.662833,66.84239688488923,0.001,0.0028199999999999996,1.0,945.6264775413713
0,14,0.42188,0.004062,,,,,,,,,,,,,,,,,,,,
1,14,0.432151,0.006693,,,,,,,,,,,,,,,,,,,,
2,14,0.428069,0.005647,,,,,,,,,,,,,,,,,,,,
3,14,0.429947,0.006128,,,,,,,,,,,,,,,,,,,,
4,14,0.43108,0.006419,,,,,,,,,,,,,,,,,,,,
5,14,0.431011,0.006401,,,,,,,,,,,,,,,,,,,,
6,14,0.430786,0.006343,,,,,,,,,,,,,,,,,,,,
7,14,0.439126,0.00848,,,,,,,,,,,,,,,,,,,,
8,14,0.443156,0.009512,,,,,,,,,,,,,,,,,,,,
9,14,0.465421,0.015215,,,,,,,,,,,,,,,,,,,,
10,14,0.577289,0.043869,,,,,,,,,,,,,,,,,,,,
11,14,0.69643,0.074385,,,,,,,,,,,,,,,,,,,,
12,14,1.063338,0.168364,,,,,,,,,,,,,,,,,,,,
13,14,1.426441,0.261369,,,,,,,,,,,,,,,,,,,,
14,14,2.030755,0.416157,0.000264,0.02150625922543217,65.40302738054167,0.05839455542971672,0.287252,0.0826,0.023767,-0.137802,0.292,0.001,0.0455102040816326,0.292334,0.0855,0.024984,-0.135857,64.55327370389986,0.001,0.01328897959183672,1.0,200.6675266703526
15,14,2.370853,0.503269,,,,,,,,,,,,,,,,,,,,
16,14,2.982278,0.659878,,,,,,,,,,,,,,,,,,,,
17,14,3.70696,0.845497,,,,,,,,,,,,,,,,,,,,
18,14,4.081204,0.941355,,,,,,,,,,,,,,,,,,,,
19,14,4.69804,1.0,0.017403,1.0,92.07855647833216,2.240237177887991,0.289074,0.0836,0.024177,-1.287575,0.282,0.001,0.01,0.28208,0.0796,0.022446,-0.662833,66.84239688488923,0.001,0.0028199999999999996,1.0,945.6264775413713
20,14,4.691589,1.0,0.020139,1.0,97.97419463543902,2.4767682734901877,0.290027,0.0841,0.024411,-0.615747,0.284,0.001,0.0277551020408163,0.284173,0.0808,0.022949,-0.611751,66.37167578006606,0.001,0.007882448979591828,1.0,338.30433581883494
21,14,4.538636,1.0,0.017954,1.0,96.77571663268131,2.337503504462591,0.289789,0.084,0.024348,-0.852476,0.282,0.001,0.01,0.28208,0.0796,0.022446,-0.662833,66.84239688488923,0.001,0.0028199999999999996,1.0,945.6264775413713
22,14,4.626971,1.0,,,,,,,,,,,,,,,,,,,,
23,14,4.219274,0.97672,0.013737,1.0,97.51549925712848,1.5877697425875401,0.289904,0.0841,0.024384,-0.55284,0.286,0.001,0.01,0.286081,0.0818,0.023414,-0.559748,65.90753818719845,0.001,0.0028599999999999997,1.0,932.4009324009326
24,14,3.754216,0.857601,,,,,,,,,,,,,,,,,,,,
25,14,3.799883,0.869298,0.008575,0.6985461093109122,86.52643324755684,1.011495995699513,0.288144,0.0831,0.023958,-0.959385,0.282,0.001,0.01,0.28208,0.0796,0.022446,-0.662833,66.84239688488923,0.001,0.0028199999999999996,1.0,945.6264775413713
26,14,3.809416,0.87174,,,,,,,,,,,,,,,,,,,,
27,14,3.632366,0.826391,,,,,,,,,,,,,,,,,,,,
28,14,3.456094,0.781241,,,,,,,,,,,,,,,,,,,,
29,14,2.930721,0.646672,,,,,,,,,,,,,,,,,,,,
30,14,2.223065,0.465415,,,,,,,,,,,,,,,,,,,,
31,14,1.613187,0.309202,,,,,,,,,,,,,,,,,,,,
32,14,1.271896,0.221784,0.001553,0.12651219915566725,87.49890047717797,0.1770465269452659,0.29175,0.0851,0.024859,-1.016319,0.282,0.001,0.01,0.28208,0.0796,0.022446,-0.662833,66.84239688488923,0.001,0.0028199999999999996,1.0,945.6264775413713
33,14,1.278261,0.223414,0.002937,0.23925713388293285,96.93244830327748,0.2667025390592257,0.290419,0.0844,0.024519,-0.36037,0.29,0.001,0.0336734693877551,0.290211,0.0842,0.024443,-0.362406,64.99846869496125,0.001,0.00976530612244898,1.0,273.075583420411
34,14,1.446834,0.266592,0.003546,0.2888681636870548,95.15580525924504,0.36160186444791287,0.291987,0.0853,0.024918,-0.89287,0.282,0.001,0.01,0.28208,0.0796,0.022446,-0.662833,66.84239688488923,0.001,0.0028199999999999996,1.0,945.6264775413713
35,14,1.755704,0.345705,0.005778,0.4706938098657086,97.39533350990318,0.5745164826956393,0.29172,0.0851,0.02485,-0.885125,0.282,0.001,0.01,0.28208,0.0796,0.022446,-0.662833,66.84239688488923,0.001,0.0028199999999999996,1.0,945.6264775413713
36,14,2.004673,0.409476,,,,,,,,,,,,,,,,,,,,
37,14,1.949791,0.395419,,,,,,,,,,,,,,,,,,,,
38,14,1.923106,0.388584,,,,,,,,,,,,,,,,,,,,
39,14,1.982157,0.403709,0.004678,0.38108439642640785,93.69340758076478,0.3572923250605,0.290104,0.0842,0.02445,-0.281248,0.29,0.001,0.0159183673469387,0.290073,0.0841,0.024408,-0.280966,64.99846869496125,0.001,0.004616326530612222,1.0,577.6598880047184
40,14,2.036139,0.417536,,,,,,,,,,,,,,,,,,,,
41,14,2.072558,0.426864,0.003893,0.3171358604719978,91.33064870643622,0.314847182566806,0.288326,0.0832,0.023999,-0.349214,0.29,0.001,0.0277551020408163,0.290156,0.0842,0.024429,-0.353149,64.99846869496125,0.001,0.008048979591836727,1.0,331.3049357674107
42,14,2.076967,0.427993,0.003345,0.27249407995860075,86.7661006415916,0.3614137811473128,0.289776,0.084,0.024366,-0.927019,0.282,0.001,0.01,0.28208,0.0796,0.022446,-0.662833,66.84239688488923,0.001,0.0028199999999999996,1.0,945.6264775413713
43,14,1.932632,0.391024,0.003704,0.30173933398106345,94.04397942118298,0.33163124381016607,0.290745,0.0846,0.024612,-1.133299,0.282,0.001,0.01,0.28208,0.0796,0.022446,-0.662833,66.84239688488923,0.001,0.0028199999999999996,1.0,945.6264775413713
44,14,1.869113,0.374754,,,,,,,,,,,,,,,,,,,,
45,14,1.520292,0.285407,0.00319,0.25986729897397204,94.50868323380602,0.2754709565769502,0.290777,0.0846,0.02461,-0.66373,0.282,0.001,0.01,0.28208,0.0796,0.022446,-0.662833,66.84239688488923,0.001,0.0028199999999999996,1.0,945.6264775413713
46,14,1.208489,0.205543,0.003123,0.25440927106448735,96.5834000693635,0.23263507358843516,0.289867,0.0841,0.024384,-0.308056,0.29,0.001,0.0218367346938775,0.29011,0.0842,0.024418,-0.319376,64.99846869496125,0.001,0.006332653061224475,1.0,421.09786228381233
47,14,1.208262,0.205485,0.002942,0.23966444939856607,95.66987453260509,0.2436121666673392,0.291153,0.0848,0.024712,-0.593807,0.286,0.001,0.0218367346938775,0.286135,0.0819,0.023428,-0.589706,65.90753818719845,0.001,0.006245306122448965,1.0,426.9873428751944
48,14,1.178998,0.197989,0.001556,0.12675658846504717,95.2096513139168,0.14298141600484204,0.290711,0.0845,0.024597,-0.849971,0.282,0.001,0.01,0.28208,0.0796,0.022446,-0.662833,66.84239688488923,0.001,0.0028199999999999996,1.0,945.6264775413713
49,14,1.103861,0.178744,0.001088,0.08863185620178106,87.88270058652616,0.09727470091181445,0.291467,0.085,0.024803,-0.869433,0.282,0.001,0.01,0.28208,0.0796,0.022446,-0.662833,66.84239688488923,0.001,0.0028199999999999996,1.0,945.6264775413713
50,14,1.008323,0.154273,0.000486,0.03959106811954558,71.24140285329403,0.09980684871775147,0.291669,0.0851,0.024851,-1.108655,0.282,0.001,0.01,0.28208,0.0796,0.022446,-0.662833,66.84239688488923,0.001,0.0028199999999999996,1.0,945.6264775413713
51,14,1.102032,0.178275,0.002893,0.23567275734536086,96.97726812595698,0.21028597452335673,0.292904,0.0858,0.025162,-0.364348,0.29,0.001,0.0336734693877551,0.290211,0.0842,0.024443,-0.362406,64.99846869496125,0.001,0.00976530612244898,1.0,273.075583420411
52,14,1.211635,0.206349,0.00389,0.3168914711626179,97.37294431373243,0.292728447084321,0.292431,0.0855,0.025037,-0.4872,0.288,0.001,0.0277551020408163,0.28817,0.083,0.023931,-0.490155,65.44984694978736,0.001,0.007993469387755093,1.0,333.6056644880178
53,14,1.238108,0.213129,0.002701,0.2200318415450465,89.70514929423481,0.3192604274221269,0.292766,0.0857,0.025114,-1.474104,0.282,0.001,0.01,0.28208,0.0796,0.022446,-0.662833,66.84239688488923,0.001,0.0028199999999999996,1.0,945.6264775413713
54,14,1.284955,0.225129,0.003912,0.3186836594314039,97.52229420532997,0.3825855004146821,0.292176,0.0854,0.024965,-0.76352,0.282,0.001,0.01,0.28208,0.0796,0.022446,-0.662833,66.84239688488923,0.001,0.0028199999999999996,1.0,945.6264775413713
55,14,1.37665,0.248615,0.004301,0.3503728065476657,95.947495262163,0.43611746266969176,0.292421,0.0855,0.025026,-0.37911,0.299,0.001,0.0336734693877551,0.29921,0.0895,0.026788,-0.380372,63.04199304862462,0.001,0.010068367346938776,1.0,264.85591702983004
56,14,1.341568,0.23963,0.003362,0.2738789527117536,94.12177132280374,0.3625030384031759,0.292818,0.0858,0.025128,-0.500796,0.297,0.001,0.0159183673469387,0.297081,0.0883,0.02622,-0.503788,63.466518254339256,0.001,0.0047277551020407935,1.0,564.0450084894557
57,14,1.250995,0.21643,0.005316,0.4330578562212023,97.66102062570735,0.4508009327867921,0.292361,0.0855,0.025016,-0.40625,0.288,0.001,0.0395918367346938,0.28828,0.0831,0.023959,-0.404771,65.44984694978736,0.001,0.011402448979591813,1.0,233.86788850706424
58,14,1.26342,0.219613,0.003864,0.31477343048132533,97.32829154587031,0.33729578868810206,0.291492,0.085,0.024795,-0.305875,0.29,0.001,0.0218367346938775,0.29011,0.0842,0.024418,-0.319376,64.99846869496125,0.001,0.006332653061224475,1.0,421.09786228381233
0,15,0.424968,0.004853,,,,,,,,,,,,,,,,,,,,
1,15,0.42713,0.005407,,,,,,,,,,,,,,,,,,,,
2,15,0.428895,0.005859,,,,,,,,,,,,,,,,,,,,
3,15,0.427393,0.005474,,,,,,,,,,,,,,,,,,,,
4,15,0.430462,0.00626,,,,,,,,,,,,,,,,,,,,
5,15,0.430662,0.006312,,,,,,,,,,,,,,,,,,,,
6,15,0.42994,0.006127,,,,,,,,,,,,,,,,,,,,
7,15,0.432529,0.00679,,,,,,,,,,,,,,,,,,,,
8,15,0.438001,0.008191,,,,,,,,,,,,,,,,,,,,
9,15,0.462385,0.014437,,,,,,,,,,,,,,,,,,,,
10,15,0.571424,0.042366,,,,,,,,,,,,,,,,,,,,
11,15,0.680833,0.07039,,,,,,,,,,,,,,,,,,,,
12,15,1.062646,0.168187,,,,,,,,,,,,,,,,,,,,
13,15,1.494731,0.27886,,,,,,,,,,,,,,,,,,,,
14,15,2.181671,0.454812,,,,,,,,,,,,,,,,,,,,
15,15,2.819244,0.618119,,,,,,,,,,,,,,,,,,,,
16,15,3.256909,0.730222,,,,,,,,,,,,,,,,,,,,
17,15,3.613978,0.821681,,,,,,,,,,,,,,,,,,,,
18,15,4.124898,0.952547,,,,,,,,,,,,,,,,,,,,
19,15,4.638715,1.0,,,,,,,,,,,,,,,,,,,,
20,15,4.914517,1.0,,,,,,,,,,,,,,,,,,,,
21,15,4.514937,1.0,,,,,,,,,,,,,,,,,,,,
22,15,4.622947,1.0,,,,,,,,,,,,,,,,,,,,
23,15,4.633813,1.0,0.011694,0.952629527962893,93.3784751001217,1.5530938768432683,0.289243,0.0837,0.024215,-1.376092,0.282,0.001,0.01,0.28208,0.0796,0.022446,-0.662833,66.84239688488923,0.001,0.0028199999999999996,1.0,945.6264775413713
24,15,3.90049,0.895067,,,,,,,,,,,,,,,,,,,,
25,15,3.740878,0.854185,,,,,,,,,,,,,,,,,,,,
26,15,3.894022,0.893411,,,,,,,,,,,,,,,,,,,,
27,15,3.678348,0.838168,0.009828,0.8006193775285884,96.21889708193815,0.9666740228544968,0.290255,0.0843,0.024478,-0.535623,0.286,0.001,0.0336734693877551,0.286224,0.0819,0.023449,-0.536849,65.90753818719845,0.001,0.009630612244897958,1.0,276.8948223493678
28,15,3.405811,0.768361,,,,,,,,,,,,,,,,,,,,
29,15,2.983767,0.660259,,,,,,,,,,,,,,,,,,,,
30,15,2.119804,0.438965,0.004655,0.37921074505449526,95.06325918223924,0.5435555321137733,0.291383,0.0849,0.024759,-1.324366,0.282,0.001,0.01,0.28208,0.0796,0.022446,-0.662833,66.84239688488923,0.001,0.0028199999999999996,1.0,945.6264775413713
31,15,1.537994,0.289942,,,,,,,,,,,,,,,,,,,,
32,15,1.203421,0.204245,0.003022,0.246181497648697,96.52208027302423,0.28094293852282104,0.291107,0.0848,0.024695,-0.505622,0.297,0.001,0.0159183673469387,0.297081,0.0883,0.02622,-0.503788,63.466518254339256,0.001,0.0047277551020407935,1.0,564.0450084894557
33,15,1.18876,0.20049,0.004663,0.3798624498795083,97.57374615944681,0.31252024594857697,0.290838,0.0846,0.024636,0.035787,0.291,0.00175,0.0455102040816326,0.291291,0.0849,0.024719,0.035331,64.77510625958337,0.00175,0.013243469387755086,1.0,201.35710579980403
34,15,1.360773,0.244549,,,,,,,,,,,,,,,,,,,,
35,15,1.791954,0.354991,0.006026,0.49089665944111455,97.58053328824612,0.5679845136439723,0.2917,0.0851,0.024842,-0.644259,0.284,0.001,0.0218367346938775,0.284135,0.0807,0.02294,-0.646345,66.37167578006606,0.001,0.00620163265306121,1.0,429.9942959940338
36,15,2.109062,0.436214,,,,,,,,,,,,,,,,,,,,
37,15,1.896253,0.381706,,,,,,,,,,,,,,,,,,,,
38,15,1.862752,0.373125,0.004428,0.3607186206447486,94.7956201472816,0.43242477974785176,0.291026,0.0847,0.024677,-0.565944,0.286,0.001,0.01,0.286081,0.0818,0.023414,-0.559748,65.90753818719845,0.001,0.0028599999999999997,1.0,932.4009324009326
39,15,1.978489,0.402769,0.004909,0.399902373248661,93.80782037526319,0.45716272486271814,0.291378,0.0849,0.024764,-0.927715,0.282,0.001,0.01,0.28208,0.0796,0.022446,-0.662833,66.84239688488923,0.001,0.0028199999999999996,1.0,945.6264775413713
40,15,2.020414,0.413508,,,,,,,,,,,,,,,,,,,,
41,15,2.05626,0.42269,0.003583,0.29188229850274033,89.10561946342213,0.36999682125790656,0.290211,0.0843,0.024475,-0.771322,0.282,0.001,0.01,0.28208,0.0796,0.022446,-0.662833,66.84239688488923,0.001,0.0028199999999999996,1.0,945.6264775413713
42,15,2.128922,0.441301,,,,,,,,,,,,,,,,,,,,
43,15,1.976305,0.40221,0.00359,0.2924525402246268,92.26204146358056,0.3362810431283654,0.290364,0.0843,0.024514,-0.92367,0.282,0.001,0.01,0.28208,0.0796,0.022446,-0.662833,66.84239688488923,0.001,0.0028199999999999996,1.0,945.6264775413713
44,15,1.859148,0.372201,,,,,,,,,,,,,,,,,,,,
45,15,1.52914,0.287674,0.002981,0.2428415104205049,94.87900341622893,0.2566877826751477,0.291158,0.0848,0.024708,-0.877299,0.282,0.001,0.01,0.28208,0.0796,0.022446,-0.662833,66.84239688488923,0.001,0.0028199999999999996,1.0,945.6264775413713
46,15,1.224682,0.209691,0.002232,0.1818256461786538,95.32398364997754,0.19880368936208592,0.290797,0.0846,0.02462,-0.22055,0.29,0.001,0.0455102040816326,0.290344,0.0843,0.024477,-0.222346,64.99846869496125,0.001,0.013197959183673454,1.0,202.05144064738954
47,15,1.226848,0.210245,0.002934,0.23901274457355295,95.44273820711398,0.2528840755274331,0.290171,0.0842,0.024461,-0.448495,0.288,0.001,0.0159183673469387,0.288092,0.083,0.023912,-0.445267,65.44984694978736,0.001,0.004584489795918345,1.0,581.6714150047512
48,15,1.23443,0.212187,0.002902,0.23640592527350057,96.57684708339498,0.2009182402673949,0.291285,0.0849,0.024748,-0.33235,0.295,0.001,0.01,0.295041,0.0871,0.025684,-0.327939,63.8967997340297,0.001,0.00295,1.0,903.9548022598871
49,15,1.153241,0.191392,0.001669,0.13596191911835714,96.1041733626707,0.13099464496076973,0.290022,0.0841,0.024426,-0.528672,0.284,0.001,0.0336734693877551,0.284218,0.0808,0.02296,-0.531033,66.37167578006606,0.001,0.009563265306122448,1.0,278.8447858870394
50,15,1.021343,0.157608,0.000889,0.0724206986795803,86.33373186642744,0.14315390981480625,0.290192,0.0842,0.024458,-1.489952,0.282,0.001,0.01,0.28208,0.0796,0.022446,-0.662833,66.84239688488923,0.001,0.0028199999999999996,1.0,945.6264775413713
51,15,1.0979,0.177217,0.002939,0.23942006008918615,96.61245601011593,0.26533358788806727,0.291525,0.085,0.024801,-0.55156,0.286,0.001,0.01,0.286081,0.0818,0.023414,-0.559748,65.90753818719845,0.001,0.0028599999999999997,1.0,932.4009324009326
52,15,1.203858,0.204357,0.003539,0.28829792196516835,97.52366562760241,0.29418658991578606,0.29249,0.0856,0.025049,-0.364661,0.29,0.001,0.0336734693877551,0.290211,0.0842,0.024443,-0.362406,64.99846869496125,0.001,0.00976530612244898,1.0,273.075583420411
53,15,1.241752,0.214063,0.003338,0.2719238382367143,92.6595843776826,0.3385668225887094,0.293243,0.086,0.025238,-0.804934,0.282,0.001,0.01,0.28208,0.0796,0.022446,-0.662833,66.84239688488923,0.001,0.0028199999999999996,1.0,945.6264775413713
54,15,1.293745,0.22738,0.005589,0.4552972833747742,98.37274832532222,0.5035044917024323,0.291295,0.0849,0.024741,-0.229084,0.29,0.001,0.0455102040816326,0.290344,0.0843,0.024477,-0.222346,64.99846869496125,0.001,0.013197959183673454,1.0,202.05144064738954
55,15,1.348697,0.241456,0.00559,0.45537874647790083,97.53384443110946,0.47946956023051346,0.292248,0.0854,0.024986,0.040229,0.292,0.002125,0.0514285714285714,0.29237,0.0855,0.024996,0.040434,64.55327370389986,0.002125,0.015017142857142849,1.0,177.57483510908176
56,15,1.370079,0.246932,0.003871,0.3153436722032118,96.48265897259132,0.3450653082143058,0.293097,0.0859,0.025201,-0.325165,0.29,0.001,0.0395918367346938,0.290273,0.0843,0.024459,-0.32442,64.99846869496125,0.001,0.011481632653061201,1.0,232.25500651736036
57,15,1.249612,0.216076,0.00355,0.28919401609956136,97.51297206039023,0.3440074356810766,0.291955,0.0853,0.024909,-0.681962,0.282,0.001,0.01,0.28208,0.0796,0.022446,-0.662833,66.84239688488923,0.001,0.0028199999999999996,1.0,945.6264775413713
58,15,1.253993,0.217198,0.003156,0.2570975534676664,93.88801145559373,0.35461744076743407,0.292371,0.0855,0.025012,-0.635683,0.299,0.001,0.0159183673469387,0.299098,0.0895,0.026758,-0.633265,63.04199304862462,0.001,0.004759591836734671,1.0,560.2721321784893
0,16,0.452866,0.011999,,,,,,,,,,,,,,,,,,,,
1,16,0.487125,0.020774,,,,,,,,,,,,,,,,,,,,
2,16,0.448389,0.010852,,,,,,,,,,,,,,,,,,,,
3,16,0.428558,0.005773,,,,,,,,,,,,,,,,,,,,
4,16,0.428826,0.005841,,,,,,,,,,,,,,,,,,,,
5,16,0.430491,0.006268,,,,,,,,,,,,,,,,,,,,
6,16,0.427168,0.005417,,,,,,,,,,,,,,,,,,,,
7,16,0.433686,0.007086,,,,,,,,,,,,,,,,,,,,
8,16,0.440644,0.008868,,,,,,,,,,,,,,,,,,,,
9,16,0.473221,0.017212,,,,,,,,,,,,,,,,,,,,
10,16,0.559404,0.039287,,,,,,,,,,,,,,,,,,,,
11,16,0.575822,0.043493,,,,,,,,,,,,,,,,,,,,
12,16,0.914882,0.130339,0.000133,0.01083459271584272,64.83909740501652,0.02595237156142327,0.289964,0.0841,0.024421,-1.123171,0.282,0.001,0.01,0.28208,0.0796,0.022446,-0.662833,66.84239688488923,0.001,0.0028199999999999996,1.0,945.6264775413713
13,16,1.687495,0.328235,,,,,,,,,,,,,,,,,,,,
14,16,2.360185,0.500536,,,,,,,,,,,,,,,,,,,,
15,16,2.957182,0.65345,0.00153,0.12463854778375459,77.26190951612064,0.17319890668339166,0.286899,0.0824,0.023656,-0.728339,0.282,0.001,0.01,0.28208,0.0796,0.022446,-0.662833,66.84239688488923,0.001,0.0028199999999999996,1.0,945.6264775413713
16,16,3.318687,0.746045,,,,,,,,,,,,,,,,,,,,
17,16,3.491882,0.790407,,,,,,,,,,,,,,,,,,,,
18,16,4.063416,0.936799,0.013833,1.0,89.5628706989742,1.7038982460187264,0.289108,0.0836,0.02419,-1.140417,0.282,0.001,0.01,0.28208,0.0796,0.022446,-0.662833,66.84239688488923,0.001,0.0028199999999999996,1.0,945.6264775413713
19,16,4.506722,1.0,0.017861,1.0,97.47985130380503,2.302754206048626,0.290275,0.0843,0.024472,-1.232023,0.282,0.001,0.01,0.28208,0.0796,0.022446,-0.662833,66.84239688488923,0.001,0.0028199999999999996,1.0,945.6264775413713
20,16,4.845881,1.0,,,,,,,,,,,,,,,,,,,,
21,16,4.584009,1.0,,,,,,,,,,,,,,,,,,,,
22,16,4.418683,1.0,,,,,,,,,,,,,,,,,,,,
23,16,4.470538,1.0,0.011637,0.9479861310846748,95.70484606659831,1.4566718914174208,0.289552,0.0839,0.024291,-1.11852,0.282,0.001,0.01,0.28208,0.0796,0.022446,-0.662833,66.84239688488923,0.001,0.0028199999999999996,1.0,945.6264775413713
24,16,3.95283,0.908474,,,,,,,,,,,,,,,,,,,,
25,16,3.635899,0.827295,0.007053,0.5745592663521708,89.18361372074767,0.8001964954396756,0.288719,0.0834,0.024093,-0.390242,0.284,0.001,0.0395918367346938,0.284272,0.0808,0.022973,-0.393613,66.37167578006606,0.001,0.011244081632653037,1.0,237.16180242969895
26,16,3.700966,0.843962,0.007255,0.5910148131837515,91.41701470097136,0.8104432765375709,0.289239,0.0837,0.02422,-1.063494,0.282,0.001,0.01,0.28208,0.0796,0.022446,-0.662833,66.84239688488923,0.001,0.0028199999999999996,1.0,945.6264775413713
27,16,3.577639,0.812373,,,,,,,,,,,,,,,,,,,,
28,16,3.49704,0.791728,,,,,,,,,,,,,,,,,,,,
29,16,2.819054,0.61807,,,,,,,,,,,,,,,,,,,,
30,16,1.982459,0.403786,0.004876,0.39721409084548204,95.38396659084495,0.49470524660143833,0.291003,0.0847,0.024667,-1.180211,0.282,0.001,0.01,0.28208,0.0796,0.022446,-0.662833,66.84239688488923,0.001,0.0028199999999999996,1.0,945.6264775413713
31,16,1.60125,0.306144,,,,,,,,,,,,,,,,,,,,
32,16,1.31398,0.232563,0.00216,0.1759603027535359,94.93010795333545,0.1985054251987779,0.291571,0.085,0.024817,-0.986279,0.282,0.001,0.01,0.28208,0.0796,0.022446,-0.662833,66.84239688488923,0.001,0.0028199999999999996,1.0,945.6264775413713
33,16,1.278912,0.223581,0.001751,0.14264189357474139,86.6593643841479,0.1590159603355985,0.29329,0.0861,0.025263,-0.896607,0.282,0.001,0.01,0.28208,0.0796,0.022446,-0.662833,66.84239688488923,0.001,0.0028199999999999996,1.0,945.6264775413713
34,16,1.309544,0.231427,0.004418,0.35990398961348224,97.18508534977823,0.37962662755640175,0.291197,0.0848,0.024719,-0.348648,0.29,0.001,0.0277551020408163,0.290156,0.0842,0.024429,-0.353149,64.99846869496125,0.001,0.008048979591836727,1.0,331.3049357674107
35,16,1.657137,0.320459,0.006393,0.5207936182885904,98.0946511108604,0.6518706371339462,0.291652,0.0851,0.024831,-0.545265,0.297,0.001,0.01,0.297063,0.0882,0.026215,-0.540406,63.466518254339256,0.001,0.00297,1.0,897.8675645342312
36,16,1.933867,0.39134,,,,,,,,,,,,,,,,,,,,
37,16,1.811993,0.360123,,,,,,,,,,,,,,,,,,,,
38,16,1.839092,0.367064,,,,,,,,,,,,,,,,,,,,
39,16,1.930058,0.390364,0.00423,0.3445889262256745,93.86853804794166,0.3976200587963836,0.29138,0.0849,0.024768,-0.603438,0.284,0.001,0.0277551020408163,0.284173,0.0808,0.022949,-0.611751,66.37167578006606,0.001,0.007882448979591828,1.0,338.30433581883494
40,16,1.97509,0.401899,,,,,,,,,,,,,,,,,,,,
41,16,2.063674,0.424588,,,,,,,,,,,,,,,,,,,,
42,16,2.078503,0.428387,0.002492,0.2030060529915794,86.98492785509903,0.2714293757498636,0.291218,0.0849,0.024738,-1.120635,0.282,0.001,0.01,0.28208,0.0796,0.022446,-0.662833,66.84239688488923,0.001,0.0028199999999999996,1.0,945.6264775413713
43,16,1.867257,0.374278,,,,,,,,,,,,,,,,,,,,
44,16,1.811303,0.359947,,,,,,,,,,,,,,,,,,,,
45,16,1.521366,0.285683,0.003339,0.2720053013398409,96.82061745016284,0.236344498475469,0.291652,0.0851,0.024841,-0.529205,0.284,0.001,0.0336734693877551,0.284218,0.0808,0.02296,-0.531033,66.37167578006606,0.001,0.009563265306122448,1.0,278.8447858870394
46,16,1.24238,0.214224,0.002164,0.17628615516604249,92.95818930398848,0.19305931979938729,0.291074,0.0848,0.024691,-0.773399,0.282,0.001,0.01,0.28208,0.0796,0.022446,-0.662833,66.84239688488923,0.001,0.0028199999999999996,1.0,945.6264775413713
47,16,1.244716,0.214822,0.002249,0.18321051893180662,94.7413211332977,0.19758987160995156,0.292078,0.0853,0.02495,-0.840597,0.282,0.001,0.01,0.28208,0.0796,0.022446,-0.662833,66.84239688488923,0.001,0.0028199999999999996,1.0,945.6264775413713
48,16,1.174858,0.196929,0.002938,0.2393385969860595,97.34764877094105,0.2078655855952377,0.291664,0.0851,0.024843,-0.389801,0.284,0.001,0.0395918367346938,0.284272,0.0808,0.022973,-0.393613,66.37167578006606,0.001,0.011244081632653037,1.0,237.16180242969895
49,16,1.109103,0.180086,0.001614,0.13148144844639212,93.36396619956739,0.14606622017277882,0.292211,0.0854,0.024976,-0.59931,0.301,0.001,0.0277551020408163,0.301177,0.0907,0.02732,-0.596352,62.62310937388292,0.001,0.008354285714285705,1.0,319.19744642042895
50,16,1.058034,0.167006,0.001529,0.12455708468062797,90.02657792266733,0.1581131432995332,0.293317,0.0861,0.025262,-0.972589,0.282,0.001,0.01,0.28208,0.0796,0.022446,-0.662833,66.84239688488923,0.001,0.0028199999999999996,1.0,945.6264775413713
51,16,1.094175,0.176263,0.00175,0.14256043047161476,92.42631138974684,0.1812082278858571,0.292712,0.0857,0.02511,-0.478868,0.288,0.001,0.0336734693877551,0.288221,0.0831,0.023944,-0.474252,65.44984694978736,0.001,0.00969795918367347,1.0,274.9719416386083
52,16,1.170223,0.195741,0.003443,0.2804774640650112,97.58146671478353,0.27706304897496736,0.292445,0.0856,0.025041,-0.329365,0.295,0.001,0.01,0.295041,0.0871,0.025684,-0.327939,63.8967997340297,0.001,0.00295,1.0,903.9548022598871
53,16,1.205287,0.204723,0.002721,0.22166110360757926,95.73310102662975,0.28229684958451207,0.29242,0.0855,0.025027,-0.66726,0.301,0.001,0.01,0.301086,0.0907,0.027295,-0.660584,62.62310937388292,0.001,0.00301,1.0,885.9357696566999
54,16,1.381817,0.249939,0.004135,0.33684993142864394,97.5687064046202,0.3973155583131077,0.291749,0.0851,0.024858,-0.627594,0.299,0.001,0.0159183673469387,0.299098,0.0895,0.026758,-0.633265,63.04199304862462,0.001,0.004759591836734671,1.0,560.2721321784893
55,16,1.400579,0.254744,0.003751,0.30556809982801536,96.96783789467759,0.40981898039562414,0.291868,0.0852,0.024883,-0.91193,0.282,0.001,0.01,0.28208,0.0796,0.022446,-0.662833,66.84239688488923,0.001,0.0028199999999999996,1.0,945.6264775413713
56,16,1.332666,0.237349,0.004883,0.39778433256736845,97.96163119071217,0.43994194552696064,0.291913,0.0852,0.024896,-0.420344,0.288,0.001,0.01,0.288068,0.083,0.023906,-0.420267,65.44984694978736,0.001,0.0028799999999999997,1.0,925.9259259259259
57,16,1.289848,0.226382,0.003489,0.28422476680883646,96.70892911227773,0.3445427771757965,0.292364,0.0855,0.025013,-0.612917,0.284,0.001,0.0277551020408163,0.284173,0.0808,0.022949,-0.611751,66.37167578006606,0.001,0.007882448979591828,1.0,338.30433581883494
58,16,1.262515,0.219381,0.003045,0.24805514902060966,94.54190935432595,0.361720985356916,0.291506,0.085,0.024789,-1.339895,0.282,0.001,0.01,0.28208,0.0796,0.022446,-0.662833,66.84239688488923,0.001,0.0028199999999999996,1.0,945.6264775413713
0,17,0.425987,0.005114,,,,,,,,,,,,,,,,,,,,
1,17,0.424459,0.004723,,,,,,,,,,,,,,,,,,,,
2,17,0.426115,0.005147,,,,,,,,,,,,,,,,,,,,
3,17,0.422024,0.004099,,,,,,,,,,,,,,,,,,,,
4,17,0.42406,0.00462,,,,,,,,,,,,,,,,,,,,
5,17,0.425425,0.00497,,,,,,,,,,,,,,,,,,,,
6,17,0.431971,0.006647,,,,,,,,,,,,,,,,,,,,
7,17,0.431174,0.006443,,,,,,,,,,,,,,,,,,,,
8,17,0.433631,0.007072,,,,,,,,,,,,,,,,,,,,
9,17,0.466618,0.015521,,,,,,,,,,,,,,,,,,,,
10,17,0.548751,0.036559,,,,,,,,,,,,,,,,,,,,
11,17,0.56674,0.041166,,,,,,,,,,,,,,,,,,,,
12,17,0.938085,0.136282,,,,,,,,,,,,,,,,,,,,
13,17,1.871355,0.375328,,,,,,,,,,,,,,,,,,,,
14,17,2.496111,0.535352,,,,,,,,,,,,,,,,,,,,
15,17,2.925878,0.645432,0.000224,0.018247735100366688,53.55814153091013,0.1828059207683057,0.285038,0.0813,0.023212,-0.415031,0.288,0.001,0.01,0.288068,0.083,0.023906,-0.420267,65.44984694978736,0.001,0.0028799999999999997,1.0,925.9259259259259
16,17,3.36322,0.757452,0.005546,0.4517943699403288,94.74404556087009,0.5870229247375169,0.290717,0.0845,0.024598,-0.804568,0.282,0.001,0.01,0.28208,0.0796,0.022446,-0.662833,66.84239688488923,0.001,0.0028199999999999996,1.0,945.6264775413713
17,17,3.501915,0.792977,,,,,,,,,,,,,,,,,,,,
18,17,3.825622,0.875891,,,,,,,,,,,,,,,,,,,,
19,17,4.24094,0.98227,0.01642,1.0,97.75524198123497,1.9849902234946786,0.290041,0.0841,0.024413,-1.002436,0.282,0.001,0.01,0.28208,0.0796,0.022446,-0.662833,66.84239688488923,0.001,0.0028199999999999996,1.0,945.6264775413713
20,17,4.658679,1.0,,,,,,,,,,,,,,,,,,,,
21,17,4.682026,1.0,,,,,,,,,,,,,,,,,,,,
22,17,4.442174,1.0,,,,,,,,,,,,,,,,,,,,
23,17,4.237872,0.981484,,,,,,,,,,,,,,,,,,,,
24,17,3.919729,0.899995,0.009028,0.7354488950272787,96.66609863834421,1.0079433635355528,0.289872,0.0841,0.024378,-0.906409,0.282,0.001,0.01,0.28208,0.0796,0.022446,-0.662833,66.84239688488923,0.001,0.0028199999999999996,1.0,945.6264775413713
25,17,3.654017,0.831936,0.006641,0.5409964678639964,91.74781243645135,0.8371341490810478,0.289821,0.084,0.024366,-1.429472,0.282,0.001,0.01,0.28208,0.0796,0.022446,-0.662833,66.84239688488923,0.001,0.0028199999999999996,1.0,945.6264775413713
26,17,3.615562,0.822086,0.007517,0.6123581462029304,90.61860820859295,0.824919651026292,0.289064,0.0836,0.024178,-0.93422,0.282,0.001,0.01,0.28208,0.0796,0.022446,-0.662833,66.84239688488923,0.001,0.0028199999999999996,1.0,945.6264775413713
27,17,3.468821,0.7845,,,,,,,,,,,,,,,,,,,,
28,17,3.228098,0.722842,0.009165,0.7466093401556281,91.42732554283377,1.0841001482606836,0.289396,0.0838,0.024262,-1.21372,0.282,0.001,0.01,0.28208,0.0796,0.022446,-0.662833,66.84239688488923,0.001,0.0028199999999999996,1.0,945.6264775413713
29,17,2.532443,0.544658,,,,,,,,,,,,,,,,,,,,
30,17,1.933915,0.391352,0.004942,0.40259065565184005,96.88532619733523,0.5422145551931998,0.291518,0.085,0.024798,-0.672306,0.282,0.001,0.01,0.28208,0.0796,0.022446,-0.662833,66.84239688488923,0.001,0.0028199999999999996,1.0,945.6264775413713
31,17,1.636829,0.315257,,,,,,,,,,,,,,,,,,,,
32,17,1.577336,0.300019,,,,,,,,,,,,,,,,,,,,
33,17,1.408039,0.256655,0.002643,0.2153069815637016,95.49142676723139,0.24201280565935646,0.291606,0.0851,0.024827,-0.311918,0.29,0.001,0.0218367346938775,0.29011,0.0842,0.024418,-0.319376,64.99846869496125,0.001,0.006332653061224475,1.0,421.09786228381233
34,17,1.36384,0.245334,0.002575,0.20976749055109029,90.37122069317995,0.3120600227875603,0.29127,0.0849,0.024731,-1.30504,0.282,0.001,0.01,0.28208,0.0796,0.022446,-0.662833,66.84239688488923,0.001,0.0028199999999999996,1.0,945.6264775413713
35,17,1.639329,0.315897,,,,,,,,,,,,,,,,,,,,
36,17,1.928557,0.38998,,,,,,,,,,,,,,,,,,,,
37,17,1.83574,0.366206,,,,,,,,,,,,,,,,,,,,
38,17,1.876356,0.376609,0.00347,0.28267696784943036,86.68721496146496,0.46333230422093097,0.290834,0.0846,0.02462,-1.7894,0.282,0.001,0.01,0.28208,0.0796,0.022446,-0.662833,66.84239688488923,0.001,0.0028199999999999996,1.0,945.6264775413713
39,17,1.907179,0.384504,0.004558,0.37130882405121146,93.96658558331323,0.4122075754142491,0.290876,0.0846,0.024643,-0.430989,0.286,0.001,0.0395918367346938,0.28628,0.082,0.023463,-0.43265,65.90753818719845,0.001,0.011323265306122425,1.0,235.50332828683395
40,17,1.956746,0.3972,,,,,,,,,,,,,,,,,,,,
41,17,2.062823,0.42437,,,,,,,,,,,,,,,,,,,,
42,17,2.089423,0.431184,,,,,,,,,,,,,,,,,,,,
43,17,1.893919,0.381108,,,,,,,,,,,,,,,,,,,,
44,17,1.818036,0.361671,,,,,,,,,,,,,,,,,,,,
45,17,1.517328,0.284648,0.003421,0.27868527579622515,95.91583659564444,0.28144395368903474,0.289596,0.0839,0.024313,-0.368266,0.29,0.001,0.0336734693877551,0.290211,0.0842,0.024443,-0.362406,64.99846869496125,0.001,0.00976530612244898,1.0,273.075583420411
46,17,1.23005,0.211066,0.002574,0.20968602744796364,95.84422197466051,0.23269649299284556,0.290858,0.0846,0.024633,-0.583871,0.286,0.001,0.0277551020408163,0.286176,0.0819,0.023438,-0.583495,65.90753818719845,0.001,0.007937959183673461,1.0,335.9385712326892
47,17,1.247929,0.215645,0.001186,0.09661524030819148,84.77475907438159,0.16652197032930327,0.289398,0.0838,0.024258,-1.509947,0.282,0.001,0.01,0.28208,0.0796,0.022446,-0.662833,66.84239688488923,0.001,0.0028199999999999996,1.0,945.6264775413713
48,17,1.147641,0.189957,0.00087,0.07087289972017419,83.74442531756544,0.11317814120803782,0.289869,0.0841,0.024388,-1.323993,0.282,0.001,0.01,0.28208,0.0796,0.022446,-0.662833,66.84239688488923,0.001,0.0028199999999999996,1.0,945.6264775413713
49,17,1.092178,0.175751,0.001288,0.10492447682710845,93.12040509396786,0.09680452847965237,0.291329,0.0849,0.024766,-0.433369,0.286,0.001,0.0395918367346938,0.28628,0.082,0.023463,-0.43265,65.90753818719845,0.001,0.011323265306122425,1.0,235.50332828683395
50,17,1.055369,0.166323,0.003109,0.2532687876207144,97.40433459128886,0.21492060071417418,0.291797,0.0852,0.024876,-0.440387,0.288,0.001,0.0159183673469387,0.288092,0.083,0.023912,-0.445267,65.44984694978736,0.001,0.004584489795918345,1.0,581.6714150047512
51,17,1.073325,0.170922,0.002439,0.19868850852586764,97.63197601748467,0.23313316084420121,0.293297,0.0861,0.025256,-0.804081,0.282,0.001,0.01,0.28208,0.0796,0.022446,-0.662833,66.84239688488923,0.001,0.0028199999999999996,1.0,945.6264775413713
52,17,1.183047,0.199026,0.003889,0.3168100080594913,97.44296601718247,0.2884889684851192,0.290292,0.0843,0.024493,-0.143733,0.292,0.001,0.0218367346938775,0.292087,0.0853,0.02492,-0.144198,64.55327370389986,0.001,0.006376326530612229,1.0,418.21363035036165
53,17,1.244028,0.214646,0.004446,0.3621849565010281,97.72220162766085,0.37438141040151784,0.292355,0.0855,0.025015,-0.200134,0.295,0.001,0.0218367346938775,0.295085,0.0871,0.025695,-0.195593,63.8967997340297,0.001,0.0064418367346938624,1.0,413.9606103806969
54,17,1.405238,0.255938,0.003696,0.30108762915605036,97.01009706556243,0.3974663499183614,0.291573,0.085,0.02481,-0.522794,0.284,0.001,0.0336734693877551,0.284218,0.0808,0.02296,-0.531033,66.37167578006606,0.001,0.009563265306122448,1.0,278.8447858870394
55,17,1.453916,0.268406,0.002836,0.23102936046714254,88.27229094384948,0.36322034147054083,0.292165,0.0854,0.024959,-1.335889,0.282,0.001,0.01,0.28208,0.0796,0.022446,-0.662833,66.84239688488923,0.001,0.0028199999999999996,1.0,945.6264775413713
56,17,1.352311,0.242381,0.003898,0.31754317598763104,96.91128307981012,0.36078638425245646,0.292208,0.0854,0.024975,-0.607323,0.284,0.001,0.0277551020408163,0.284173,0.0808,0.022949,-0.611751,66.37167578006606,0.001,0.007882448979591828,1.0,338.30433581883494
57,17,1.287675,0.225825,0.003077,0.250661968320662,96.37617909276685,0.3218693915539814,0.292611,0.0856,0.025077,-1.09339,0.282,0.001,0.01,0.28208,0.0796,0.022446,-0.662833,66.84239688488923,0.001,0.0028199999999999996,1.0,945.6264775413713
58,17,1.281897,0.224345,0.003446,0.2807218533743911,92.71409912423982,0.3720049135095911,0.293001,0.0859,0.025176,-0.380447,0.299,0.001,0.0336734693877551,0.29921,0.0895,0.026788,-0.380372,63.04199304862462,0.001,0.010068367346938776,1.0,264.85591702983004
0,18,0.428379,0.005727,,,,,,,,,,,,,,,,,,,,
1,18,0.426634,0.00528,,,,,,,,,,,,,,,,,,,,
2,18,0.424999,0.004861,,,,,,,,,,,,,,,,,,,,
3,18,0.427207,0.005427,,,,,,,,,,,,,,,,,,,,
4,18,0.430085,0.006164,,,,,,,,,,,,,,,,,,,,
5,18,0.434335,0.007253,,,,,,,,,,,,,,,,,,,,
6,18,0.434215,0.007222,,,,,,,,,,,,,,,,,,,,
7,18,0.437753,0.008128,,,,,,,,,,,,,,,,,,,,
8,18,0.442947,0.009458,,,,,,,,,,,,,,,,,,,,
9,18,0.481156,0.019245,,,,,,,,,,,,,,,,,,,,
10,18,0.530086,0.031778,,,,,,,,,,,,,,,,,,,,
11,18,0.610002,0.052247,0.000116,0.009449719962689892,59.544350305689804,0.04921822103963591,0.287269,0.0825,0.023721,-1.127877,0.282,0.001,0.01,0.28208,0.0796,0.022446,-0.662833,66.84239688488923,0.001,0.0028199999999999996,1.0,945.6264775413713
12,18,1.144085,0.189047,0.000405,0.032992556766287984,77.55491408448594,0.0695238501218104,0.286385,0.082,0.023506,-0.056388,0.29,0.001,0.0514285714285714,0.290425,0.0843,0.024497,-0.050591,64.99846869496125,0.001,0.014914285714285705,1.0,178.79948914431682
13,18,1.988542,0.405344,,,,,,,,,,,,,,,,,,,,
14,18,2.568492,0.553892,,,,,,,,,,,,,,,,,,,,
15,18,2.923977,0.644945,0.001369,0.11152298818036604,72.58171008844322,0.27965829659452046,0.288346,0.0832,0.024004,-1.354793,0.282,0.001,0.01,0.28208,0.0796,0.022446,-0.662833,66.84239688488923,0.001,0.0028199999999999996,1.0,945.6264775413713
16,18,3.54225,0.803308,,,,,,,,,,,,,,,,,,,,
17,18,3.632813,0.826505,0.00949,0.7730848486717852,95.72592558127288,1.1903759147401676,0.28977,0.084,0.02435,-1.195457,0.282,0.001,0.01,0.28208,0.0796,0.022446,-0.662833,66.84239688488923,0.001,0.0028199999999999996,1.0,945.6264775413713
18,18,3.721642,0.849257,,,,,,,,,,,,,,,,,,,,
19,18,4.104888,0.947422,,,,,,,,,,,,,,,,,,,,
20,18,4.506434,1.0,0.017077,1.0,97.4590011024164,2.0637741859953045,0.289627,0.0839,0.02431,-0.924659,0.282,0.001,0.01,0.28208,0.0796,0.022446,-0.662833,66.84239688488923,0.001,0.0028199999999999996,1.0,945.6264775413713
21,18,4.695514,1.0,,,,,,,,,,,,,,,,,,,,
22,18,4.329849,1.0,0.01262,1.0,95.39533393624909,1.7525816900817262,0.289641,0.0839,0.024311,-1.248903,0.282,0.001,0.01,0.28208,0.0796,0.022446,-0.662833,66.84239688488923,0.001,0.0028199999999999996,1.0,945.6264775413713
23,18,4.004088,0.921603,0.011881,0.9678631282475741,96.17405091178149,1.4428904017865412,0.289339,0.0837,0.024237,-0.90221,0.282,0.001,0.01,0.28208,0.0796,0.022446,-0.662833,66.84239688488923,0.001,0.0028199999999999996,1.0,945.6264775413713
24,18,3.838263,0.879129,0.008175,0.6659608680602574,93.22038674104354,1.000841687419586,0.289755,0.084,0.024348,-1.291961,0.282,0.001,0.01,0.28208,0.0796,0.022446,-0.662833,66.84239688488923,0.001,0.0028199999999999996,1.0,945.6264775413713
25,18,3.61155,0.821059,,,,,,,,,,,,,,,,,,,,
26,18,3.621767,0.823676,0.008145,0.6635169749664583,94.882794208751,0.8510054236001467,0.289926,0.0841,0.024391,-0.786431,0.282,0.001,0.01,0.28208,0.0796,0.022446,-0.662833,66.84239688488923,0.001,0.0028199999999999996,1.0,945.6264775413713
27,18,3.403033,0.76765,,,,,,,,,,,,,,,,,,,,
28,18,3.108145,0.692118,,,,,,,,,,,,,,,,,,,,
29,18,2.595608,0.560837,,,,,,,,,,,,,,,,,,,,
30,18,1.975717,0.402059,,,,,,,,,,,,,,,,,,,,
31,18,1.730471,0.339243,0.003543,0.2886237743776749,96.37270095903885,0.3531457150600881,0.290206,0.0842,0.024464,-0.780323,0.282,0.001,0.01,0.28208,0.0796,0.022446,-0.662833,66.84239688488923,0.001,0.0028199999999999996,1.0,945.6264775413713
32,18,1.639302,0.315891,,,,,,,,,,,,,,,,,,,,
33,18,1.498469,0.279818,0.003045,0.24805514902060966,97.0115121894391,0.276872305020065,0.290672,0.0845,0.024587,-0.954137,0.282,0.001,0.01,0.28208,0.0796,0.022446,-0.662833,66.84239688488923,0.001,0.0028199999999999996,1.0,945.6264775413713
34,18,1.441878,0.265323,0.004172,0.3398640662443296,97.17666588180502,0.3996710780878878,0.291508,0.085,0.024794,-0.57377,0.286,0.001,0.0159183673469387,0.286103,0.0819,0.02342,-0.576313,65.90753818719845,0.001,0.004552653061224468,1.0,585.7390472775116
35,18,1.734868,0.340369,,,,,,,,,,,,,,,,,,,,
36,18,1.924342,0.3889,,,,,,,,,,,,,,,,,,,,
37,18,1.756571,0.345928,,,,,,,,,,,,,,,,,,,,
38,18,1.884191,0.378616,,,,,,,,,,,,,,,,,,,,
39,18,1.851143,0.370151,0.003058,0.24911416936125594,91.34141251357283,0.35899998906711605,0.290746,0.0846,0.024598,-1.635816,0.282,0.001,0.01,0.28208,0.0796,0.022446,-0.662833,66.84239688488923,0.001,0.0028199999999999996,1.0,945.6264775413713
40,18,1.874377,0.376102,0.002311,0.1882612313256581,83.57354578063286,0.3022374855073049,0.290034,0.0842,0.024427,-1.126076,0.282,0.001,0.01,0.28208,0.0796,0.022446,-0.662833,66.84239688488923,0.001,0.0028199999999999996,1.0,945.6264775413713
41,18,1.970126,0.400627,,,,,,,,,,,,,,,,,,,,
42,18,2.066107,0.425212,0.002216,0.1805222365286276,80.76375804597393,0.3348777375305332,0.289355,0.0838,0.024253,-1.328289,0.282,0.001,0.01,0.28208,0.0796,0.022446,-0.662833,66.84239688488923,0.001,0.0028199999999999996,1.0,945.6264775413713
43,18,1.900227,0.382723,,,,,,,,,,,,,,,,,,,,
44,18,1.866943,0.374198,0.003249,0.26467362205844364,92.67765152144749,0.32571006612416564,0.290691,0.0845,0.024588,-0.808874,0.282,0.001,0.01,0.28208,0.0796,0.022446,-0.662833,66.84239688488923,0.001,0.0028199999999999996,1.0,945.6264775413713
45,18,1.443392,0.26571,0.001235,0.10060693236139669,82.34778879628873,0.13814621708019503,0.290874,0.0847,0.024659,-0.835184,0.282,0.001,0.01,0.28208,0.0796,0.022446,-0.662833,66.84239688488923,0.001,0.0028199999999999996,1.0,945.6264775413713
46,18,1.247959,0.215653,0.001717,0.13987214806843573,94.33520286781885,0.1418809398924179,0.291913,0.0853,0.024908,-0.923531,0.282,0.001,0.01,0.28208,0.0796,0.022446,-0.662833,66.84239688488923,0.001,0.0028199999999999996,1.0,945.6264775413713
47,18,1.210175,0.205975,0.000796,0.06484463008880305,80.51138546529505,0.1051376191245168,0.289621,0.0839,0.024323,-0.936822,0.282,0.001,0.01,0.28208,0.0796,0.022446,-0.662833,66.84239688488923,0.001,0.0028199999999999996,1.0,945.6264775413713
48,18,1.128385,0.185025,0.002226,0.18133686755989398,96.4037303648313,0.18903882323396914,0.291235,0.0849,0.024734,-0.451699,0.288,0.001,0.0159183673469387,0.288092,0.083,0.023912,-0.445267,65.44984694978736,0.001,0.004584489795918345,1.0,581.6714150047512
49,18,1.137915,0.187466,0.002816,0.2294000984046098,96.09715530584144,0.2360645363602405,0.292347,0.0855,0.025018,-0.422862,0.288,0.001,0.01,0.288068,0.083,0.023906,-0.420267,65.44984694978736,0.001,0.0028799999999999997,1.0,925.9259259259259
50,18,1.058375,0.167093,0.002137,0.17408665138162327,96.13746815657161,0.15836319185203473,0.290652,0.0845,0.02459,-0.325041,0.29,0.001,0.0395918367346938,0.290273,0.0843,0.024459,-0.32442,64.99846869496125,0.001,0.011481632653061201,1.0,232.25500651736036
51,18,1.070203,0.170123,0.000954,0.0777158003828117,85.22592583126576,0.1321528698047718,0.291786,0.0852,0.024869,-1.776908,0.282,0.001,0.01,0.28208,0.0796,0.022446,-0.662833,66.84239688488923,0.001,0.0028199999999999996,1.0,945.6264775413713
52,18,1.185229,0.199585,0.001985,0.16170425970637442,93.80945026670041,0.19268094005085257,0.290641,0.0845,0.024579,-1.008664,0.282,0.001,0.01,0.28208,0.0796,0.022446,-0.662833,66.84239688488923,0.001,0.0028199999999999996,1.0,945.6264775413713
53,18,1.213194,0.206748,0.003984,0.3245490028565218,97.73136581533687,0.3243236113058361,0.292534,0.0856,0.025062,-0.641838,0.301,0.001,0.0218367346938775,0.301138,0.0907,0.027309,-0.645372,62.62310937388292,0.001,0.006572857142857128,1.0,405.7089038614803
54,18,1.389834,0.251992,0.004442,0.3618591040885215,96.05934703743416,0.4344954983660133,0.292355,0.0855,0.025011,-0.513067,0.299,0.001,0.0277551020408163,0.299164,0.0895,0.026776,-0.510638,63.04199304862462,0.001,0.008298775510204073,1.0,321.3325463964853
55,18,1.456205,0.268992,0.005222,0.4254003245272984,97.91777400215518,0.4743573405265915,0.292114,0.0854,0.024953,-0.419103,0.288,0.001,0.01,0.288068,0.083,0.023906,-0.420267,65.44984694978736,0.001,0.0028799999999999997,1.0,925.9259259259259
56,18,1.411363,0.257507,0.004083,0.33261385006605887,96.72510138294055,0.39592624525795006,0.292804,0.0858,0.025128,-0.375423,0.299,0.001,0.0336734693877551,0.29921,0.0895,0.026788,-0.380372,63.04199304862462,0.001,0.010068367346938776,1.0,264.85591702983004
57,18,1.334926,0.237928,0.004173,0.33994552934745614,95.43718956708719,0.449820640481967,0.292503,0.0856,0.025046,-0.165056,0.278,0.001,0.0277551020408163,0.278121,0.0774,0.021514,-0.168788,67.80415799114661,0.001,0.007715918367346932,1.0,345.60586824657946
58,18,1.282528,0.224507,0.004371,0.35607522376653034,97.69204343213902,0.41599923401759087,0.292777,0.0857,0.025116,-0.512967,0.299,0.001,0.0277551020408163,0.299164,0.0895,0.026776,-0.510638,63.04199304862462,0.001,0.008298775510204073,1.0,321.3325463964853
0,19,0.421569,0.003982,,,,,,,,,,,,,,,,,,,,
1,19,0.42225,0.004157,,,,,,,,,,,,,,,,,,,,
2,19,0.420995,0.003835,,,,,,,,,,,,,,,,,,,,
3,19,0.424989,0.004859,,,,,,,,,,,,,,,,,,,,
4,19,0.42567,0.005033,,,,,,,,,,,,,,,,,,,,
5,19,0.428178,0.005675,,,,,,,,,,,,,,,,,,,,
6,19,0.433142,0.006947,,,,,,,,,,,,,,,,,,,,
7,19,0.432891,0.006883,,,,,,,,,,,,,,,,,,,,
8,19,0.443518,0.009605,,,,,,,,,,,,,,,,,,,,
9,19,0.479682,0.018868,,,,,,,,,,,,,,,,,,,,
10,19,0.538673,0.033977,,,,,,,,,,,,,,,,,,,,
11,19,0.719033,0.080175,,,,,,,,,,,,,,,,,,,,
12,19,1.503875,0.281202,,,,,,,,,,,,,,,,,,,,
13,19,2.248233,0.471861,,,,,,,,,,,,,,,,,,,,
14,19,2.825793,0.619796,,,,,,,,,,,,,,,,,,,,
15,19,3.180085,0.710544,0.001752,0.14272335667786804,64.30836182868724,0.33137198012188396,0.285321,0.0815,0.023272,-0.416746,0.288,0.001,0.01,0.288068,0.083,0.023906,-0.420267,65.44984694978736,0.001,0.0028799999999999997,1.0,925.9259259259259
16,19,3.80478,0.870552,0.005375,0.43786417930567384,89.58770107868065,0.7247458507494713,0.290282,0.0843,0.024479,-1.535751,0.282,0.001,0.01,0.28208,0.0796,0.022446,-0.662833,66.84239688488923,0.001,0.0028199999999999996,1.0,945.6264775413713
17,19,3.809832,0.871846,0.010226,0.83304169257299,96.2658360562533,1.253156780438204,0.290341,0.0843,0.024493,-1.240507,0.282,0.001,0.01,0.28208,0.0796,0.022446,-0.662833,66.84239688488923,0.001,0.0028199999999999996,1.0,945.6264775413713
18,19,3.688749,0.840832,,,,,,,,,,,,,,,,,,,,
19,19,3.966403,0.91195,,,,,,,,,,,,,,,,,,,,
20,19,4.365544,1.0,0.018781,1.0,87.60245127435908,2.057935997997454,0.287215,0.0825,0.023726,-0.804879,0.282,0.001,0.01,0.28208,0.0796,0.022446,-0.662833,66.84239688488923,0.001,0.0028199999999999996,1.0,945.6264775413713
21,19,4.691258,1.0,0.015011,1.0,88.08855329749309,1.9277248612908262,0.288263,0.0831,0.023979,-1.285404,0.282,0.001,0.01,0.28208,0.0796,0.022446,-0.662833,66.84239688488923,0.001,0.0028199999999999996,1.0,945.6264775413713
22,19,4.396218,1.0,,,,,,,,,,,,,,,,,,,,
23,19,4.10064,0.946333,,,,,,,,,,,,,,,,,,,,
24,19,3.923484,0.900957,,,,,,,,,,,,,,,,,,,,
25,19,3.793059,0.86755,0.00655,0.5335833254794724,91.26189802626018,0.8335004257912377,0.290489,0.0844,0.024534,-1.613355,0.282,0.001,0.01,0.28208,0.0796,0.022446,-0.662833,66.84239688488923,0.001,0.0028199999999999996,1.0,945.6264775413713
26,19,3.869897,0.887231,0.005512,0.4490246244340232,78.57056024404386,0.8851100623045731,0.288436,0.0832,0.024026,-1.364884,0.282,0.001,0.01,0.28208,0.0796,0.022446,-0.662833,66.84239688488923,0.001,0.0028199999999999996,1.0,945.6264775413713
27,19,3.628508,0.825402,,,,,,,,,,,,,,,,,,,,
28,19,3.185647,0.711969,0.007997,0.6514604357037161,95.90467624803009,0.9811156121182512,0.290671,0.0845,0.024577,-1.315105,0.282,0.001,0.01,0.28208,0.0796,0.022446,-0.662833,66.84239688488923,0.001,0.0028199999999999996,1.0,945.6264775413713
29,19,2.422595,0.516522,0.005472,0.4457661003089577,91.87994054228727,0.7311901514574171,0.290646,0.0845,0.024569,-1.443196,0.282,0.001,0.01,0.28208,0.0796,0.022446,-0.662833,66.84239688488923,0.001,0.0028199999999999996,1.0,945.6264775413713
30,19,1.513096,0.283564,,,,,,,,,,,,,,,,,,,,
31,19,1.492436,0.278273,0.003634,0.29603691676219884,94.9431899046826,0.3739179361950118,0.290741,0.0846,0.0246,-0.955799,0.282,0.001,0.01,0.28208,0.0796,0.022446,-0.662833,66.84239688488923,0.001,0.0028199999999999996,1.0,945.6264775413713
32,19,1.657897,0.320654,,,,,,,,,,,,,,,,,,,,
33,19,1.606019,0.307365,,,,,,,,,,,,,,,,,,,,
34,19,1.525731,0.286801,,,,,,,,,,,,,,,,,,,,
35,19,1.821107,0.362458,,,,,,,,,,,,,,,,,,,,
36,19,1.958639,0.397685,,,,,,,,,,,,,,,,,,,,
37,19,1.725545,0.337981,0.002367,0.1928231651007498,86.7725879336033,0.24319545081755,0.292453,0.0856,0.025042,-0.893066,0.282,0.001,0.01,0.28208,0.0796,0.022446,-0.662833,66.84239688488923,0.001,0.0028199999999999996,1.0,945.6264775413713
38,19,1.878842,0.377246,,,,,,,,,,,,,,,,,,,,
39,19,1.811939,0.36011,0.003112,0.25351317693009434,91.28729299380755,0.366669709176104,0.291326,0.0849,0.024748,-1.250212,0.282,0.001,0.01,0.28208,0.0796,0.022446,-0.662833,66.84239688488923,0.001,0.0028199999999999996,1.0,945.6264775413713
40,19,1.827241,0.364029,0.002928,0.23852396595479314,93.09459061708414,0.29416850100514536,0.291098,0.0848,0.0247,-0.601299,0.301,0.001,0.0277551020408163,0.301177,0.0907,0.02732,-0.596352,62.62310937388292,0.001,0.008354285714285705,1.0,319.19744642042895
41,19,1.919082,0.387553,0.003572,0.2909862043683474,92.48625433416714,0.35027429961765444,0.290817,0.0846,0.024627,-1.283146,0.282,0.001,0.01,0.28208,0.0796,0.022446,-0.662833,66.84239688488923,0.001,0.0028199999999999996,1.0,945.6264775413713
42,19,1.958171,0.397565,,,,,,,,,,,,,,,,,,,,
43,19,1.870205,0.375034,,,,,,,,,,,,,,,,,,,,
44,19,1.688848,0.328581,0.003191,0.25994876207709866,96.0783312172558,0.2683151128563015,0.290383,0.0844,0.024518,-0.640588,0.284,0.001,0.0218367346938775,0.284135,0.0807,0.02294,-0.646345,66.37167578006606,0.001,0.00620163265306121,1.0,429.9942959940338
45,19,1.343002,0.239997,0.001577,0.12846731363070654,91.03078851793963,0.16073214602162622,0.291503,0.085,0.024804,-0.874165,0.282,0.001,0.01,0.28208,0.0796,0.022446,-0.662833,66.84239688488923,0.001,0.0028199999999999996,1.0,945.6264775413713
46,19,1.233009,0.211823,0.000935,0.07616800142340559,84.95793447067244,0.12814289880576157,0.291576,0.085,0.024816,-0.993871,0.282,0.001,0.01,0.28208,0.0796,0.022446,-0.662833,66.84239688488923,0.001,0.0028199999999999996,1.0,945.6264775413713
47,19,1.184238,0.199331,0.00232,0.18899439925379782,94.06617952576248,0.20283931389758447,0.290012,0.0841,0.024418,-0.600248,0.286,0.001,0.0218367346938775,0.286135,0.0819,0.023428,-0.589706,65.90753818719845,0.001,0.006245306122448965,1.0,426.9873428751944
48,19,1.125074,0.184177,0.002681,0.21840257948251376,96.0995158817835,0.17760264832778583,0.293919,0.0864,0.025428,-0.462239,0.288,0.001,0.0218367346938775,0.288127,0.083,0.02392,-0.47349,65.44984694978736,0.001,0.0062889795918367195,1.0,424.02215299411665
49,19,1.06781,0.16951,0.002169,0.17669347068167565,96.4936288927863,0.20197763572467342,0.291422,0.085,0.02478,-0.46332,0.288,0.001,0.0218367346938775,0.288127,0.083,0.02392,-0.47349,65.44984694978736,0.001,0.0062889795918367195,1.0,424.02215299411665
50,19,1.057525,0.166875,0.002585,0.21058212158235665,95.51011079021673,0.1935466145596363,0.290522,0.0844,0.02455,-0.447874,0.288,0.001,0.0159183673469387,0.288092,0.083,0.023912,-0.445267,65.44984694978736,0.001,0.004584489795918345,1.0,581.6714150047512
51,19,1.122569,0.183535,0.002828,0.23037765564212942,96.21799594403845,0.24287352774093562,0.291571,0.085,0.024814,-0.581773,0.286,0.001,0.0277551020408163,0.286176,0.0819,0.023438,-0.583495,65.90753818719845,0.001,0.007937959183673461,1.0,335.9385712326892
52,19,1.246138,0.215186,0.002993,0.24381906765802452,97.07108355220835,0.286427616806049,0.292054,0.0853,0.024935,-0.422577,0.288,0.001,0.01,0.288068,0.083,0.023906,-0.420267,65.44984694978736,0.001,0.0028799999999999997,1.0,925.9259259259259
53,19,1.281736,0.224304,0.003129,0.25489804968324714,97.23676102355448,0.31282647775741756,0.291953,0.0853,0.024908,-0.645004,0.284,0.001,0.0218367346938775,0.284135,0.0807,0.02294,-0.646345,66.37167578006606,0.001,0.00620163265306121,1.0,429.9942959940338
54,19,1.357083,0.243604,0.004985,0.4060935690862854,97.18882096271689,0.4596308931315871,0.291622,0.0851,0.024823,-0.533414,0.286,0.001,0.0336734693877551,0.286224,0.0819,0.023449,-0.536849,65.90753818719845,0.001,0.009630612244897958,1.0,276.8948223493678
55,19,1.373481,0.247804,0.004035,0.32870362111598034,95.94358421513789,0.4247725007084664,0.290819,0.0846,0.024617,-0.900085,0.282,0.001,0.01,0.28208,0.0796,0.022446,-0.662833,66.84239688488923,0.001,0.0028199999999999996,1.0,945.6264775413713
56,19,1.430876,0.262505,0.004988,0.4063379583956654,97.44159031954142,0.504312151454321,0.291896,0.0852,0.024891,-0.428949,0.286,0.001,0.0395918367346938,0.28628,0.082,0.023463,-0.43265,65.90753818719845,0.001,0.011323265306122425,1.0,235.50332828683395
57,19,1.366455,0.246004,0.004905,0.39957652083615447,97.82283253480657,0.4857277457342818,0.292107,0.0853,0.024944,-0.652864,0.299,0.001,0.01,0.299078,0.0894,0.026753,-0.651126,63.04199304862462,0.001,0.00299,1.0,891.8617614269788
58,19,1.264499,0.219889,0.003711,0.3023095757029499,97.99333743986857,0.3831326053128925,0.292694,0.0857,0.025097,-0.272468,0.295,0.001,0.0159183673469387,0.295059,0.0871,0.025688,-0.277012,63.8967997340297,0.001,0.004695918367346916,1.0,567.8690424453164
0,20,0.427806,0.00558,,,,,,,,,,,,,,,,,,,,
1,20,0.426384,0.005216,,,,,,,,,,,,,,,,,,,,
2,20,0.425614,0.005019,,,,,,,,,,,,,,,,,,,,
3,20,0.428038,0.005639,,,,,,,,,,,,,,,,,,,,
4,20,0.425644,0.005026,,,,,,,,,,,,,,,,,,,,
5,20,0.430406,0.006246,,,,,,,,,,,,,,,,,,,,
6,20,0.434385,0.007265,,,,,,,,,,,,,,,,,,,,
7,20,0.431162,0.00644,,,,,,,,,,,,,,,,,,,,
8,20,0.456485,0.012926,,,,,,,,,,,,,,,,,,,,
9,20,0.502407,0.024688,,,,,,,,,,,,,,,,,,,,
10,20,0.567313,0.041313,,,,,,,,,,,,,,,,,,,,
11,20,1.005097,0.153446,,,,,,,,,,,,,,,,,,,,
12,20,1.909827,0.385182,,,,,,,,,,,,,,,,,,,,
13,20,2.650285,0.574842,,,,,,,,,,,,,,,,,,,,
14,20,3.067917,0.681813,,,,,,,,,,,,,,,,,,,,
15,20,3.379444,0.761608,,,,,,,,,,,,,,,,,,,,
16,20,3.891625,0.892797,,,,,,,,,,,,,,,,,,,,
17,20,4.052434,0.933986,,,,,,,,,,,,,,,,,,,,
18,20,3.786519,0.865875,,,,,,,,,,,,,,,,,,,,
19,20,3.822593,0.875115,,,,,,,,,,,,,,,,,,,,
20,20,4.072016,0.939002,,,,,,,,,,,,,,,,,,,,
21,20,4.433953,1.0,,,,,,,,,,,,,,,,,,,,
22,20,4.414715,1.0,0.011774,0.959146576213024,96.43413792693475,1.472393724022842,0.290344,0.0843,0.024491,-0.644841,0.284,0.001,0.0218367346938775,0.284135,0.0807,0.02294,-0.646345,66.37167578006606,0.001,0.00620163265306121,1.0,429.9942959940338
23,20,4.111996,0.949242,,,,,,,,,,,,,,,,,,,,
24,20,3.951568,0.90815,,,,,,,,,,,,,,,,,,,,
25,20,3.820547,0.874591,0.005812,0.47346355537201423,89.92963955536712,0.7577681348516201,0.2896,0.0839,0.024309,-1.470807,0.282,0.001,0.01,0.28208,0.0796,0.022446,-0.662833,66.84239688488923,0.001,0.0028199999999999996,1.0,945.6264775413713
26,20,3.851208,0.882444,,,,,,,,,,,,,,,,,,,,
27,20,3.501098,0.792768,,,,,,,,,,,,,,,,,,,,
28,20,3.062195,0.680348,,,,,,,,,,,,,,,,,,,,
29,20,2.290259,0.482626,,,,,,,,,,,,,,,,,,,,
30,20,1.419459,0.25958,,,,,,,,,,,,,,,,,,,,
31,20,1.485036,0.276377,0.003734,0.30418322707486256,97.18334478800712,0.3327679707919402,0.291123,0.0848,0.024701,-0.602503,0.284,0.001,0.0277551020408163,0.284173,0.0808,0.022949,-0.611751,66.37167578006606,0.001,0.007882448979591828,1.0,338.30433581883494
32,20,1.815613,0.361051,0.004058,0.3305772724878929,96.79529121027072,0.3920186695715502,0.290592,0.0845,0.024563,-0.859749,0.282,0.001,0.01,0.28208,0.0796,0.022446,-0.662833,66.84239688488923,0.001,0.0028199999999999996,1.0,945.6264775413713
33,20,1.789551,0.354375,0.002885,0.23502105252034775,95.12448542978748,0.23452815526270965,0.289862,0.0841,0.024382,-0.390665,0.284,0.001,0.0395918367346938,0.284272,0.0808,0.022973,-0.393613,66.37167578006606,0.001,0.011244081632653037,1.0,237.16180242969895
34,20,1.502237,0.280783,0.003965,0.3230012038971157,96.6755113547088,0.3293500419472035,0.292453,0.0856,0.025043,-0.500559,0.297,0.001,0.0159183673469387,0.297081,0.0883,0.02622,-0.503788,63.466518254339256,0.001,0.0047277551020407935,1.0,564.0450084894557
35,20,1.732674,0.339807,,,,,,,,,,,,,,,,,,,,
36,20,1.888737,0.37978,,,,,,,,,,,,,,,,,,,,
37,20,1.699065,0.331198,,,,,,,,,,,,,,,,,,,,
38,20,1.795901,0.356002,,,,,,,,,,,,,,,,,,,,
39,20,1.779377,0.351769,,,,,,,,,,,,,,,,,,,,
40,20,1.818364,0.361755,,,,,,,,,,,,,,,,,,,,
41,20,1.939919,0.39289,,,,,,,,,,,,,,,,,,,,
42,20,1.928708,0.390019,,,,,,,,,,,,,,,,,,,,
43,20,1.839498,0.367169,,,,,,,,,,,,,,,,,,,,
44,20,1.602493,0.306462,0.002674,0.21783233776062735,94.15986631685585,0.260656651477599,0.291413,0.085,0.024774,-0.951178,0.282,0.001,0.01,0.28208,0.0796,0.022446,-0.662833,66.84239688488923,0.001,0.0028199999999999996,1.0,945.6264775413713
45,20,1.278369,0.223442,0.001706,0.13897605393404272,93.902750379337,0.1850848392927974,0.292393,0.0855,0.025028,-0.966072,0.282,0.001,0.01,0.28208,0.0796,0.022446,-0.662833,66.84239688488923,0.001,0.0028199999999999996,1.0,945.6264775413713
46,20,1.159674,0.19304,0.001464,0.11926198297739657,91.45431083404296,0.13768685768820021,0.291401,0.0849,0.024773,-0.80096,0.282,0.001,0.01,0.28208,0.0796,0.022446,-0.662833,66.84239688488923,0.001,0.0028199999999999996,1.0,945.6264775413713
47,20,1.212636,0.206605,0.002111,0.1719686107003307,94.06232763280116,0.16589125227738655,0.29004,0.0842,0.024432,-0.497141,0.288,0.001,0.0277551020408163,0.28817,0.083,0.023931,-0.490155,65.44984694978736,0.001,0.007993469387755093,1.0,333.6056644880178
48,20,1.175447,0.197079,0.001772,0.14435261874040076,91.2583888296287,0.14191007979074644,0.294455,0.0867,0.025566,-0.862262,0.282,0.001,0.01,0.28208,0.0796,0.022446,-0.662833,66.84239688488923,0.001,0.0028199999999999996,1.0,945.6264775413713
49,20,1.093632,0.176123,0.002003,0.1631705955626539,93.50110194510178,0.17216283258892962,0.290391,0.0844,0.024517,-0.757117,0.282,0.001,0.01,0.28208,0.0796,0.022446,-0.662833,66.84239688488923,0.001,0.0028199999999999996,1.0,945.6264775413713
50,20,1.073978,0.17109,0.001567,0.12765268259944018,95.36840383126994,0.11388165859873045,0.292143,0.0854,0.024968,-0.769067,0.282,0.001,0.01,0.28208,0.0796,0.022446,-0.662833,66.84239688488923,0.001,0.0028199999999999996,1.0,945.6264775413713
51,20,1.163588,0.194042,0.001435,0.1168995529867241,88.60815337082957,0.1577073706391917,0.291733,0.0851,0.024854,-1.168734,0.282,0.001,0.01,0.28208,0.0796,0.022446,-0.662833,66.84239688488923,0.001,0.0028199999999999996,1.0,945.6264775413713
52,20,1.271145,0.221591,0.003167,0.2579936476020594,95.89993020125534,0.2794218827202223,0.291605,0.0851,0.024825,-0.684161,0.282,0.001,0.01,0.28208,0.0796,0.022446,-0.662833,66.84239688488923,0.001,0.0028199999999999996,1.0,945.6264775413713
53,20,1.288049,0.225921,0.003056,0.24895124315500267,96.01433149379591,0.2883388524513869,0.290927,0.0847,0.024649,-0.830443,0.282,0.001,0.01,0.28208,0.0796,0.022446,-0.662833,66.84239688488923,0.001,0.0028199999999999996,1.0,945.6264775413713
54,20,1.317323,0.233419,0.004347,0.35412010929149107,96.35858801518864,0.4091340296365902,0.292469,0.0856,0.025042,-0.128435,0.292,0.001,0.0455102040816326,0.292334,0.0855,0.024984,-0.135857,64.55327370389986,0.001,0.01328897959183672,1.0,200.6675266703526
55,20,1.319835,0.234063,0.004152,0.33823480418179686,95.1652942862004,0.447263457726658,0.290757,0.0846,0.024602,-0.827678,0.282,0.001,0.01,0.28208,0.0796,0.022446,-0.662833,66.84239688488923,0.001,0.0028199999999999996,1.0,945.6264775413713
56,20,1.402879,0.255334,0.005613,0.4572523978498135,97.9837155225811,0.5289826697141311,0.291986,0.0853,0.024917,-0.328191,0.295,0.001,0.01,0.295041,0.0871,0.025684,-0.327939,63.8967997340297,0.001,0.00295,1.0,903.9548022598871
57,20,1.330643,0.236831,0.005073,0.4132623221614295,97.89164049647782,0.44517455348849766,0.292241,0.0854,0.024984,-0.373934,0.299,0.001,0.0336734693877551,0.29921,0.0895,0.026788,-0.380372,63.04199304862462,0.001,0.010068367346938776,1.0,264.85591702983004
58,20,1.220447,0.208606,0.003945,0.32137194183458295,97.96710005875252,0.360642468168632,0.292704,0.0857,0.025101,-0.576282,0.286,0.001,0.0159183673469387,0.286103,0.0819,0.02342,-0.576313,65.90753818719845,0.001,0.004552653061224468,1.0,585.7390472775116
0,21,0.428848,0.005847,,,,,,,,,,,,,,,,,,,,
1,21,0.427049,0.005386,,,,,,,,,,,,,,,,,,,,
2,21,0.424861,0.004826,,,,,,,,,,,,,,,,,,,,
3,21,0.432393,0.006755,,,,,,,,,,,,,,,,,,,,
4,21,0.434861,0.007387,,,,,,,,,,,,,,,,,,,,
5,21,0.428765,0.005826,,,,,,,,,,,,,,,,,,,,
6,21,0.427819,0.005583,,,,,,,,,,,,,,,,,,,,
7,21,0.434483,0.00729,,,,,,,,,,,,,,,,,,,,
8,21,0.459213,0.013625,,,,,,,,,,,,,,,,,,,,
9,21,0.503787,0.025042,,,,,,,,,,,,,,,,,,,,
10,21,0.616705,0.053964,,,,,,,,,,,,,,,,,,,,
11,21,1.35526,0.243137,,,,,,,,,,,,,,,,,,,,
12,21,2.238435,0.469351,,,,,,,,,,,,,,,,,,,,
13,21,2.962585,0.654834,,,,,,,,,,,,,,,,,,,,
14,21,3.196312,0.7147,,,,,,,,,,,,,,,,,,,,
15,21,3.444681,0.778317,0.003283,0.26744336756474923,85.87061377625648,0.34371734010396304,0.288158,0.0831,0.023962,-0.824414,0.282,0.001,0.01,0.28208,0.0796,0.022446,-0.662833,66.84239688488923,0.001,0.0028199999999999996,1.0,945.6264775413713
16,21,3.968651,0.912526,,,,,,,,,,,,,,,,,,,,
17,21,4.198039,0.971281,0.008727,0.7109285009861611,92.28617536836214,1.1303670174558103,0.289432,0.0838,0.024264,-1.454702,0.282,0.001,0.01,0.28208,0.0796,0.022446,-0.662833,66.84239688488923,0.001,0.0028199999999999996,1.0,945.6264775413713
18,21,3.944634,0.906374,,,,,,,,,,,,,,,,,,,,
19,21,3.896466,0.894037,,,,,,,,,,,,,,,,,,,,
20,21,3.965821,0.911801,,,,,,,,,,,,,,,,,,,,
21,21,4.208846,0.974049,,,,,,,,,,,,,,,,,,,,
22,21,4.388915,1.0,,,,,,,,,,,,,,,,,,,,
23,21,4.059124,0.9357,,,,,,,,,,,,,,,,,,,,
24,21,3.909043,0.897258,,,,,,,,,,,,,,,,,,,,
25,21,3.63183,0.826253,,,,,,,,,,,,,,,,,,,,
26,21,3.640243,0.828408,,,,,,,,,,,,,,,,,,,,
27,21,3.230204,0.723381,,,,,,,,,,,,,,,,,,,,
28,21,2.808747,0.61543,,,,,,,,,,,,,,,,,,,,
29,21,2.273992,0.478459,,,,,,,,,,,,,,,,,,,,
30,21,1.520383,0.285431,0.002802,0.22825961496083685,93.96471505799745,0.25561181236079755,0.290075,0.0842,0.024439,-0.667965,0.282,0.001,0.01,0.28208,0.0796,0.022446,-0.662833,66.84239688488923,0.001,0.0028199999999999996,1.0,945.6264775413713
31,21,1.46776,0.271952,0.003124,0.254490734167614,95.28734315591299,0.2788846981502904,0.291395,0.0849,0.024774,-0.33146,0.295,0.001,0.01,0.295041,0.0871,0.025684,-0.327939,63.8967997340297,0.001,0.00295,1.0,903.9548022598871
32,21,1.747902,0.343707,,,,,,,,,,,,,,,,,,,,
33,21,1.747968,0.343724,,,,,,,,,,,,,,,,,,,,
34,21,1.585058,0.301997,,,,,,,,,,,,,,,,,,,,
35,21,1.762835,0.347532,,,,,,,,,,,,,,,,,,,,
36,21,1.883328,0.378395,,,,,,,,,,,,,,,,,,,,
37,21,1.722341,0.33716,0.003052,0.24862539074249612,92.4360199605389,0.34465176710973844,0.291195,0.0848,0.024718,-1.460826,0.282,0.001,0.01,0.28208,0.0796,0.022446,-0.662833,66.84239688488923,0.001,0.0028199999999999996,1.0,945.6264775413713
38,21,1.796565,0.356172,,,,,,,,,,,,,,,,,,,,
39,21,1.787435,0.353833,,,,,,,,,,,,,,,,,,,,
40,21,1.822211,0.362741,,,,,,,,,,,,,,,,,,,,
41,21,1.951381,0.395826,,,,,,,,,,,,,,,,,,,,
42,21,1.942523,0.393557,0.002938,0.2393385969860595,93.41032333137234,0.24834384603786175,0.291648,0.0851,0.024847,-0.795804,0.282,0.001,0.01,0.28208,0.0796,0.022446,-0.662833,66.84239688488923,0.001,0.0028199999999999996,1.0,945.6264775413713
43,21,1.885309,0.378902,,,,,,,,,,,,,,,,,,,,
44,21,1.579696,0.300623,0.002046,0.1666735089970993,91.72726633318301,0.20552636229292043,0.292152,0.0854,0.024963,-0.945234,0.282,0.001,0.01,0.28208,0.0796,0.022446,-0.662833,66.84239688488923,0.001,0.0028199999999999996,1.0,945.6264775413713
45,21,1.252978,0.216938,0.001772,0.14435261874040076,92.63593870398917,0.14629239465093036,0.290587,0.0845,0.02457,-0.775514,0.282,0.001,0.01,0.28208,0.0796,0.022446,-0.662833,66.84239688488923,0.001,0.0028199999999999996,1.0,945.6264775413713
46,21,1.194702,0.202011,0.001384,0.11274493472726561,91.5327605783689,0.1276242142138364,0.291298,0.0849,0.02475,-1.073218,0.282,0.001,0.01,0.28208,0.0796,0.022446,-0.662833,66.84239688488923,0.001,0.0028199999999999996,1.0,945.6264775413713
47,21,1.191688,0.20124,0.000899,0.07323532971084666,81.99133857080804,0.12899279461885138,0.291841,0.0852,0.024887,-1.096291,0.282,0.001,0.01,0.28208,0.0796,0.022446,-0.662833,66.84239688488923,0.001,0.0028199999999999996,1.0,945.6264775413713
48,21,1.052471,0.165581,0.00124,0.10101424787702988,90.32844888256244,0.1388583440960348,0.292712,0.0857,0.025113,-0.731482,0.282,0.001,0.01,0.28208,0.0796,0.022446,-0.662833,66.84239688488923,0.001,0.0028199999999999996,1.0,945.6264775413713
49,21,1.013122,0.155502,0.001225,0.09979230133013033,91.46034961688733,0.09686387842352151,0.291065,0.0848,0.024698,-0.496374,0.288,0.001,0.0277551020408163,0.28817,0.083,0.023931,-0.490155,65.44984694978736,0.001,0.007993469387755093,1.0,333.6056644880178
50,21,0.960178,0.141941,0.002195,0.1788115113629682,95.34614072291454,0.20784458605596412,0.291083,0.0848,0.02469,-0.71369,0.282,0.001,0.01,0.28208,0.0796,0.022446,-0.662833,66.84239688488923,0.001,0.0028199999999999996,1.0,945.6264775413713
51,21,0.958526,0.141518,0.003585,0.29204522470899363,97.0035153347792,0.2736176913047761,0.29145,0.085,0.024791,0.144581,0.29,0.00475,0.0987755102040816,0.291325,0.0849,0.024748,0.144866,64.99846869496125,0.00475,0.028644897959183662,1.0,93.09394889332196
52,21,1.049285,0.164765,0.003349,0.2728199323711073,97.81070277872337,0.24026442763773248,0.291528,0.085,0.024807,-0.130749,0.292,0.001,0.0455102040816326,0.292334,0.0855,0.024984,-0.135857,64.55327370389986,0.001,0.01328897959183672,1.0,200.6675266703526
53,21,0.990088,0.149602,0.002325,0.18940171476943102,92.87648094719057,0.23280659082746158,0.29391,0.0864,0.025413,-0.707078,0.282,0.001,0.01,0.28208,0.0796,0.022446,-0.662833,66.84239688488923,0.001,0.0028199999999999996,1.0,945.6264775413713
54,21,1.086539,0.174307,0.003556,0.2896827947183212,97.57711287774183,0.3209311873637182,0.292347,0.0855,0.025008,-0.632565,0.299,0.001,0.0159183673469387,0.299098,0.0895,0.026758,-0.633265,63.04199304862462,0.001,0.004759591836734671,1.0,560.2721321784893
55,21,1.302945,0.229737,0.004046,0.3295997152503733,96.72202822628194,0.39784913890304896,0.29264,0.0857,0.025082,-0.876572,0.282,0.001,0.01,0.28208,0.0796,0.022446,-0.662833,66.84239688488923,0.001,0.0028199999999999996,1.0,945.6264775413713
56,21,1.46629,0.271575,0.004015,0.32707435905344756,96.69137873202529,0.4220707606566514,0.291626,0.0851,0.024821,-0.826138,0.282,0.001,0.01,0.28208,0.0796,0.022446,-0.662833,66.84239688488923,0.001,0.0028199999999999996,1.0,945.6264775413713
57,21,1.337158,0.2385,0.004825,0.39305947258602353,97.53501730368119,0.42848766911211633,0.292729,0.0857,0.025109,-0.103034,0.292,0.001,0.0159183673469387,0.292048,0.0853,0.02491,-0.099217,64.55327370389986,0.001,0.0046481632653061,1.0,573.7033134293436
58,21,1.24778,0.215607,0.004959,0.40397552840499285,97.07168879909993,0.43367784215212335,0.291755,0.0851,0.024857,-0.53408,0.286,0.001,0.0336734693877551,0.286224,0.0819,0.023449,-0.536849,65.90753818719845,0.001,0.009630612244897958,1.0,276.8948223493678
0,22,0.43176,0.006593,,,,,,,,,,,,,,,,,,,,
1,22,0.427007,0.005375,,,,,,,,,,,,,,,,,,,,
2,22,0.432282,0.006727,,,,,,,,,,,,,,,,,,,,
3,22,0.43163,0.00656,,,,,,,,,,,,,,,,,,,,
4,22,0.425861,0.005082,,,,,,,,,,,,,,,,,,,,
5,22,0.428717,0.005813,,,,,,,,,,,,,,,,,,,,
6,22,0.430129,0.006175,,,,,,,,,,,,,,,,,,,,
7,22,0.436839,0.007894,,,,,,,,,,,,,,,,,,,,
8,22,0.476906,0.018156,,,,,,,,,,,,,,,,,,,,
9,22,0.525576,0.030623,,,,,,,,,,,,,,,,,,,,
10,22,0.72088,0.080648,0.00026,0.021180406812925618,78.83026448087558,0.028315452750542647,0.294892,0.087,0.025713,-1.319048,0.282,0.001,0.01,0.28208,0.0796,0.022446,-0.662833,66.84239688488923,0.001,0.0028199999999999996,1.0,945.6264775413713
11,22,1.649107,0.318402,,,,,,,,,,,,,,,,,,,,
12,22,2.434671,0.519615,,,,,,,,,,,,,,,,,,,,
13,22,3.047944,0.676698,,,,,,,,,,,,,,,,,,,,
14,22,3.364985,0.757904,0.002607,0.21237430985114264,84.73546976867802,0.24718851798392727,0.2875,0.0827,0.023798,-0.65514,0.284,0.001,0.0159183673469387,0.284106,0.0807,0.022933,-0.653076,66.37167578006606,0.001,0.00452081632653059,1.0,589.8639701456631
15,22,3.619109,0.822995,,,,,,,,,,,,,,,,,,,,
16,22,3.933026,0.903401,0.008394,0.683801287644991,93.939112228985,0.9626018813692587,0.289488,0.0838,0.024281,-1.105932,0.282,0.001,0.01,0.28208,0.0796,0.022446,-0.662833,66.84239688488923,0.001,0.0028199999999999996,1.0,945.6264775413713
17,22,4.188265,0.968778,0.010462,0.8522669849108764,78.0430592636209,1.3060633770382353,0.286076,0.0819,0.023452,-0.63741,0.284,0.001,0.0218367346938775,0.284135,0.0807,0.02294,-0.646345,66.37167578006606,0.001,0.00620163265306121,1.0,429.9942959940338
18,22,4.026607,0.927371,0.011378,0.9268871873748757,95.59339507362075,1.345982611922059,0.290074,0.0842,0.024426,-1.132499,0.282,0.001,0.01,0.28208,0.0796,0.022446,-0.662833,66.84239688488923,0.001,0.0028199999999999996,1.0,945.6264775413713
19,22,3.890166,0.892423,,,,,,,,,,,,,,,,,,,,
20,22,3.897119,0.894204,,,,,,,,,,,,,,,,,,,,
21,22,3.995877,0.9195,0.013528,1.0,97.1139769540007,1.6399338735292517,0.290007,0.0841,0.024407,-0.947127,0.282,0.001,0.01,0.28208,0.0796,0.022446,-0.662833,66.84239688488923,0.001,0.0028199999999999996,1.0,945.6264775413713
22,22,4.136211,0.955445,,,,,,,,,,,,,,,,,,,,
23,22,4.017454,0.925026,,,,,,,,,,,,,,,,,,,,
24,22,3.862119,0.885239,,,,,,,,,,,,,,,,,,,,
25,22,3.615984,0.822195,0.007446,0.6065742658809391,92.59248607795536,0.8633840486594022,0.289857,0.084,0.024373,-0.980675,0.282,0.001,0.01,0.28208,0.0796,0.022446,-0.662833,66.84239688488923,0.001,0.0028199999999999996,1.0,945.6264775413713
26,22,3.512676,0.795733,0.007838,0.6385078023065808,94.18576053241662,0.9533061342426126,0.290682,0.0845,0.024582,-1.411489,0.282,0.001,0.01,0.28208,0.0796,0.022446,-0.662833,66.84239688488923,0.001,0.0028199999999999996,1.0,945.6264775413713
27,22,3.113379,0.693458,0.006408,0.5220155648354898,93.47099503589318,0.7544013851353828,0.290441,0.0844,0.024522,-1.097686,0.282,0.001,0.01,0.28208,0.0796,0.022446,-0.662833,66.84239688488923,0.001,0.0028199999999999996,1.0,945.6264775413713
28,22,2.544832,0.547831,,,,,,,,,,,,,,,,,,,,
29,22,2.098315,0.433461,,,,,,,,,,,,,,,,,,,,
30,22,1.606233,0.30742,,,,,,,,,,,,,,,,,,,,
31,22,1.446136,0.266413,,,,,,,,,,,,,,,,,,,,
32,22,1.742288,0.342269,0.003243,0.2641848434396838,93.98144141315822,0.3193695245930839,0.290657,0.0845,0.024581,-0.540658,0.286,0.001,0.0336734693877551,0.286224,0.0819,0.023449,-0.536849,65.90753818719845,0.001,0.009630612244897958,1.0,276.8948223493678
33,22,1.775724,0.350833,,,,,,,,,,,,,,,,,,,,
34,22,1.788454,0.354094,,,,,,,,,,,,,,,,,,,,
35,22,1.965404,0.399418,,,,,,,,,,,,,,,,,,,,
36,22,2.043813,0.419501,,,,,,,,,,,,,,,,,,,,
37,22,1.914216,0.386307,,,,,,,,,,,,,,,,,,,,
38,22,1.896953,0.381885,,,,,,,,,,,,,,,,,,,,
39,22,1.86119,0.372725,0.005294,0.4312656679524163,96.42372728759291,0.40589059525349036,0.290327,0.0843,0.024502,-0.457221,0.288,0.001,0.0159183673469387,0.288092,0.083,0.023912,-0.445267,65.44984694978736,0.001,0.004584489795918345,1.0,581.6714150047512
40,22,1.89182,0.38057,,,,,,,,,,,,,,,,,,,,
41,22,1.977034,0.402397,,,,,,,,,,,,,,,,,,,,
42,22,1.987302,0.405027,,,,,,,,,,,,,,,,,,,,
43,22,1.862005,0.372933,0.002778,0.2263045004857976,91.98936858961778,0.27527403168437425,0.291267,0.0849,0.024741,-0.758802,0.282,0.001,0.01,0.28208,0.0796,0.022446,-0.662833,66.84239688488923,0.001,0.0028199999999999996,1.0,945.6264775413713
44,22,1.565431,0.296969,0.002345,0.19103097683196374,95.38255985798459,0.21592375753717685,0.29135,0.0849,0.024762,-0.852489,0.282,0.001,0.01,0.28208,0.0796,0.022446,-0.662833,66.84239688488923,0.001,0.0028199999999999996,1.0,945.6264775413713
45,22,1.254165,0.217242,0.002816,0.2294000984046098,95.50265579254484,0.223065418326157,0.290477,0.0844,0.024546,-0.294045,0.29,0.001,0.0159183673469387,0.290073,0.0841,0.024408,-0.280966,64.99846869496125,0.001,0.004616326530612222,1.0,577.6598880047184
46,22,1.285231,0.2252,,,,,,,,,,,,,,,,,,,,
47,22,1.211328,0.20627,0.00175,0.14256043047161476,89.95234880102326,0.15421445480669016,0.293341,0.0861,0.02527,-0.736279,0.282,0.001,0.01,0.28208,0.0796,0.022446,-0.662833,66.84239688488923,0.001,0.0028199999999999996,1.0,945.6264775413713
48,22,1.088145,0.174718,0.001348,0.10981226301470667,90.36760939050087,0.15158858189036128,0.292982,0.0859,0.025181,-1.009471,0.282,0.001,0.01,0.28208,0.0796,0.022446,-0.662833,66.84239688488923,0.001,0.0028199999999999996,1.0,945.6264775413713
49,22,1.018892,0.15698,0.002487,0.20259873747594623,96.15468216001689,0.1766275567799861,0.290463,0.0844,0.024539,-0.3155,0.29,0.001,0.0218367346938775,0.29011,0.0842,0.024418,-0.319376,64.99846869496125,0.001,0.006332653061224475,1.0,421.09786228381233
50,22,1.000926,0.152378,0.001124,0.09156452791433999,80.61432261556274,0.13917004215677709,0.293536,0.0862,0.025321,-0.839544,0.282,0.001,0.01,0.28208,0.0796,0.022446,-0.662833,66.84239688488923,0.001,0.0028199999999999996,1.0,945.6264775413713
51,22,1.072182,0.170629,0.003188,0.25970437276771874,97.07179187224551,0.21659399200496998,0.291909,0.0853,0.024908,-0.313409,0.29,0.001,0.0218367346938775,0.29011,0.0842,0.024418,-0.319376,64.99846869496125,0.001,0.006332653061224475,1.0,421.09786228381233
52,22,1.145729,0.189468,0.003241,0.2640219172334305,97.56281166703796,0.24837953672295343,0.290595,0.0845,0.024572,-0.344493,0.29,0.001,0.0277551020408163,0.290156,0.0842,0.024429,-0.353149,64.99846869496125,0.001,0.008048979591836727,1.0,331.3049357674107
53,22,1.128838,0.185141,0.002148,0.17498274551601628,89.83466536988212,0.2345623102384372,0.29346,0.0862,0.0253,-0.640894,0.299,0.001,0.0159183673469387,0.299098,0.0895,0.026758,-0.633265,63.04199304862462,0.001,0.004759591836734671,1.0,560.2721321784893
54,22,1.248447,0.215778,0.004386,0.3572971703134299,97.8752679230679,0.37853581176990037,0.292014,0.0853,0.024924,-0.509962,0.299,0.001,0.0277551020408163,0.299164,0.0895,0.026776,-0.510638,63.04199304862462,0.001,0.008298775510204073,1.0,321.3325463964853
55,22,1.377784,0.248906,0.006038,0.4918742166786342,98.60695458239087,0.504356347840057,0.291165,0.0848,0.02471,-0.212665,0.292,0.001,0.0395918367346938,0.29226,0.0854,0.024965,-0.207443,64.55327370389986,0.001,0.011560816326530589,1.0,230.664218801488
56,22,1.388839,0.251737,0.006167,0.5023829569819703,98.17505037452985,0.5113770814596237,0.292207,0.0854,0.02498,-0.216545,0.292,0.001,0.0336734693877551,0.292194,0.0854,0.024948,-0.218989,64.55327370389986,0.001,0.00983265306122449,1.0,271.205202712052
57,22,1.269737,0.221231,0.003887,0.316647081853238,97.24145747028504,0.3739771275450968,0.29217,0.0854,0.024964,-0.809072,0.282,0.001,0.01,0.28208,0.0796,0.022446,-0.662833,66.84239688488923,0.001,0.0028199999999999996,1.0,945.6264775413713
58,22,1.196639,0.202508,0.003889,0.3168100080594913,97.71463834361595,0.33932900447870484,0.29211,0.0854,0.024947,-0.811629,0.282,0.001,0.01,0.28208,0.0796,0.022446,-0.662833,66.84239688488923,0.001,0.0028199999999999996,1.0,945.6264775413713
0,23,0.433462,0.007029,,,,,,,,,,,,,,,,,,,,
1,23,0.438506,0.008321,,,,,,,,,,,,,,,,,,,,
2,23,0.438848,0.008408,,,,,,,,,,,,,,,,,,,,
3,23,0.439758,0.008641,,,,,,,,,,,,,,,,,,,,
4,23,0.44062,0.008862,,,,,,,,,,,,,,,,,,,,
5,23,0.436356,0.00777,,,,,,,,,,,,,,,,,,,,
6,23,0.432413,0.00676,,,,,,,,,,,,,,,,,,,,
7,23,0.450459,0.011382,,,,,,,,,,,,,,,,,,,,
8,23,0.486681,0.02066,,,,,,,,,,,,,,,,,,,,
9,23,0.537258,0.033615,,,,,,,,,,,,,,,,,,,,
10,23,0.94899,0.139075,,,,,,,,,,,,,,,,,,,,
11,23,1.903232,0.383493,,,,,,,,,,,,,,,,,,,,
12,23,2.592402,0.560016,,,,,,,,,,,,,,,,,,,,
13,23,3.114512,0.693748,,,,,,,,,,,,,,,,,,,,
14,23,3.578245,0.812528,,,,,,,,,,,,,,,,,,,,
15,23,4.010532,0.923253,,,,,,,,,,,,,,,,,,,,
16,23,4.182755,0.967366,,,,,,,,,,,,,,,,,,,,
17,23,4.181466,0.967036,0.010515,0.856584529376588,95.22467473824656,1.2152878608750637,0.289543,0.0839,0.024292,-1.032345,0.282,0.001,0.01,0.28208,0.0796,0.022446,-0.662833,66.84239688488923,0.001,0.0028199999999999996,1.0,945.6264775413713
18,23,4.096484,0.945269,,,,,,,,,,,,,,,,,,,,
19,23,3.979388,0.915276,0.012102,0.985866474038561,96.95569159374041,1.4855211614724784,0.289739,0.084,0.02434,-1.221615,0.282,0.001,0.01,0.28208,0.0796,0.022446,-0.662833,66.84239688488923,0.001,0.0028199999999999996,1.0,945.6264775413713
20,23,3.877259,0.889117,0.012305,1.0,95.7960257377315,1.5664750840184793,0.289956,0.0841,0.024394,-1.384782,0.282,0.001,0.01,0.28208,0.0796,0.022446,-0.662833,66.84239688488923,0.001,0.0028199999999999996,1.0,945.6264775413713
21,23,3.921836,0.900535,,,,,,,,,,,,,,,,,,,,
22,23,4.052067,0.933892,0.009388,0.7647756121528682,90.331725247858,1.263701799883921,0.290063,0.0842,0.024421,-1.666065,0.282,0.001,0.01,0.28208,0.0796,0.022446,-0.662833,66.84239688488923,0.001,0.0028199999999999996,1.0,945.6264775413713
23,23,3.780209,0.864259,,,,,,,,,,,,,,,,,,,,
24,23,3.715712,0.847739,,,,,,,,,,,,,,,,,,,,
25,23,3.752081,0.857054,0.005762,0.46939040021568235,89.84477481244373,0.7150150229511967,0.288929,0.0835,0.024141,-1.340888,0.282,0.001,0.01,0.28208,0.0796,0.022446,-0.662833,66.84239688488923,0.001,0.0028199999999999996,1.0,945.6264775413713
26,23,3.582414,0.813596,0.008296,0.6758179035385805,95.3596646984682,0.9208729301538856,0.289478,0.0838,0.024277,-0.754471,0.282,0.001,0.01,0.28208,0.0796,0.022446,-0.662833,66.84239688488923,0.001,0.0028199999999999996,1.0,945.6264775413713
27,23,3.014083,0.668025,,,,,,,,,,,,,,,,,,,,
28,23,2.360112,0.500518,,,,,,,,,,,,,,,,,,,,
29,23,1.922266,0.388368,,,,,,,,,,,,,,,,,,,,
30,23,1.560672,0.29575,,,,,,,,,,,,,,,,,,,,
31,23,1.450733,0.267591,,,,,,,,,,,,,,,,,,,,
32,23,1.904469,0.38381,0.002374,0.19339340682263623,90.6393740303608,0.28110732340004274,0.290935,0.0847,0.024653,-0.993825,0.282,0.001,0.01,0.28208,0.0796,0.022446,-0.662833,66.84239688488923,0.001,0.0028199999999999996,1.0,945.6264775413713
33,23,2.001322,0.408618,,,,,,,,,,,,,,,,,,,,
34,23,1.882052,0.378068,,,,,,,,,,,,,,,,,,,,
35,23,1.986458,0.404811,,,,,,,,,,,,,,,,,,,,
36,23,1.980368,0.403251,,,,,,,,,,,,,,,,,,,,
37,23,1.875833,0.376475,,,,,,,,,,,,,,,,,,,,
38,23,2.01758,0.412782,,,,,,,,,,,,,,,,,,,,
39,23,1.989015,0.405465,,,,,,,,,,,,,,,,,,,,
40,23,1.968774,0.400281,,,,,,,,,,,,,,,,,,,,
41,23,2.010723,0.411026,0.003481,0.2835730619838234,84.91837952790108,0.33756653543709714,0.28871,0.0834,0.024095,-0.611317,0.284,0.001,0.0277551020408163,0.284173,0.0808,0.022949,-0.611751,66.37167578006606,0.001,0.007882448979591828,1.0,338.30433581883494
42,23,1.938541,0.392537,0.003199,0.26060046690211175,90.78137059303825,0.2739221472212958,0.288794,0.0834,0.024117,-0.41332,0.288,0.001,0.01,0.288068,0.083,0.023906,-0.420267,65.44984694978736,0.001,0.0028799999999999997,1.0,925.9259259259259
43,23,1.865069,0.373718,,,,,,,,,,,,,,,,,,,,
44,23,1.635096,0.314813,0.004318,0.3517576793008185,96.4718886591019,0.311920345806006,0.291679,0.0851,0.024851,-0.313939,0.29,0.001,0.0218367346938775,0.29011,0.0842,0.024418,-0.319376,64.99846869496125,0.001,0.006332653061224475,1.0,421.09786228381233
45,23,1.247516,0.215539,0.001038,0.08455870104544921,83.71503102663218,0.14287190008580508,0.291714,0.0851,0.02485,-1.77604,0.282,0.001,0.01,0.28208,0.0796,0.022446,-0.662833,66.84239688488923,0.001,0.0028199999999999996,1.0,945.6264775413713
46,23,1.21679,0.207669,0.001352,0.11013811542721322,89.6967738237632,0.16521397282693107,0.291167,0.0848,0.024709,-0.750427,0.282,0.001,0.01,0.28208,0.0796,0.022446,-0.662833,66.84239688488923,0.001,0.0028199999999999996,1.0,945.6264775413713
47,23,1.235708,0.212515,0.003085,0.25131367314567515,95.68215786627715,0.24230655266871748,0.290468,0.0844,0.02454,-0.374236,0.29,0.001,0.0336734693877551,0.290211,0.0842,0.024443,-0.362406,64.99846869496125,0.001,0.00976530612244898,1.0,273.075583420411
48,23,1.138234,0.187548,0.001286,0.10476155062085518,92.76489166304731,0.1118411626400948,0.291111,0.0848,0.024712,-0.471396,0.288,0.001,0.0218367346938775,0.288127,0.083,0.02392,-0.47349,65.44984694978736,0.001,0.0062889795918367195,1.0,424.02215299411665
49,23,1.082017,0.173149,0.001151,0.09376403169875917,88.42137404856351,0.114502469443165,0.290376,0.0844,0.024521,-0.865372,0.282,0.001,0.01,0.28208,0.0796,0.022446,-0.662833,66.84239688488923,0.001,0.0028199999999999996,1.0,945.6264775413713
50,23,1.096692,0.176907,0.001666,0.13571752980897722,92.73601806910641,0.1645821153355479,0.291802,0.0852,0.024872,-0.605981,0.284,0.001,0.0277551020408163,0.284173,0.0808,0.022949,-0.611751,66.37167578006606,0.001,0.007882448979591828,1.0,338.30433581883494
51,23,1.125826,0.18437,0.000889,0.0724206986795803,81.05205970071775,0.13762326200210961,0.290376,0.0843,0.024509,-1.442934,0.282,0.001,0.01,0.28208,0.0796,0.022446,-0.662833,66.84239688488923,0.001,0.0028199999999999996,1.0,945.6264775413713
52,23,1.137833,0.187445,0.001963,0.15991207143758843,94.07264456587241,0.19665659658189827,0.292422,0.0855,0.025036,-0.858081,0.282,0.001,0.01,0.28208,0.0796,0.022446,-0.662833,66.84239688488923,0.001,0.0028199999999999996,1.0,945.6264775413713
53,23,1.157485,0.192479,0.002821,0.22980741392024298,96.84233191737403,0.26480981828795735,0.292355,0.0855,0.025011,0.134944,0.292,0.004375,0.0928571428571428,0.293184,0.086,0.025221,0.133896,64.55327370389986,0.004375,0.0271142857142857,1.0,98.3491394450299
54,23,1.270976,0.221548,0.002685,0.21872843189502034,93.05519135554638,0.3295928331243164,0.292405,0.0855,0.02502,-1.170754,0.282,0.001,0.01,0.28208,0.0796,0.022446,-0.662833,66.84239688488923,0.001,0.0028199999999999996,1.0,945.6264775413713
55,23,1.375085,0.248215,0.00547,0.4456031741027044,98.08568792875543,0.5107639133722975,0.291533,0.085,0.024801,-0.181826,0.292,0.001,0.0277551020408163,0.292136,0.0853,0.024933,-0.190204,64.55327370389986,0.001,0.008104489795918358,1.0,329.0357238785929
56,23,1.379678,0.249391,0.005659,0.46099970059363876,97.62399750750535,0.4991809633468358,0.292066,0.0853,0.024936,-0.31095,0.29,0.001,0.0218367346938775,0.29011,0.0842,0.024418,-0.319376,64.99846869496125,0.001,0.006332653061224475,1.0,421.09786228381233
57,23,1.307733,0.230963,0.003678,0.2996212932997709,94.13161505156627,0.44734284997356644,0.292451,0.0855,0.025032,-0.496637,0.288,0.001,0.0277551020408163,0.28817,0.083,0.023931,-0.490155,65.44984694978736,0.001,0.007993469387755093,1.0,333.6056644880178
58,23,1.261585,0.219143,0.003876,0.315750987718845,97.51849370395594,0.3802802876972191,0.291987,0.0853,0.024916,-0.267499,0.288,0.001,0.0455102040816326,0.288348,0.0831,0.023976,-0.269339,65.44984694978736,0.001,0.013106938775510188,1.0,203.4545756518853
0,24,0.432672,0.006826,,,,,,,,,,,,,,,,,,,,
1,24,0.432691,0.006831,,,,,,,,,,,,,,,,,,,,
2,24,0.433317,0.006992,,,,,,,,,,,,,,,,,,,,
3,24,0.436599,0.007832,,,,,,,,,,,,,,,,,,,,
4,24,0.443119,0.009502,,,,,,,,,,,,,,,,,,,,
5,24,0.437297,0.008011,,,,,,,,,,,,,,,,,,,,
6,24,0.4433,0.009549,,,,,,,,,,,,,,,,,,,,
7,24,0.461265,0.01415,,,,,,,,,,,,,,,,,,,,
8,24,0.503251,0.024904,,,,,,,,,,,,,,,,,,,,
9,24,0.54949,0.036748,,,,,,,,,,,,,,,,,,,,
10,24,1.234102,0.212103,,,,,,,,,,,,,,,,,,,,
11,24,2.155877,0.448205,,,,,,,,,,,,,,,,,,,,
12,24,2.738136,0.597344,1e-06,8.1463103126637e-05,50.016380219767946,0.06831771297851352,0.281353,0.0792,0.022307,1.606256,0.274,0.0055,0.2230612244897959,0.280419,0.0787,0.022145,1.606158,68.79399971364509,0.0055,0.06111877551020408,1.0,43.63089156165201
13,24,3.212542,0.718858,,,,,,,,,,,,,,,,,,,,
14,24,3.633478,0.826675,,,,,,,,,,,,,,,,,,,,
15,24,4.065653,0.937372,0.006166,0.5023014938788437,92.69744247655062,0.7482595283557814,0.289469,0.0838,0.02428,-1.346467,0.282,0.001,0.01,0.28208,0.0796,0.022446,-0.662833,66.84239688488923,0.001,0.0028199999999999996,1.0,945.6264775413713
16,24,4.356734,1.0,,,,,,,,,,,,,,,,,,,,
17,24,4.215897,0.975855,,,,,,,,,,,,,,,,,,,,
18,24,4.131711,0.954292,0.009223,0.751334200136973,95.28694009289556,1.2204082891114871,0.290019,0.0841,0.02441,-0.826274,0.282,0.001,0.01,0.28208,0.0796,0.022446,-0.662833,66.84239688488923,0.001,0.0028199999999999996,1.0,945.6264775413713
19,24,4.045292,0.932157,,,,,,,,,,,,,,,,,,,,
20,24,3.888994,0.892123,0.013179,1.0,95.60495290046882,1.5622634650239995,0.290214,0.0842,0.02446,-0.672064,0.282,0.001,0.01,0.28208,0.0796,0.022446,-0.662833,66.84239688488923,0.001,0.0028199999999999996,1.0,945.6264775413713
21,24,3.840256,0.879639,0.013784,1.0,97.43254444992631,1.520548025313781,0.29003,0.0841,0.02442,-0.529753,0.284,0.001,0.0336734693877551,0.284218,0.0808,0.02296,-0.531033,66.37167578006606,0.001,0.009563265306122448,1.0,278.8447858870394
22,24,4.058372,0.935507,,,,,,,,,,,,,,,,,,,,
23,24,3.843158,0.880382,,,,,,,,,,,,,,,,,,,,
24,24,3.579561,0.812865,,,,,,,,,,,,,,,,,,,,
25,24,3.812673,0.872574,0.004875,0.39713262774235536,85.07501724645019,0.7926854855047591,0.28928,0.0837,0.024224,-1.824036,0.282,0.001,0.01,0.28208,0.0796,0.022446,-0.662833,66.84239688488923,0.001,0.0028199999999999996,1.0,945.6264775413713
26,24,3.59105,0.815808,0.007902,0.6437214409066855,93.8382064199663,0.9156161375376306,0.289824,0.084,0.024363,-0.881992,0.282,0.001,0.01,0.28208,0.0796,0.022446,-0.662833,66.84239688488923,0.001,0.0028199999999999996,1.0,945.6264775413713
27,24,2.749344,0.600215,,,,,,,,,,,,,,,,,,,,
28,24,2.090409,0.431436,,,,,,,,,,,,,,,,,,,,
29,24,1.924584,0.388962,,,,,,,,,,,,,,,,,,,,
30,24,1.671536,0.324147,,,,,,,,,,,,,,,,,,,,
31,24,1.5226,0.285999,0.003891,0.3169729342657446,96.01291494931742,0.31059088640844146,0.291354,0.0849,0.024763,-0.469669,0.288,0.001,0.0218367346938775,0.288127,0.083,0.02392,-0.47349,65.44984694978736,0.001,0.0062889795918367195,1.0,424.02215299411665
32,24,1.786373,0.353561,,,,,,,,,,,,,,,,,,,,
33,24,1.863429,0.373298,,,,,,,,,,,,,,,,,,,,
34,24,1.774093,0.350416,0.003833,0.3122480742843996,96.10680025702166,0.37434797503917716,0.290964,0.0847,0.024664,-0.582232,0.286,0.001,0.0277551020408163,0.286176,0.0819,0.023438,-0.583495,65.90753818719845,0.001,0.007937959183673461,1.0,335.9385712326892
35,24,2.018979,0.41314,,,,,,,,,,,,,,,,,,,,
36,24,2.033945,0.416974,,,,,,,,,,,,,,,,,,,,
37,24,1.932934,0.391101,,,,,,,,,,,,,,,,,,,,
38,24,2.074628,0.427394,,,,,,,,,,,,,,,,,,,,
39,24,2.040951,0.418768,,,,,,,,,,,,,,,,,,,,
40,24,2.080024,0.428776,0.003933,0.3203943845970633,90.39115703194435,0.31809632014446976,0.28979,0.084,0.024373,-0.599729,0.286,0.001,0.0218367346938775,0.286135,0.0819,0.023428,-0.589706,65.90753818719845,0.001,0.006245306122448965,1.0,426.9873428751944
41,24,2.055291,0.422441,,,,,,,,,,,,,,,,,,,,
42,24,1.914199,0.386302,,,,,,,,,,,,,,,,,,,,
43,24,1.873507,0.375879,,,,,,,,,,,,,,,,,,,,
44,24,1.66054,0.321331,0.002377,0.19363779613201615,93.44665132561917,0.24400584899653266,0.290608,0.0845,0.02457,-1.062464,0.282,0.001,0.01,0.28208,0.0796,0.022446,-0.662833,66.84239688488923,0.001,0.0028199999999999996,1.0,945.6264775413713
45,24,1.238291,0.213176,5e-05,0.00407315515633185,52.409872453600954,0.07540250285685635,0.287731,0.0828,0.023857,-1.064532,0.282,0.001,0.01,0.28208,0.0796,0.022446,-0.662833,66.84239688488923,0.001,0.0028199999999999996,1.0,945.6264775413713
46,24,1.205607,0.204805,0.002018,0.16439254210955345,95.47182148049347,0.17485002635040603,0.290932,0.0847,0.024654,-0.627343,0.299,0.001,0.0159183673469387,0.299098,0.0895,0.026758,-0.633265,63.04199304862462,0.001,0.004759591836734671,1.0,560.2721321784893
47,24,1.23458,0.212226,0.001171,0.09539329376129192,87.32816509027866,0.11644680062550583,0.289452,0.0838,0.024283,-0.369688,0.29,0.001,0.0336734693877551,0.290211,0.0842,0.024443,-0.362406,64.99846869496125,0.001,0.00976530612244898,1.0,273.075583420411
48,24,1.157427,0.192464,0.000944,0.07690116935154533,92.40952127047751,0.11348906390453462,0.290582,0.0845,0.024578,-0.376122,0.299,0.001,0.0336734693877551,0.29921,0.0895,0.026788,-0.380372,63.04199304862462,0.001,0.010068367346938776,1.0,264.85591702983004
49,24,1.107077,0.179567,0.001046,0.0852104058704623,89.04562338702348,0.09686596631133637,0.291514,0.085,0.024801,-1.195233,0.282,0.001,0.01,0.28208,0.0796,0.022446,-0.662833,66.84239688488923,0.001,0.0028199999999999996,1.0,945.6264775413713
50,24,1.122742,0.18358,0.001463,0.11918051987426993,92.06158656421042,0.12359810819904793,0.291465,0.085,0.02479,-0.809145,0.282,0.001,0.01,0.28208,0.0796,0.022446,-0.662833,66.84239688488923,0.001,0.0028199999999999996,1.0,945.6264775413713
51,24,1.127868,0.184893,0.001535,0.12504586329938777,92.86618233043077,0.1602504713751487,0.291414,0.085,0.024775,-1.26097,0.282,0.001,0.01,0.28208,0.0796,0.022446,-0.662833,66.84239688488923,0.001,0.0028199999999999996,1.0,945.6264775413713
52,24,1.161872,0.193603,0.001948,0.15869012489068887,93.65953676609182,0.22944113310774217,0.291038,0.0847,0.024674,-0.275911,0.295,0.001,0.0159183673469387,0.295059,0.0871,0.025688,-0.277012,63.8967997340297,0.001,0.004695918367346916,1.0,567.8690424453164
53,24,1.201192,0.203674,0.003025,0.2464258869580769,96.40749572600123,0.25657720738743706,0.293076,0.0859,0.025201,-0.586476,0.286,0.001,0.0277551020408163,0.286176,0.0819,0.023438,-0.583495,65.90753818719845,0.001,0.007937959183673461,1.0,335.9385712326892
54,24,1.310504,0.231673,0.003542,0.28854231127454827,97.08575703056776,0.3703139803590091,0.291732,0.0851,0.024853,-0.589638,0.286,0.001,0.0218367346938775,0.286135,0.0819,0.023428,-0.589706,65.90753818719845,0.001,0.006245306122448965,1.0,426.9873428751944
55,24,1.362751,0.245055,0.005863,0.47761817363147274,97.8230754405273,0.4948713601020409,0.291757,0.0852,0.02486,-0.207146,0.292,0.001,0.0395918367346938,0.29226,0.0854,0.024965,-0.207443,64.55327370389986,0.001,0.011560816326530589,1.0,230.664218801488
56,24,1.440232,0.264901,0.006374,0.5192458193291842,98.29872448830339,0.5227966239119879,0.291745,0.0851,0.024858,-0.107778,0.292,0.001,0.0159183673469387,0.292048,0.0853,0.02491,-0.099217,64.55327370389986,0.001,0.0046481632653061,1.0,573.7033134293436
57,24,1.397868,0.25405,0.005552,0.4522831485590886,97.27156414242516,0.5111209495037443,0.292648,0.0857,0.025086,-0.025132,0.294,0.001,0.0455102040816326,0.294319,0.0866,0.025496,-0.022366,64.1141357875468,0.001,0.013379999999999984,1.0,199.30244145490806
58,24,1.303176,0.229796,0.003953,0.32202364665959604,96.89519740114207,0.42698501683747114,0.29183,0.0852,0.024874,-0.763203,0.282,0.001,0.01,0.28208,0.0796,0.022446,-0.662833,66.84239688488923,0.001,0.0028199999999999996,1.0,945.6264775413713
0,25,0.42875,0.005822,,,,,,,,,,,,,,,,,,,,
1,25,0.432037,0.006664,,,,,,,,,,,,,,,,,,,,
2,25,0.428901,0.00586,,,,,,,,,,,,,,,,,,,,
3,25,0.438345,0.008279,,,,,,,,,,,,,,,,,,,,
4,25,0.433601,0.007064,,,,,,,,,,,,,,,,,,,,
5,25,0.440782,0.008904,,,,,,,,,,,,,,,,,,,,
6,25,0.445578,0.010132,,,,,,,,,,,,,,,,,,,,
7,25,0.468143,0.015912,,,,,,,,,,,,,,,,,,,,
8,25,0.498023,0.023565,,,,,,,,,,,,,,,,,,,,
9,25,0.597405,0.049021,,,,,,,,,,,,,,,,,,,,
10,25,1.461606,0.270376,,,,,,,,,,,,,,,,,,,,
11,25,2.334168,0.493872,,,,,,,,,,,,,,,,,,,,
12,25,2.705965,0.589104,,,,,,,,,,,,,,,,,,,,
13,25,3.164135,0.706459,0.002339,0.19054219821320392,84.08542946632667,0.21858280794983287,0.287681,0.0828,0.023846,-0.454765,0.288,0.001,0.0159183673469387,0.288092,0.083,0.023912,-0.445267,65.44984694978736,0.001,0.004584489795918345,1.0,581.6714150047512
14,25,3.623978,0.824242,0.004836,0.39395556672041654,92.34245360588366,0.5019579469487323,0.289708,0.084,0.024345,-0.853544,0.282,0.001,0.01,0.28208,0.0796,0.022446,-0.662833,66.84239688488923,0.001,0.0028199999999999996,1.0,945.6264775413713
15,25,4.076329,0.940106,0.007634,0.6218893292687468,95.22330730423792,0.8883845129152146,0.290276,0.0843,0.024483,-0.957842,0.282,0.001,0.01,0.28208,0.0796,0.022446,-0.662833,66.84239688488923,0.001,0.0028199999999999996,1.0,945.6264775413713
16,25,4.470907,1.0,0.00913,0.7437581315461957,96.1106420024205,1.2062755334277742,0.290359,0.0843,0.024497,-1.397638,0.282,0.001,0.01,0.28208,0.0796,0.022446,-0.662833,66.84239688488923,0.001,0.0028199999999999996,1.0,945.6264775413713
17,25,4.366484,1.0,,,,,,,,,,,,,,,,,,,,
18,25,4.1621,0.962076,,,,,,,,,,,,,,,,,,,,
19,25,3.999258,0.920366,,,,,,,,,,,,,,,,,,,,
20,25,3.873904,0.888258,0.011064,0.9013077729931117,96.51812518575781,1.3519951662376517,0.28961,0.0839,0.024307,-1.370293,0.282,0.001,0.01,0.28208,0.0796,0.022446,-0.662833,66.84239688488923,0.001,0.0028199999999999996,1.0,945.6264775413713
21,25,3.75104,0.856788,,,,,,,,,,,,,,,,,,,,
22,25,3.809781,0.871833,,,,,,,,,,,,,,,,,,,,
23,25,3.728818,0.851095,,,,,,,,,,,,,,,,,,,,
24,25,3.558488,0.807468,,,,,,,,,,,,,,,,,,,,
25,25,3.813317,0.872739,,,,,,,,,,,,,,,,,,,,
26,25,3.488311,0.789492,,,,,,,,,,,,,,,,,,,,
27,25,2.519912,0.541448,0.004334,0.35306108895084476,92.40724000769302,0.5339005176877154,0.290241,0.0843,0.024471,-1.638698,0.282,0.001,0.01,0.28208,0.0796,0.022446,-0.662833,66.84239688488923,0.001,0.0028199999999999996,1.0,945.6264775413713
28,25,2.147997,0.446187,,,,,,,,,,,,,,,,,,,,
29,25,2.077255,0.428067,0.004312,0.35126890068205874,96.62286965172137,0.35590549717764475,0.289929,0.0841,0.024398,-0.496718,0.288,0.001,0.0277551020408163,0.28817,0.083,0.023931,-0.490155,65.44984694978736,0.001,0.007993469387755093,1.0,333.6056644880178
30,25,1.909375,0.385067,0.002827,0.2302961925390028,91.08116871596499,0.3232314304804318,0.288505,0.0833,0.02404,-1.085063,0.282,0.001,0.01,0.28208,0.0796,0.022446,-0.662833,66.84239688488923,0.001,0.0028199999999999996,1.0,945.6264775413713
31,25,1.611627,0.308802,,,,,,,,,,,,,,,,,,,,
32,25,1.857182,0.371698,,,,,,,,,,,,,,,,,,,,
33,25,1.872752,0.375686,0.002797,0.2278522994452037,87.71636109900072,0.3493305657278327,0.290769,0.0846,0.024606,-1.494493,0.282,0.001,0.01,0.28208,0.0796,0.022446,-0.662833,66.84239688488923,0.001,0.0028199999999999996,1.0,945.6264775413713
34,25,1.812642,0.36029,,,,,,,,,,,,,,,,,,,,
35,25,2.053184,0.421902,,,,,,,,,,,,,,,,,,,,
36,25,2.093768,0.432297,,,,,,,,,,,,,,,,,,,,
37,25,2.075476,0.427611,0.005112,0.4164393831833684,94.42416928038806,0.47671028609442123,0.290431,0.0844,0.024528,-0.645921,0.284,0.001,0.0218367346938775,0.284135,0.0807,0.02294,-0.646345,66.37167578006606,0.001,0.00620163265306121,1.0,429.9942959940338
38,25,2.16728,0.451126,,,,,,,,,,,,,,,,,,,,
39,25,2.103254,0.434726,0.003476,0.2831657464681902,92.74489373612057,0.3584079848602282,0.290372,0.0843,0.024511,-1.229213,0.282,0.001,0.01,0.28208,0.0796,0.022446,-0.662833,66.84239688488923,0.001,0.0028199999999999996,1.0,945.6264775413713
40,25,2.093879,0.432325,,,,,,,,,,,,,,,,,,,,
41,25,2.067869,0.425663,,,,,,,,,,,,,,,,,,,,
42,25,1.938649,0.392565,,,,,,,,,,,,,,,,,,,,
43,25,1.838265,0.366853,0.002741,0.223290365670112,90.85813597308643,0.28971401161847665,0.291177,0.0848,0.024717,-0.861825,0.282,0.001,0.01,0.28208,0.0796,0.022446,-0.662833,66.84239688488923,0.001,0.0028199999999999996,1.0,945.6264775413713
44,25,1.593677,0.304204,0.002663,0.21693624362623432,95.07213150670306,0.22831955047448238,0.292726,0.0857,0.025115,-0.828583,0.282,0.001,0.01,0.28208,0.0796,0.022446,-0.662833,66.84239688488923,0.001,0.0028199999999999996,1.0,945.6264775413713
45,25,1.203882,0.204363,0.001288,0.10492447682710845,87.82952584240896,0.1237550806245491,0.29194,0.0853,0.024922,-0.240294,0.29,0.001,0.01,0.290047,0.0841,0.024402,-0.250628,64.99846869496125,0.001,0.0029,1.0,919.5402298850574
46,25,1.185226,0.199584,0.002107,0.17164275828782416,95.57952221002891,0.17995593952113653,0.291418,0.085,0.024782,-0.533605,0.286,0.001,0.0336734693877551,0.286224,0.0819,0.023449,-0.536849,65.90753818719845,0.001,0.009630612244897958,1.0,276.8948223493678
47,25,1.212333,0.206527,0.001912,0.15575745317812995,93.27375827862315,0.1686746989873147,0.290637,0.0845,0.024583,-0.73196,0.282,0.001,0.01,0.28208,0.0796,0.022446,-0.662833,66.84239688488923,0.001,0.0028199999999999996,1.0,945.6264775413713
48,25,1.171104,0.195967,0.00195,0.15885305109694214,95.38579619224569,0.1516729638615697,0.291796,0.0852,0.024878,-0.646496,0.284,0.001,0.0218367346938775,0.284135,0.0807,0.02294,-0.646345,66.37167578006606,0.001,0.00620163265306121,1.0,429.9942959940338
49,25,1.135609,0.186876,0.001428,0.11632931126483763,93.73135090878218,0.1293524458386548,0.291319,0.0849,0.024755,-0.584531,0.286,0.001,0.0277551020408163,0.286176,0.0819,0.023438,-0.583495,65.90753818719845,0.001,0.007937959183673461,1.0,335.9385712326892
50,25,1.101232,0.17807,0.001861,0.15160283491867146,96.44563436043083,0.14025754239088095,0.292275,0.0855,0.024999,-0.331355,0.295,0.001,0.01,0.295041,0.0871,0.025684,-0.327939,63.8967997340297,0.001,0.00295,1.0,903.9548022598871
51,25,1.126802,0.18462,0.001368,0.11144152507723942,87.59443892980852,0.1469048699050155,0.293034,0.0859,0.025196,-0.485098,0.288,0.001,0.0277551020408163,0.28817,0.083,0.023931,-0.490155,65.44984694978736,0.001,0.007993469387755093,1.0,333.6056644880178
52,25,1.150224,0.190619,0.002,0.162926206253274,92.08388834513276,0.19353323008394008,0.290076,0.0842,0.024435,-0.742434,0.282,0.001,0.01,0.28208,0.0796,0.022446,-0.662833,66.84239688488923,0.001,0.0028199999999999996,1.0,945.6264775413713
53,25,1.185167,0.199569,0.001733,0.1411755577184619,88.98260903739379,0.20207892161307284,0.292847,0.0858,0.025142,-0.592456,0.299,0.001,0.0218367346938775,0.299127,0.0895,0.026766,-0.591508,63.04199304862462,0.001,0.006529183673469372,1.0,408.4226757936641
54,25,1.287848,0.22587,0.004826,0.3931409356891502,97.86472339716089,0.41299115735206793,0.29224,0.0854,0.024984,-0.328103,0.295,0.001,0.01,0.295041,0.0871,0.025684,-0.327939,63.8967997340297,0.001,0.00295,1.0,903.9548022598871
55,25,1.362902,0.245094,0.00333,0.2712721334117012,95.26144384672658,0.3554364601177912,0.292289,0.0855,0.02499,-0.394203,0.284,0.001,0.0395918367346938,0.284272,0.0808,0.022973,-0.393613,66.37167578006606,0.001,0.011244081632653037,1.0,237.16180242969895
56,25,1.406611,0.256289,0.003564,0.29033449954333423,96.50290680017936,0.3962746052877647,0.291934,0.0852,0.0249,-0.682672,0.282,0.001,0.01,0.28208,0.0796,0.022446,-0.662833,66.84239688488923,0.001,0.0028199999999999996,1.0,945.6264775413713
57,25,1.420123,0.259751,0.006709,0.5465359588766076,98.22225136281612,0.6063752612851108,0.292053,0.0853,0.024934,-0.218763,0.292,0.001,0.0336734693877551,0.292194,0.0854,0.024948,-0.218989,64.55327370389986,0.001,0.00983265306122449,1.0,271.205202712052
58,25,1.384886,0.250725,0.006666,0.5430330454421622,98.32845488835636,0.545355467165942,0.292439,0.0856,0.025037,-0.164655,0.278,0.001,0.0277551020408163,0.278121,0.0774,0.021514,-0.168788,67.80415799114661,0.001,0.007715918367346932,1.0,345.60586824657946
0,26,0.432513,0.006786,,,,,,,,,,,,,,,,,,,,
1,26,0.42964,0.00605,,,,,,,,,,,,,,,,,,,,
2,26,0.436653,0.007846,,,,,,,,,,,,,,,,,,,,
3,26,0.439263,0.008515,,,,,,,,,,,,,,,,,,,,
4,26,0.438553,0.008333,,,,,,,,,,,,,,,,,,,,
5,26,0.440355,0.008794,,,,,,,,,,,,,,,,,,,,
6,26,0.451954,0.011765,,,,,,,,,,,,,,,,,,,,
7,26,0.46979,0.016334,,,,,,,,,,,,,,,,,,,,
8,26,0.491005,0.021768,,,,,,,,,,,,,,,,,,,,
9,26,0.69979,0.075246,,,,,,,,,,,,,,,,,,,,
10,26,1.713082,0.334788,8e-05,0.00651704825013096,55.16736284634111,0.05224377455772733,0.28426,0.0809,0.023019,0.979474,0.282,0.002875,0.1224489795918367,0.284054,0.0807,0.022934,0.980868,66.84239688488923,0.002875,0.034530612244897944,1.0,77.22616233254534
11,26,2.526904,0.54324,,,,,,,,,,,,,,,,,,,,
12,26,2.929315,0.646312,,,,,,,,,,,,,,,,,,,,
13,26,3.262031,0.731534,,,,,,,,,,,,,,,,,,,,
14,26,3.46434,0.783353,,,,,,,,,,,,,,,,,,,,
15,26,3.9568,0.909491,,,,,,,,,,,,,,,,,,,,
16,26,4.560618,1.0,,,,,,,,,,,,,,,,,,,,
17,26,4.390561,1.0,,,,,,,,,,,,,,,,,,,,
18,26,4.212319,0.974939,,,,,,,,,,,,,,,,,,,,
19,26,3.908902,0.897222,0.01057,0.861065000048553,88.23639487441999,1.3216679148616048,0.28831,0.0832,0.02399,-1.156296,0.282,0.001,0.01,0.28208,0.0796,0.022446,-0.662833,66.84239688488923,0.001,0.0028199999999999996,1.0,945.6264775413713
20,26,3.753491,0.857415,,,,,,,,,,,,,,,,,,,,
21,26,3.742569,0.854618,0.007976,0.6497497105380567,84.65411965171123,1.016510502569357,0.287532,0.0827,0.023802,-1.094531,0.282,0.001,0.01,0.28208,0.0796,0.022446,-0.662833,66.84239688488923,0.001,0.0028199999999999996,1.0,945.6264775413713
22,26,3.751176,0.856822,,,,,,,,,,,,,,,,,,,,
23,26,3.540513,0.802864,,,,,,,,,,,,,,,,,,,,
24,26,3.592162,0.816093,0.006964,0.5673090501739,88.95975640967833,0.8025990799802116,0.288383,0.0832,0.024014,-0.967365,0.282,0.001,0.01,0.28208,0.0796,0.022446,-0.662833,66.84239688488923,0.001,0.0028199999999999996,1.0,945.6264775413713
25,26,3.807812,0.871329,,,,,,,,,,,,,,,,,,,,
26,26,3.385938,0.763271,,,,,,,,,,,,,,,,,,,,
27,26,2.402658,0.511415,0.005559,0.45285339028097504,93.57172655720503,0.5433012832053561,0.289775,0.084,0.024359,-0.936693,0.282,0.001,0.01,0.28208,0.0796,0.022446,-0.662833,66.84239688488923,0.001,0.0028199999999999996,1.0,945.6264775413713
28,26,2.307839,0.487128,0.005166,0.4208383907522067,96.02230229149743,0.47923133211528945,0.290121,0.0842,0.024449,-0.830489,0.282,0.001,0.01,0.28208,0.0796,0.022446,-0.662833,66.84239688488923,0.001,0.0028199999999999996,1.0,945.6264775413713
29,26,2.185807,0.455872,0.003185,0.2594599834583388,92.08729383215967,0.33924682972340925,0.289831,0.084,0.024372,-1.253944,0.282,0.001,0.01,0.28208,0.0796,0.022446,-0.662833,66.84239688488923,0.001,0.0028199999999999996,1.0,945.6264775413713
30,26,2.074212,0.427288,,,,,,,,,,,,,,,,,,,,
31,26,1.833884,0.365731,0.002301,0.18744660029439175,90.61580162941566,0.23805244609777287,0.292041,0.0853,0.024939,-0.695559,0.282,0.001,0.01,0.28208,0.0796,0.022446,-0.662833,66.84239688488923,0.001,0.0028199999999999996,1.0,945.6264775413713
32,26,2.000885,0.408506,0.004735,0.38572779330462614,95.18619162513961,0.3867862009316525,0.290784,0.0846,0.024615,-0.352127,0.29,0.001,0.0277551020408163,0.290156,0.0842,0.024429,-0.353149,64.99846869496125,0.001,0.008048979591836727,1.0,331.3049357674107
33,26,1.925083,0.38909,,,,,,,,,,,,,,,,,,,,
34,26,2.001048,0.408548,,,,,,,,,,,,,,,,,,,,
35,26,2.188184,0.45648,,,,,,,,,,,,,,,,,,,,
36,26,2.15869,0.448926,,,,,,,,,,,,,,,,,,,,
37,26,2.170681,0.451997,,,,,,,,,,,,,,,,,,,,
38,26,2.216639,0.463769,,,,,,,,,,,,,,,,,,,,
39,26,2.099623,0.433796,0.003831,0.31208514807814636,92.5660967429081,0.354431674593485,0.290963,0.0847,0.024664,-0.655581,0.284,0.001,0.0159183673469387,0.284106,0.0807,0.022933,-0.653076,66.37167578006606,0.001,0.00452081632653059,1.0,589.8639701456631
40,26,2.118557,0.438646,,,,,,,,,,,,,,,,,,,,
41,26,2.070062,0.426225,0.001439,0.11722540539923064,75.41157986400273,0.22308020569883036,0.287585,0.0827,0.023818,-0.702709,0.282,0.001,0.01,0.28208,0.0796,0.022446,-0.662833,66.84239688488923,0.001,0.0028199999999999996,1.0,945.6264775413713
42,26,1.954344,0.396585,,,,,,,,,,,,,,,,,,,,
43,26,1.855186,0.371187,0.002749,0.22394207049512513,92.17176630366357,0.2340420347445915,0.291214,0.0848,0.024727,-1.317885,0.282,0.001,0.01,0.28208,0.0796,0.022446,-0.662833,66.84239688488923,0.001,0.0028199999999999996,1.0,945.6264775413713
44,26,1.58463,0.301887,0.002954,0.2406420066360857,94.26154922779646,0.2746788615856841,0.290533,0.0844,0.024551,-0.651864,0.284,0.001,0.0159183673469387,0.284106,0.0807,0.022933,-0.653076,66.37167578006606,0.001,0.00452081632653059,1.0,589.8639701456631
45,26,1.265024,0.220024,0.001226,0.09987376443325696,80.98751710599075,0.17437275684907172,0.291847,0.0852,0.024887,-1.356931,0.282,0.001,0.01,0.28208,0.0796,0.022446,-0.662833,66.84239688488923,0.001,0.0028199999999999996,1.0,945.6264775413713
46,26,1.199164,0.203154,0.000872,0.07103582592642747,78.96085771578839,0.11989787452886813,0.291056,0.0847,0.024685,-0.962178,0.282,0.001,0.01,0.28208,0.0796,0.022446,-0.662833,66.84239688488923,0.001,0.0028199999999999996,1.0,945.6264775413713
47,26,1.215792,0.207413,0.002088,0.17009495932841806,94.14429790877078,0.19578382509498315,0.292243,0.0854,0.024988,-0.807865,0.282,0.001,0.01,0.28208,0.0796,0.022446,-0.662833,66.84239688488923,0.001,0.0028199999999999996,1.0,945.6264775413713
48,26,1.186714,0.199965,0.003016,0.2456927190299372,96.2064095172195,0.20158132231972814,0.291702,0.0851,0.024859,-0.322072,0.29,0.001,0.0395918367346938,0.290273,0.0843,0.024459,-0.32442,64.99846869496125,0.001,0.011481632653061201,1.0,232.25500651736036
49,26,1.132721,0.186136,0.001468,0.1195878353899031,92.33153198487014,0.13036059841007552,0.289495,0.0838,0.024295,-0.476615,0.288,0.001,0.0336734693877551,0.288221,0.0831,0.023944,-0.474252,65.44984694978736,0.001,0.00969795918367347,1.0,274.9719416386083
50,26,1.108382,0.179902,0.000819,0.06671828146071569,86.37014568404692,0.06859664416320255,0.289881,0.0841,0.024403,-0.669395,0.282,0.001,0.01,0.28208,0.0796,0.022446,-0.662833,66.84239688488923,0.001,0.0028199999999999996,1.0,945.6264775413713
51,26,1.173443,0.196566,0.001321,0.10761275923028747,85.45392118744834,0.14128466008969398,0.292557,0.0856,0.025077,-0.801659,0.282,0.001,0.01,0.28208,0.0796,0.022446,-0.662833,66.84239688488923,0.001,0.0028199999999999996,1.0,945.6264775413713
52,26,1.192551,0.201461,0.002191,0.17848565895046165,94.63483871900654,0.2023217311185248,0.292047,0.0853,0.024943,-0.226419,0.29,0.001,0.0455102040816326,0.290344,0.0843,0.024477,-0.222346,64.99846869496125,0.001,0.013197959183673454,1.0,202.05144064738954
53,26,1.213321,0.206781,0.003557,0.28976425782144777,95.93380602515604,0.317954376657109,0.290487,0.0844,0.024537,-0.530507,0.284,0.001,0.0336734693877551,0.284218,0.0808,0.02296,-0.531033,66.37167578006606,0.001,0.009563265306122448,1.0,278.8447858870394
54,26,1.3386,0.238869,0.005116,0.41676523559587486,97.55479785290603,0.47548207506274787,0.292102,0.0854,0.024947,-0.073957,0.294,0.001,0.0395918367346938,0.294242,0.0866,0.025476,-0.067944,64.1141357875468,0.001,0.011639999999999975,1.0,229.09507445589966
55,26,1.414037,0.258192,0.004599,0.3746488112794035,97.05212581092563,0.4475881779180463,0.292525,0.0856,0.025052,-0.359562,0.29,0.001,0.0336734693877551,0.290211,0.0842,0.024443,-0.362406,64.99846869496125,0.001,0.00976530612244898,1.0,273.075583420411
56,26,1.395249,0.253379,0.00644,0.5246223841355423,98.29196103969352,0.5226412729090435,0.291422,0.085,0.024778,-0.329352,0.295,0.001,0.01,0.295041,0.0871,0.025684,-0.327939,63.8967997340297,0.001,0.00295,1.0,903.9548022598871
57,26,1.346071,0.240783,0.004829,0.3933853249985301,97.40393131272813,0.5129790790831076,0.292145,0.0854,0.024953,-0.427894,0.286,0.001,0.0395918367346938,0.28628,0.082,0.023463,-0.43265,65.90753818719845,0.001,0.011323265306122425,1.0,235.50332828683395
58,26,1.327786,0.236099,0.004445,0.3621034933979015,96.59468769891815,0.4500658313228274,0.292231,0.0854,0.024974,-0.807525,0.282,0.001,0.01,0.28208,0.0796,0.022446,-0.662833,66.84239688488923,0.001,0.0028199999999999996,1.0,945.6264775413713
0,27,0.431875,0.006622,,,,,,,,,,,,,,,,,,,,
1,27,0.423535,0.004486,,,,,,,,,,,,,,,,,,,,
2,27,0.435873,0.007646,,,,,,,,,,,,,,,,,,,,
3,27,0.434918,0.007402,,,,,,,,,,,,,,,,,,,,
4,27,0.433662,0.00708,,,,,,,,,,,,,,,,,,,,
5,27,0.439742,0.008637,,,,,,,,,,,,,,,,,,,,
6,27,0.44315,0.00951,,,,,,,,,,,,,,,,,,,,
7,27,0.452977,0.012027,,,,,,,,,,,,,,,,,,,,
8,27,0.484532,0.02011,,,,,,,,,,,,,,,,,,,,
9,27,0.830135,0.108632,0.000324,0.02639404541303039,85.42408814812607,0.03537160502735026,0.287021,0.0824,0.023696,0.416817,0.284,0.007375,0.1579591836734694,0.287275,0.0826,0.023774,0.417662,66.37167578006606,0.007375,0.0448604081632653,1.0,59.44365590615181
10,27,1.921934,0.388283,,,,,,,,,,,,,,,,,,,,
11,27,2.664488,0.57848,,,,,,,,,,,,,,,,,,,,
12,27,3.015931,0.668498,,,,,,,,,,,,,,,,,,,,
13,27,3.350935,0.754305,0.003029,0.24675173937058348,82.49715536686567,0.2975944699952171,0.287303,0.0826,0.023744,-0.440865,0.288,0.001,0.0159183673469387,0.288092,0.083,0.023912,-0.445267,65.44984694978736,0.001,0.004584489795918345,1.0,581.6714150047512
14,27,3.514904,0.796304,0.004645,0.3783961140232288,92.1013682514793,0.5177038445670221,0.289916,0.0841,0.024398,-0.504304,0.297,0.001,0.0159183673469387,0.297081,0.0883,0.02622,-0.503788,63.466518254339256,0.001,0.0047277551020407935,1.0,564.0450084894557
15,27,3.957343,0.909629,0.00722,0.5881636045743192,93.4123204802305,0.8679216333702797,0.289607,0.0839,0.024313,-1.339684,0.282,0.001,0.01,0.28208,0.0796,0.022446,-0.662833,66.84239688488923,0.001,0.0028199999999999996,1.0,945.6264775413713
16,27,4.522507,1.0,0.00903,0.7356118212335321,93.75263227034971,1.2186314197310333,0.289791,0.084,0.024351,-1.500114,0.282,0.001,0.01,0.28208,0.0796,0.022446,-0.662833,66.84239688488923,0.001,0.0028199999999999996,1.0,945.6264775413713
17,27,4.440885,1.0,,,,,,,,,,,,,,,,,,,,
18,27,4.258443,0.986753,,,,,,,,,,,,,,,,,,,,
19,27,3.907738,0.896924,,,,,,,,,,,,,,,,,,,,
20,27,3.589898,0.815513,,,,,,,,,,,,,,,,,,,,
21,27,3.6473,0.830216,,,,,,,,,,,,,,,,,,,,
22,27,3.797523,0.868693,,,,,,,,,,,,,,,,,,,,
23,27,3.682615,0.839261,0.005909,0.48136547637529803,92.09246989235436,0.6793226810737747,0.28983,0.084,0.024369,-1.178223,0.282,0.001,0.01,0.28208,0.0796,0.022446,-0.662833,66.84239688488923,0.001,0.0028199999999999996,1.0,945.6264775413713
24,27,3.556645,0.806996,,,,,,,,,,,,,,,,,,,,
25,27,3.649597,0.830804,0.007405,0.6032342786527469,95.20837258272341,0.8571185118587166,0.290183,0.0842,0.024455,-0.926616,0.282,0.001,0.01,0.28208,0.0796,0.022446,-0.662833,66.84239688488923,0.001,0.0028199999999999996,1.0,945.6264775413713
26,27,3.23165,0.723752,,,,,,,,,,,,,,,,,,,,
27,27,2.515366,0.540284,,,,,,,,,,,,,,,,,,,,
28,27,2.250437,0.472426,0.003025,0.2464258869580769,92.82641198489942,0.3847831124912049,0.289896,0.0841,0.024383,-1.278651,0.282,0.001,0.01,0.28208,0.0796,0.022446,-0.662833,66.84239688488923,0.001,0.0028199999999999996,1.0,945.6264775413713
29,27,1.987043,0.40496,,,,,,,,,,,,,,,,,,,,
30,27,1.895335,0.38147,0.002697,0.21970598913254,92.84965812003375,0.3125295016076386,0.289907,0.0841,0.024388,-0.65799,0.284,0.001,0.0159183673469387,0.284106,0.0807,0.022933,-0.653076,66.37167578006606,0.001,0.00452081632653059,1.0,589.8639701456631
31,27,1.99083,0.40593,,,,,,,,,,,,,,,,,,,,
32,27,2.092271,0.431913,0.00249,0.20284312678532612,89.96436122428604,0.2708340885811431,0.289137,0.0836,0.024199,-1.036256,0.282,0.001,0.01,0.28208,0.0796,0.022446,-0.662833,66.84239688488923,0.001,0.0028199999999999996,1.0,945.6264775413713
33,27,2.014033,0.411874,,,,,,,,,,,,,,,,,,,,
34,27,2.035155,0.417284,0.003387,0.2759155302899195,93.77662178151019,0.42262244662215354,0.29146,0.085,0.024781,-1.285145,0.282,0.001,0.01,0.28208,0.0796,0.022446,-0.662833,66.84239688488923,0.001,0.0028199999999999996,1.0,945.6264775413713
35,27,2.216247,0.463668,,,,,,,,,,,,,,,,,,,,
36,27,2.157548,0.448633,0.003902,0.3178690284001376,94.34157109324835,0.363497317359343,0.290994,0.0847,0.024668,-0.809039,0.282,0.001,0.01,0.28208,0.0796,0.022446,-0.662833,66.84239688488923,0.001,0.0028199999999999996,1.0,945.6264775413713
37,27,2.137734,0.443558,0.003135,0.255386828302007,88.32576665062852,0.357962062010706,0.291247,0.0849,0.024735,-1.277152,0.282,0.001,0.01,0.28208,0.0796,0.022446,-0.662833,66.84239688488923,0.001,0.0028199999999999996,1.0,945.6264775413713
38,27,2.191546,0.457341,,,,,,,,,,,,,,,,,,,,
39,27,2.117211,0.438301,,,,,,,,,,,,,,,,,,,,
40,27,2.126723,0.440738,,,,,,,,,,,,,,,,,,,,
41,27,2.09687,0.433091,0.002543,0.2071606712510379,89.842537528893,0.2764593221138427,0.291157,0.0848,0.024722,-0.90447,0.282,0.001,0.01,0.28208,0.0796,0.022446,-0.662833,66.84239688488923,0.001,0.0028199999999999996,1.0,945.6264775413713
42,27,1.998313,0.407847,,,,,,,,,,,,,,,,,,,,
43,27,1.946466,0.394567,,,,,,,,,,,,,,,,,,,,
44,27,1.65456,0.319799,,,,,,,,,,,,,,,,,,,,
45,27,1.260608,0.218892,0.002236,0.18215149859116034,92.25286513483663,0.2040462471151835,0.28985,0.084,0.02438,-0.698496,0.282,0.001,0.01,0.28208,0.0796,0.022446,-0.662833,66.84239688488923,0.001,0.0028199999999999996,1.0,945.6264775413713
46,27,1.162624,0.193795,0.001521,0.12390537985561488,87.8821819756058,0.15156454428968114,0.293326,0.0861,0.025273,-0.865414,0.282,0.001,0.01,0.28208,0.0796,0.022446,-0.662833,66.84239688488923,0.001,0.0028199999999999996,1.0,945.6264775413713
47,27,1.236236,0.21265,0.002393,0.19494120578204235,93.89472269138271,0.19499134650735006,0.291176,0.0848,0.024717,-0.668641,0.282,0.001,0.01,0.28208,0.0796,0.022446,-0.662833,66.84239688488923,0.001,0.0028199999999999996,1.0,945.6264775413713
48,27,1.174485,0.196833,0.001207,0.09832596547385085,90.82700452800302,0.13781246415700432,0.292233,0.0854,0.024988,-1.204951,0.282,0.001,0.01,0.28208,0.0796,0.022446,-0.662833,66.84239688488923,0.001,0.0028199999999999996,1.0,945.6264775413713
49,27,1.135718,0.186903,0.001527,0.12439415847437468,91.42235272075048,0.17080003695591295,0.292745,0.0857,0.025115,-0.461062,0.288,0.001,0.0218367346938775,0.288127,0.083,0.02392,-0.47349,65.44984694978736,0.001,0.0062889795918367195,1.0,424.02215299411665
50,27,1.10676,0.179486,0.000117,0.009531183065816528,57.66896325273018,0.06281515456297004,0.288284,0.0832,0.023996,-1.320009,0.282,0.001,0.01,0.28208,0.0796,0.022446,-0.662833,66.84239688488923,0.001,0.0028199999999999996,1.0,945.6264775413713
51,27,1.116556,0.181995,0.00141,0.11486297540855817,92.50172734064047,0.14519273464387672,0.292065,0.0853,0.024948,-0.649069,0.299,0.001,0.01,0.299078,0.0894,0.026753,-0.651126,63.04199304862462,0.001,0.00299,1.0,891.8617614269788
52,27,1.184079,0.199291,0.003621,0.2949778964215526,96.4368184408214,0.2770418770675942,0.29222,0.0854,0.024987,-0.200181,0.295,0.001,0.0218367346938775,0.295085,0.0871,0.025695,-0.195593,63.8967997340297,0.001,0.0064418367346938624,1.0,413.9606103806969
53,27,1.261568,0.219138,0.002733,0.22263866084509892,95.45405541777716,0.2959532238419569,0.290999,0.0847,0.024662,-0.629714,0.299,0.001,0.0159183673469387,0.299098,0.0895,0.026758,-0.633265,63.04199304862462,0.001,0.004759591836734671,1.0,560.2721321784893
54,27,1.422116,0.260261,0.003819,0.31110759084062667,93.17695169247301,0.4107217128879934,0.292277,0.0855,0.024991,-0.526544,0.284,0.001,0.0336734693877551,0.284218,0.0808,0.02296,-0.531033,66.37167578006606,0.001,0.009563265306122448,1.0,278.8447858870394
55,27,1.394858,0.253279,0.005048,0.4112257445832636,97.83157889981625,0.45663514553692697,0.292315,0.0855,0.025003,-0.584127,0.286,0.001,0.0277551020408163,0.286176,0.0819,0.023438,-0.583495,65.90753818719845,0.001,0.007937959183673461,1.0,335.9385712326892
56,27,1.381376,0.249826,0.004803,0.3912672843172375,97.31809936150579,0.4500413203393371,0.292423,0.0855,0.025032,-0.462449,0.288,0.001,0.0218367346938775,0.288127,0.083,0.02392,-0.47349,65.44984694978736,0.001,0.0062889795918367195,1.0,424.02215299411665
57,27,1.40017,0.25464,0.005109,0.4161949938739884,97.21320192061452,0.4630365265700792,0.293037,0.0859,0.025187,-0.065386,0.292,0.001,0.01,0.292021,0.0853,0.024904,-0.065876,64.55327370389986,0.001,0.00292,1.0,913.2420091324202
58,27,1.479853,0.27505,0.004823,0.39289654637977023,97.81693361512043,0.46960613163694465,0.291926,0.0852,0.024898,-0.711679,0.282,0.001,0.01,0.28208,0.0796,0.022446,-0.662833,66.84239688488923,0.001,0.0028199999999999996,1.0,945.6264775413713
0,28,0.429697,0.006064,,,,,,,,,,,,,,,,,,,,
1,28,0.434925,0.007403,,,,,,,,,,,,,,,,,,,,
2,28,0.436651,0.007846,,,,,,,,,,,,,,,,,,,,
3,28,0.443251,0.009536,,,,,,,,,,,,,,,,,,,,
4,28,0.444742,0.009918,,,,,,,,,,,,,,,,,,,,
5,28,0.437832,0.008148,,,,,,,,,,,,,,,,,,,,
6,28,0.445664,0.010154,,,,,,,,,,,,,,,,,,,,
7,28,0.461445,0.014196,,,,,,,,,,,,,,,,,,,,
8,28,0.534753,0.032973,,,,,,,,,,,,,,,,,,,,
9,28,1.032904,0.160569,0.000187,0.015233600284681117,65.2437920933067,0.03282689920044857,0.287002,0.0824,0.023691,0.771321,0.284,0.004,0.1342857142857142,0.286461,0.0821,0.023531,0.771113,66.37167578006606,0.004,0.03813714285714283,1.0,69.92308460693242
10,28,2.116146,0.438029,,,,,,,,,,,,,,,,,,,,
11,28,2.697901,0.587038,,,,,,,,,,,,,,,,,,,,
12,28,3.076572,0.68403,,,,,,,,,,,,,,,,,,,,
13,28,3.373631,0.760119,0.001296,0.10557618165212156,76.73600728326706,0.17089666016049998,0.285555,0.0816,0.023321,-0.63905,0.284,0.001,0.0218367346938775,0.284135,0.0807,0.02294,-0.646345,66.37167578006606,0.001,0.00620163265306121,1.0,429.9942959940338
14,28,3.784067,0.865247,,,,,,,,,,,,,,,,,,,,
15,28,4.138752,0.956095,0.006803,0.5541934905705115,93.40048243857083,0.8003484203909501,0.289969,0.0841,0.024405,-1.0184,0.282,0.001,0.01,0.28208,0.0796,0.022446,-0.662833,66.84239688488923,0.001,0.0028199999999999996,1.0,945.6264775413713
16,28,4.432228,1.0,0.011178,0.9105945667495484,94.62394899627623,1.2430042406379447,0.289952,0.0841,0.024395,-0.656146,0.284,0.001,0.0159183673469387,0.284106,0.0807,0.022933,-0.653076,66.37167578006606,0.001,0.00452081632653059,1.0,589.8639701456631
17,28,4.486459,1.0,,,,,,,,,,,,,,,,,,,,
18,28,4.216097,0.975906,0.007555,0.6154537441217425,78.71533643909179,1.10800668324638,0.287464,0.0827,0.023787,-1.024561,0.282,0.001,0.01,0.28208,0.0796,0.022446,-0.662833,66.84239688488923,0.001,0.0028199999999999996,1.0,945.6264775413713
19,28,3.770221,0.8617,,,,,,,,,,,,,,,,,,,,
20,28,3.595083,0.816841,,,,,,,,,,,,,,,,,,,,
21,28,3.738302,0.853525,,,,,,,,,,,,,,,,,,,,
22,28,3.773505,0.862542,0.005187,0.4225491159178661,86.69209362629665,0.7598474280780483,0.289028,0.0836,0.024166,-1.655081,0.282,0.001,0.01,0.28208,0.0796,0.022446,-0.662833,66.84239688488923,0.001,0.0028199999999999996,1.0,945.6264775413713
23,28,3.679053,0.838349,0.005961,0.48560155773788316,92.99571297509625,0.7420476917128758,0.290256,0.0843,0.024474,-1.414157,0.282,0.001,0.01,0.28208,0.0796,0.022446,-0.662833,66.84239688488923,0.001,0.0028199999999999996,1.0,945.6264775413713
24,28,3.602011,0.818616,,,,,,,,,,,,,,,,,,,,
25,28,3.537525,0.802098,0.00749,0.6101586424185111,92.79956244873335,0.9207869595974865,0.289957,0.0841,0.024398,-1.391207,0.282,0.001,0.01,0.28208,0.0796,0.022446,-0.662833,66.84239688488923,0.001,0.0028199999999999996,1.0,945.6264775413713
26,28,2.89737,0.63813,0.005364,0.43696808517128083,93.86889380412778,0.6169409052147325,0.290231,0.0843,0.024467,-1.292975,0.282,0.001,0.01,0.28208,0.0796,0.022446,-0.662833,66.84239688488923,0.001,0.0028199999999999996,1.0,945.6264775413713
27,28,2.35716,0.499762,,,,,,,,,,,,,,,,,,,,
28,28,2.197655,0.458906,,,,,,,,,,,,,,,,,,,,
29,28,1.975204,0.401928,,,,,,,,,,,,,,,,,,,,
30,28,1.685641,0.32776,,,,,,,,,,,,,,,,,,,,
31,28,1.912065,0.385756,0.004201,0.342226496235002,97.05759282517543,0.34671310761844465,0.290277,0.0843,0.024488,-0.642972,0.284,0.001,0.0218367346938775,0.284135,0.0807,0.02294,-0.646345,66.37167578006606,0.001,0.00620163265306121,1.0,429.9942959940338
32,28,1.983745,0.404116,,,,,,,,,,,,,,,,,,,,
33,28,1.879268,0.377355,,,,,,,,,,,,,,,,,,,,
34,28,1.889013,0.379851,0.004978,0.40552332736439894,96.38969874150767,0.4811050560705823,0.290907,0.0847,0.024645,-0.690408,0.282,0.001,0.01,0.28208,0.0796,0.022446,-0.662833,66.84239688488923,0.001,0.0028199999999999996,1.0,945.6264775413713
35,28,2.247879,0.47177,,,,,,,,,,,,,,,,,,,,
36,28,2.170102,0.451849,,,,,,,,,,,,,,,,,,,,
37,28,2.09831,0.43346,,,,,,,,,,,,,,,,,,,,
38,28,2.176593,0.453511,,,,,,,,,,,,,,,,,,,,
39,28,2.123686,0.43996,,,,,,,,,,,,,,,,,,,,
40,28,2.139283,0.443955,,,,,,,,,,,,,,,,,,,,
41,28,2.102774,0.434604,,,,,,,,,,,,,,,,,,,,
42,28,2.064215,0.424727,,,,,,,,,,,,,,,,,,,,
43,28,1.93265,0.391028,,,,,,,,,,,,,,,,,,,,
44,28,1.56974,0.298073,0.003042,0.24781075971122976,93.92466887383682,0.29112074858740344,0.292407,0.0855,0.025026,-0.419211,0.288,0.001,0.01,0.288068,0.083,0.023906,-0.420267,65.44984694978736,0.001,0.0028799999999999997,1.0,925.9259259259259
45,28,1.229878,0.211021,0.001269,0.10337667786770234,90.00035366497306,0.1311122838403923,0.292172,0.0854,0.024976,-0.860683,0.282,0.001,0.01,0.28208,0.0796,0.022446,-0.662833,66.84239688488923,0.001,0.0028199999999999996,1.0,945.6264775413713
46,28,1.202173,0.203925,0.00048,0.03910228950078576,70.15466309529829,0.09142268884838256,0.288678,0.0834,0.024093,-0.890151,0.282,0.001,0.01,0.28208,0.0796,0.022446,-0.662833,66.84239688488923,0.001,0.0028199999999999996,1.0,945.6264775413713
47,28,1.197379,0.202697,0.002463,0.2006436230009069,95.60673821023278,0.21781245717263165,0.290791,0.0846,0.024612,-0.603054,0.284,0.001,0.0277551020408163,0.284173,0.0808,0.022949,-0.611751,66.37167578006606,0.001,0.007882448979591828,1.0,338.30433581883494
48,28,1.167152,0.194955,0.002721,0.22166110360757926,95.55060759594052,0.2028303492825685,0.29205,0.0853,0.024937,-0.092311,0.292,0.001,0.0159183673469387,0.292048,0.0853,0.02491,-0.099217,64.55327370389986,0.001,0.0046481632653061,1.0,573.7033134293436
49,28,1.148469,0.190169,0.00183,0.1490774787217457,93.23234970069282,0.19396131997600252,0.291797,0.0852,0.024867,-1.120656,0.282,0.001,0.01,0.28208,0.0796,0.022446,-0.662833,66.84239688488923,0.001,0.0028199999999999996,1.0,945.6264775413713
50,28,1.103813,0.178731,0.002292,0.186713432366252,97.44323445675661,0.14009892956440761,0.292533,0.0856,0.025069,-0.392658,0.284,0.001,0.0395918367346938,0.284272,0.0808,0.022973,-0.393613,66.37167578006606,0.001,0.011244081632653037,1.0,237.16180242969895
51,28,1.120504,0.183007,0.002163,0.17620469206291584,95.442735125575,0.18871671470055806,0.292528,0.0856,0.02506,-0.600971,0.301,0.001,0.0277551020408163,0.301177,0.0907,0.02732,-0.596352,62.62310937388292,0.001,0.008354285714285705,1.0,319.19744642042895
52,28,1.15996,0.193113,0.00282,0.22972595081711633,95.02313694025698,0.2675456567324622,0.291455,0.085,0.024787,-0.802179,0.282,0.001,0.01,0.28208,0.0796,0.022446,-0.662833,66.84239688488923,0.001,0.0028199999999999996,1.0,945.6264775413713
53,28,1.269928,0.22128,0.004075,0.3319621452410457,97.05292141104351,0.3492530865599529,0.291892,0.0852,0.024895,-0.125452,0.292,0.001,0.0455102040816326,0.292334,0.0855,0.024984,-0.135857,64.55327370389986,0.001,0.01328897959183672,1.0,200.6675266703526
54,28,1.39857,0.25423,0.004079,0.3322879976535523,97.15186189923584,0.3912186668434925,0.291456,0.085,0.02478,-0.789106,0.282,0.001,0.01,0.28208,0.0796,0.022446,-0.662833,66.84239688488923,0.001,0.0028199999999999996,1.0,945.6264775413713
55,28,1.462995,0.270732,0.004686,0.381736101251421,97.93029335811596,0.4622692390634756,0.291605,0.0851,0.024818,-0.734618,0.282,0.001,0.01,0.28208,0.0796,0.022446,-0.662833,66.84239688488923,0.001,0.0028199999999999996,1.0,945.6264775413713
56,28,1.427754,0.261705,0.004106,0.3344875014379715,97.06154445350401,0.43771924968247855,0.291977,0.0853,0.024913,-0.704388,0.282,0.001,0.01,0.28208,0.0796,0.022446,-0.662833,66.84239688488923,0.001,0.0028199999999999996,1.0,945.6264775413713
57,28,1.407122,0.256421,0.005499,0.4479656040933769,97.86948452542258,0.5452022824379094,0.292106,0.0853,0.024944,-0.32865,0.295,0.001,0.01,0.295041,0.0871,0.025684,-0.327939,63.8967997340297,0.001,0.00295,1.0,903.9548022598871
58,28,1.480274,0.275158,0.007154,0.5827870397679611,98.35202943595195,0.5952451072186807,0.291606,0.0851,0.024821,-0.228901,0.29,0.001,0.0455102040816326,0.290344,0.0843,0.024477,-0.222346,64.99846869496125,0.001,0.013197959183673454,1.0,202.05144064738954
0,29,0.428719,0.005814,,,,,,,,,,,,,,,,,,,,
1,29,0.431864,0.00662,,,,,,,,,,,,,,,,,,,,
2,29,0.432459,0.006772,,,,,,,,,,,,,,,,,,,,
3,29,0.429382,0.005984,,,,,,,,,,,,,,,,,,,,
4,29,0.436031,0.007687,,,,,,,,,,,,,,,,,,,,
5,29,0.432802,0.00686,,,,,,,,,,,,,,,,,,,,
6,29,0.443817,0.009681,,,,,,,,,,,,,,,,,,,,
7,29,0.476506,0.018054,,,,,,,,,,,,,,,,,,,,
8,29,0.587827,0.046568,,,,,,,,,,,,,,,,,,,,
9,29,1.142222,0.188569,0.000817,0.06655535525446243,83.8965246557915,0.06940224181075039,0.287313,0.0826,0.023754,0.511481,0.286,0.001375,0.0691836734693877,0.286676,0.0822,0.023562,0.511528,65.90753818719845,0.001375,0.01978653061224488,1.0,134.77181618774551
10,29,2.240059,0.469768,,,,,,,,,,,,,,,,,,,,
11,29,2.763861,0.603933,,,,,,,,,,,,,,,,,,,,
12,29,3.044473,0.675809,,,,,,,,,,,,,,,,,,,,
13,29,3.296019,0.740239,0.000806,0.06565926112006942,67.31082823660812,0.12128484981600707,0.2864,0.0821,0.023539,-0.443594,0.288,0.001,0.0159183673469387,0.288092,0.083,0.023912,-0.445267,65.44984694978736,0.001,0.004584489795918345,1.0,581.6714150047512
14,29,3.607832,0.820106,,,,,,,,,,,,,,,,,,,,
15,29,3.816461,0.873544,,,,,,,,,,,,,,,,,,,,
16,29,4.244822,0.983264,0.008719,0.7102767961611479,85.73786071445389,1.040674697071628,0.2877,0.0828,0.023846,-0.876161,0.282,0.001,0.01,0.28208,0.0796,0.022446,-0.662833,66.84239688488923,0.001,0.0028199999999999996,1.0,945.6264775413713
17,29,4.423104,1.0,,,,,,,,,,,,,,,,,,,,
18,29,4.101446,0.94654,,,,,,,,,,,,,,,,,,,,
19,29,3.860643,0.884861,0.008487,0.6913773562357681,96.19134872863563,1.011516514825936,0.289576,0.0839,0.024301,-0.987968,0.282,0.001,0.01,0.28208,0.0796,0.022446,-0.662833,66.84239688488923,0.001,0.0028199999999999996,1.0,945.6264775413713
20,29,3.763857,0.860071,,,,,,,,,,,,,,,,,,,,
21,29,3.839781,0.879517,,,,,,,,,,,,,,,,,,,,
22,29,3.765555,0.860505,,,,,,,,,,,,,,,,,,,,
23,29,3.504878,0.793736,,,,,,,,,,,,,,,,,,,,
24,29,3.471887,0.785286,,,,,,,,,,,,,,,,,,,,
25,29,3.396537,0.765986,0.006565,0.5348052720263718,84.12633088121594,0.8352136189356454,0.288527,0.0833,0.024052,-1.205496,0.282,0.001,0.01,0.28208,0.0796,0.022446,-0.662833,66.84239688488923,0.001,0.0028199999999999996,1.0,945.6264775413713
26,29,2.661526,0.577721,,,,,,,,,,,,,,,,,,,,
27,29,2.132882,0.442315,,,,,,,,,,,,,,,,,,,,
28,29,2.163484,0.450154,0.00279,0.22728205772331722,91.2145481263332,0.27630460569311754,0.289676,0.0839,0.024337,-1.092588,0.282,0.001,0.01,0.28208,0.0796,0.022446,-0.662833,66.84239688488923,0.001,0.0028199999999999996,1.0,945.6264775413713
29,29,1.911923,0.385719,0.000854,0.069569490070148,69.27481071971862,0.1535486212023387,0.28997,0.0841,0.024425,-0.90497,0.282,0.001,0.01,0.28208,0.0796,0.022446,-0.662833,66.84239688488923,0.001,0.0028199999999999996,1.0,945.6264775413713
30,29,1.551386,0.293372,,,,,,,,,,,,,,,,,,,,
31,29,1.942666,0.393594,0.002999,0.24430784627678434,94.45170278071595,0.27637226452304864,0.291227,0.0848,0.024728,-1.105108,0.282,0.001,0.01,0.28208,0.0796,0.022446,-0.662833,66.84239688488923,0.001,0.0028199999999999996,1.0,945.6264775413713
32,29,1.94394,0.39392,0.00461,0.3755449054137966,96.2617727984841,0.44075013743023517,0.290435,0.0844,0.024524,-0.836256,0.282,0.001,0.01,0.28208,0.0796,0.022446,-0.662833,66.84239688488923,0.001,0.0028199999999999996,1.0,945.6264775413713
33,29,1.791473,0.354867,0.004961,0.40413845461124615,95.95721386340205,0.4575604846342276,0.290522,0.0844,0.024547,-0.537462,0.286,0.001,0.0336734693877551,0.286224,0.0819,0.023449,-0.536849,65.90753818719845,0.001,0.009630612244897958,1.0,276.8948223493678
34,29,2.011262,0.411164,,,,,,,,,,,,,,,,,,,,
35,29,2.239731,0.469683,,,,,,,,,,,,,,,,,,,,
36,29,2.234821,0.468426,,,,,,,,,,,,,,,,,,,,
37,29,2.146335,0.445761,0.004136,0.3369313945317706,94.00553354034932,0.43484200870926903,0.28978,0.084,0.024361,-0.762815,0.282,0.001,0.01,0.28208,0.0796,0.022446,-0.662833,66.84239688488923,0.001,0.0028199999999999996,1.0,945.6264775413713
38,29,2.217052,0.463874,0.003818,0.3110261277375001,94.1421426176308,0.3718888268261069,0.291552,0.085,0.024812,-0.680079,0.282,0.001,0.01,0.28208,0.0796,0.022446,-0.662833,66.84239688488923,0.001,0.0028199999999999996,1.0,945.6264775413713
39,29,2.186657,0.456089,0.003205,0.2610892455208716,90.28538614635923,0.29636836550498646,0.289686,0.084,0.024339,-1.046075,0.282,0.001,0.01,0.28208,0.0796,0.022446,-0.662833,66.84239688488923,0.001,0.0028199999999999996,1.0,945.6264775413713
40,29,2.131329,0.441918,0.004384,0.3571342441071766,94.33540000746699,0.4339497879242016,0.290091,0.0842,0.024441,-0.667671,0.282,0.001,0.01,0.28208,0.0796,0.022446,-0.662833,66.84239688488923,0.001,0.0028199999999999996,1.0,945.6264775413713
41,29,2.06127,0.423973,,,,,,,,,,,,,,,,,,,,
42,29,2.083918,0.429774,,,,,,,,,,,,,,,,,,,,
43,29,1.909604,0.385125,0.002128,0.17335348345348353,86.46065340338635,0.2727562402182042,0.28999,0.0841,0.024409,-1.610026,0.282,0.001,0.01,0.28208,0.0796,0.022446,-0.662833,66.84239688488923,0.001,0.0028199999999999996,1.0,945.6264775413713
44,29,1.648356,0.31821,0.003339,0.2720053013398409,96.35958057274577,0.2598618023709629,0.291286,0.0849,0.024749,-0.385554,0.299,0.001,0.0336734693877551,0.29921,0.0895,0.026788,-0.380372,63.04199304862462,0.001,0.010068367346938776,1.0,264.85591702983004
45,29,1.32876,0.236349,0.002195,0.1788115113629682,94.3569248442686,0.20976642391798217,0.290901,0.0847,0.024652,-0.163943,0.278,0.001,0.0277551020408163,0.278121,0.0774,0.021514,-0.168788,67.80415799114661,0.001,0.007715918367346932,1.0,345.60586824657946
46,29,1.233075,0.21184,0.001236,0.10068839546452332,82.36998247750671,0.16538248016619805,0.290521,0.0844,0.02454,-1.100077,0.282,0.001,0.01,0.28208,0.0796,0.022446,-0.662833,66.84239688488923,0.001,0.0028199999999999996,1.0,945.6264775413713
47,29,1.268159,0.220827,0.003808,0.3102114967062337,96.63537923951355,0.27127738379158484,0.291289,0.0849,0.024751,-0.443296,0.288,0.001,0.0159183673469387,0.288092,0.083,0.023912,-0.445267,65.44984694978736,0.001,0.004584489795918345,1.0,581.6714150047512
48,29,1.194473,0.201953,0.001176,0.0958006092769251,88.79752494277113,0.1353344320687535,0.292199,0.0854,0.024981,-1.218352,0.282,0.001,0.01,0.28208,0.0796,0.022446,-0.662833,66.84239688488923,0.001,0.0028199999999999996,1.0,945.6264775413713
49,29,1.137947,0.187474,0.001777,0.14475993425603395,91.34375102253831,0.11377087769079541,0.289388,0.0838,0.024273,-0.173318,0.278,0.001,0.0277551020408163,0.278121,0.0774,0.021514,-0.168788,67.80415799114661,0.001,0.007715918367346932,1.0,345.60586824657946
50,29,1.101368,0.178105,0.002214,0.1803593103223743,95.41748219450496,0.15921029624392968,0.29076,0.0846,0.024616,-0.002135,0.292,0.001375,0.0336734693877551,0.292161,0.0854,0.02494,-0.001403,64.55327370389986,0.001375,0.00983265306122449,1.0,271.205202712052
51,29,1.122169,0.183433,0.001507,0.12276489641184196,95.38944728842124,0.10449120064065143,0.291738,0.0852,0.024873,-0.674384,0.282,0.001,0.01,0.28208,0.0796,0.022446,-0.662833,66.84239688488923,0.001,0.0028199999999999996,1.0,945.6264775413713
52,29,1.154757,0.19178,0.001984,0.1616227966032478,94.0651831022894,0.16552665006799894,0.291559,0.085,0.024813,-0.870945,0.282,0.001,0.01,0.28208,0.0796,0.022446,-0.662833,66.84239688488923,0.001,0.0028199999999999996,1.0,945.6264775413713
53,29,1.274396,0.222424,0.003032,0.24699612867996337,96.42205761853346,0.29156219533000727,0.292473,0.0856,0.025042,-0.848386,0.282,0.001,0.01,0.28208,0.0796,0.022446,-0.662833,66.84239688488923,0.001,0.0028199999999999996,1.0,945.6264775413713
54,29,1.343768,0.240193,0.004822,0.3928150832766436,97.32043919522246,0.4122880393980788,0.291913,0.0852,0.024902,-0.254294,0.29,0.001,0.01,0.290047,0.0841,0.024402,-0.250628,64.99846869496125,0.001,0.0029,1.0,919.5402298850574
55,29,1.455532,0.26882,0.005072,0.4131808590583029,97.86785504025951,0.4337388603893402,0.291848,0.0852,0.024887,-0.526392,0.284,0.001,0.0336734693877551,0.284218,0.0808,0.02296,-0.531033,66.37167578006606,0.001,0.009563265306122448,1.0,278.8447858870394
56,29,1.443182,0.265657,0.004999,0.40723405253005834,97.86337093438708,0.47540135634142167,0.291303,0.0849,0.024742,-0.50129,0.297,0.001,0.0159183673469387,0.297081,0.0883,0.02622,-0.503788,63.466518254339256,0.001,0.0047277551020407935,1.0,564.0450084894557
57,29,1.438398,0.264431,0.005754,0.46873869539066926,98.07354789277653,0.5615841978337381,0.291632,0.0851,0.024826,-0.235909,0.29,0.001,0.0455102040816326,0.290344,0.0843,0.024477,-0.222346,64.99846869496125,0.001,0.013197959183673454,1.0,202.05144064738954
58,29,1.379636,0.24938,0.005651,0.4603479957686257,98.26483105968632,0.5248475462781083,0.292329,0.0855,0.025004,-0.289805,0.29,0.001,0.0159183673469387,0.290073,0.0841,0.024408,-0.280966,64.99846869496125,0.001,0.004616326530612222,1.0,577.6598880047184
0,30,0.428589,0.005781,,,,,,,,,,,,,,,,,,,,
1,30,0.434863,0.007388,,,,,,,,,,,,,,,,,,,,
2,30,0.434373,0.007262,,,,,,,,,,,,,,,,,,,,
3,30,0.436696,0.007857,,,,,,,,,,,,,,,,,,,,
4,30,0.432706,0.006835,,,,,,,,,,,,,,,,,,,,
5,30,0.433776,0.007109,,,,,,,,,,,,,,,,,,,,
6,30,0.443845,0.009688,,,,,,,,,,,,,,,,,,,,
7,30,0.488497,0.021125,,,,,,,,,,,,,,,,,,,,
8,30,0.626839,0.05656,,,,,,,,,,,,,,,,,,,,
9,30,1.15802,0.192616,0.000537,0.04374568637900407,85.59595095747233,0.04833628458224126,0.288369,0.0832,0.024013,-0.425071,0.288,0.001,0.01,0.288068,0.083,0.023906,-0.420267,65.44984694978736,0.001,0.0028799999999999997,1.0,925.9259259259259
10,30,2.234013,0.468219,,,,,,,,,,,,,,,,,,,,
11,30,2.794572,0.611799,,,,,,,,,,,,,,,,,,,,
12,30,2.98391,0.660296,,,,,,,,,,,,,,,,,,,,
13,30,3.155462,0.704237,,,,,,,,,,,,,,,,,,,,
14,30,3.42676,0.773727,0.002552,0.20789383917917761,84.08537966844573,0.33448156505500526,0.289088,0.0836,0.024198,-0.818457,0.282,0.001,0.01,0.28208,0.0796,0.022446,-0.662833,66.84239688488923,0.001,0.0028199999999999996,1.0,945.6264775413713
15,30,3.639668,0.828261,0.004507,0.36715420579175295,73.41581737444561,0.6893446912638992,0.286665,0.0822,0.023596,-0.775394,0.282,0.001,0.01,0.28208,0.0796,0.022446,-0.662833,66.84239688488923,0.001,0.0028199999999999996,1.0,945.6264775413713
16,30,4.098412,0.945763,0.005925,0.4826688860253242,85.41285656483116,0.9227518381898419,0.289354,0.0837,0.024243,-1.713797,0.282,0.001,0.01,0.28208,0.0796,0.022446,-0.662833,66.84239688488923,0.001,0.0028199999999999996,1.0,945.6264775413713
17,30,4.200762,0.971979,,,,,,,,,,,,,,,,,,,,
18,30,3.962904,0.911054,,,,,,,,,,,,,,,,,,,,
19,30,3.91505,0.898797,0.007252,0.5907704238743715,92.30920675861539,0.9023590747134849,0.289353,0.0837,0.024245,-1.210671,0.282,0.001,0.01,0.28208,0.0796,0.022446,-0.662833,66.84239688488923,0.001,0.0028199999999999996,1.0,945.6264775413713
20,30,3.871661,0.887683,0.005794,0.47199721951573476,88.10842734297292,0.8945197095659649,0.28966,0.0839,0.024317,-1.5807,0.282,0.001,0.01,0.28208,0.0796,0.022446,-0.662833,66.84239688488923,0.001,0.0028199999999999996,1.0,945.6264775413713
21,30,3.944967,0.90646,0.006326,0.5153355903791057,93.51086755625765,0.7404288353959654,0.288953,0.0835,0.024144,-0.933824,0.282,0.001,0.01,0.28208,0.0796,0.022446,-0.662833,66.84239688488923,0.001,0.0028199999999999996,1.0,945.6264775413713
22,30,3.771762,0.862095,,,,,,,,,,,,,,,,,,,,
23,30,3.548969,0.805029,,,,,,,,,,,,,,,,,,,,
24,30,3.446386,0.778754,0.006046,0.4925259215036473,91.39448357314835,0.6716276457069603,0.289835,0.084,0.024371,-0.900197,0.282,0.001,0.01,0.28208,0.0796,0.022446,-0.662833,66.84239688488923,0.001,0.0028199999999999996,1.0,945.6264775413713
25,30,3.223538,0.721674,0.007229,0.5888967725024589,97.02152588333449,0.7553026799115141,0.291329,0.0849,0.024749,-1.020525,0.282,0.001,0.01,0.28208,0.0796,0.022446,-0.662833,66.84239688488923,0.001,0.0028199999999999996,1.0,945.6264775413713
26,30,2.510319,0.538991,,,,,,,,,,,,,,,,,,,,
27,30,2.193509,0.457844,,,,,,,,,,,,,,,,,,,,
28,30,2.262524,0.475522,,,,,,,,,,,,,,,,,,,,
29,30,1.914495,0.386378,0.001697,0.13824288600590298,90.74213570462705,0.188673489691761,0.288048,0.083,0.023931,-1.01166,0.282,0.001,0.01,0.28208,0.0796,0.022446,-0.662833,66.84239688488923,0.001,0.0028199999999999996,1.0,945.6264775413713
30,30,1.762834,0.347532,,,,,,,,,,,,,,,,,,,,
31,30,2.096924,0.433105,0.002675,0.21791380086375395,93.3863935117736,0.2888122121312655,0.290073,0.0842,0.024438,-1.351317,0.282,0.001,0.01,0.28208,0.0796,0.022446,-0.662833,66.84239688488923,0.001,0.0028199999999999996,1.0,945.6264775413713
32,30,1.953066,0.396258,0.003279,0.2671175151522427,92.53069545833952,0.3423101775467321,0.29111,0.0848,0.024696,-0.775418,0.282,0.001,0.01,0.28208,0.0796,0.022446,-0.662833,66.84239688488923,0.001,0.0028199999999999996,1.0,945.6264775413713
33,30,1.89774,0.382086,,,,,,,,,,,,,,,,,,,,
34,30,2.149895,0.446673,,,,,,,,,,,,,,,,,,,,
35,30,2.261779,0.475331,0.002848,0.23200691770466217,89.2506066557545,0.37913123972494844,0.289862,0.0841,0.024381,-1.399747,0.282,0.001,0.01,0.28208,0.0796,0.022446,-0.662833,66.84239688488923,0.001,0.0028199999999999996,1.0,945.6264775413713
36,30,2.072813,0.426929,0.003597,0.29302278194651327,88.18424449888984,0.3468246936187387,0.289608,0.0839,0.024322,-0.991896,0.282,0.001,0.01,0.28208,0.0796,0.022446,-0.662833,66.84239688488923,0.001,0.0028199999999999996,1.0,945.6264775413713
37,30,2.093475,0.432222,,,,,,,,,,,,,,,,,,,,
38,30,2.222958,0.465387,,,,,,,,,,,,,,,,,,,,
39,30,2.129826,0.441533,0.002482,0.202191421960313,90.93487054452501,0.31076693311637005,0.290148,0.0842,0.024455,-1.165317,0.282,0.001,0.01,0.28208,0.0796,0.022446,-0.662833,66.84239688488923,0.001,0.0028199999999999996,1.0,945.6264775413713
40,30,2.103057,0.434676,0.003938,0.3208017001126965,94.50565105733959,0.34770506180502325,0.29146,0.085,0.024786,-1.181738,0.282,0.001,0.01,0.28208,0.0796,0.022446,-0.662833,66.84239688488923,0.001,0.0028199999999999996,1.0,945.6264775413713
41,30,2.11253,0.437102,,,,,,,,,,,,,,,,,,,,
42,30,2.186679,0.456095,0.002893,0.23567275734536086,92.00295354068886,0.2824214818052262,0.29036,0.0843,0.024513,-1.425941,0.282,0.001,0.01,0.28208,0.0796,0.022446,-0.662833,66.84239688488923,0.001,0.0028199999999999996,1.0,945.6264775413713
43,30,2.052791,0.421801,0.002791,0.22736352082644387,92.98398817922465,0.24712727468593632,0.291319,0.0849,0.02476,-0.818064,0.282,0.001,0.01,0.28208,0.0796,0.022446,-0.662833,66.84239688488923,0.001,0.0028199999999999996,1.0,945.6264775413713
44,30,1.774383,0.35049,0.003155,0.2570160903645397,94.35413932736496,0.27630905655983584,0.291154,0.0848,0.024711,-0.82434,0.282,0.001,0.01,0.28208,0.0796,0.022446,-0.662833,66.84239688488923,0.001,0.0028199999999999996,1.0,945.6264775413713
45,30,1.328561,0.236298,0.002901,0.23632446217037392,95.89161781164182,0.2404356903599174,0.291159,0.0848,0.024716,-0.544973,0.297,0.001,0.01,0.297063,0.0882,0.026215,-0.540406,63.466518254339256,0.001,0.00297,1.0,897.8675645342312
46,30,1.177433,0.197588,0.002255,0.18369929755056644,93.74492701860292,0.1754062462785403,0.290277,0.0843,0.024489,-0.531887,0.286,0.001,0.0336734693877551,0.286224,0.0819,0.023449,-0.536849,65.90753818719845,0.001,0.009630612244897958,1.0,276.8948223493678
47,30,1.23572,0.212518,0.002527,0.2058572616010117,95.53980723574037,0.1936938224625403,0.290403,0.0844,0.02452,-0.4435,0.288,0.001,0.0159183673469387,0.288092,0.083,0.023912,-0.445267,65.44984694978736,0.001,0.004584489795918345,1.0,581.6714150047512
48,30,1.211627,0.206347,0.000722,0.05881636045743191,75.09249092425583,0.10423760825893735,0.29169,0.0851,0.024856,-1.249034,0.282,0.001,0.01,0.28208,0.0796,0.022446,-0.662833,66.84239688488923,0.001,0.0028199999999999996,1.0,945.6264775413713
49,30,1.150246,0.190625,0.002332,0.18997195649131746,95.811859730648,0.18036098695401792,0.289809,0.084,0.024374,-0.036709,0.286,0.001,0.0514285714285714,0.286422,0.082,0.023498,-0.037384,65.90753818719845,0.001,0.01470857142857142,1.0,181.3001813001814
50,30,1.110104,0.180343,0.002338,0.19046073511007727,95.86018073440879,0.18484013217755035,0.290947,0.0847,0.02466,-0.39104,0.284,0.001,0.0395918367346938,0.284272,0.0808,0.022973,-0.393613,66.37167578006606,0.001,0.011244081632653037,1.0,237.16180242969895
51,30,1.125134,0.184193,0.001786,0.1454931021841737,92.64534358912037,0.1496197590913455,0.292522,0.0856,0.025061,-0.756956,0.282,0.001,0.01,0.28208,0.0796,0.022446,-0.662833,66.84239688488923,0.001,0.0028199999999999996,1.0,945.6264775413713
52,30,1.170094,0.195709,0.002703,0.2201947677512998,96.05685313461225,0.23935898804736533,0.291666,0.0851,0.024837,-0.659315,0.284,0.001,0.0159183673469387,0.284106,0.0807,0.022933,-0.653076,66.37167578006606,0.001,0.00452081632653059,1.0,589.8639701456631
53,30,1.286266,0.225465,0.004723,0.3847502360671065,97.64055191250537,0.3660894901873174,0.292429,0.0855,0.025037,-0.258258,0.29,0.001,0.01,0.290047,0.0841,0.024402,-0.250628,64.99846869496125,0.001,0.0029,1.0,919.5402298850574
54,30,1.357231,0.243642,0.00367,0.2989695884747578,96.04552865745016,0.3333253992249513,0.291892,0.0852,0.024896,-0.191976,0.292,0.001,0.0277551020408163,0.292136,0.0853,0.024933,-0.190204,64.55327370389986,0.001,0.008104489795918358,1.0,329.0357238785929
55,30,1.402924,0.255345,0.005578,0.45440118924038114,97.93530148461387,0.4945593483536008,0.291896,0.0852,0.024896,-0.393617,0.284,0.001,0.0395918367346938,0.284272,0.0808,0.022973,-0.393613,66.37167578006606,0.001,0.011244081632653037,1.0,237.16180242969895
56,30,1.440898,0.265072,0.004097,0.3337543335098318,94.92036806255032,0.4767739935362757,0.291581,0.085,0.024808,-0.856688,0.282,0.001,0.01,0.28208,0.0796,0.022446,-0.662833,66.84239688488923,0.001,0.0028199999999999996,1.0,945.6264775413713
57,30,1.432988,0.263046,0.004684,0.3815731750451677,97.06481723225104,0.5152953718412533,0.292249,0.0854,0.024979,-0.759486,0.282,0.001,0.01,0.28208,0.0796,0.022446,-0.662833,66.84239688488923,0.001,0.0028199999999999996,1.0,945.6264775413713
58,30,1.349228,0.241592,0.005531,0.4505724233934293,97.79539733824757,0.5579508319339624,0.291928,0.0852,0.024899,-0.377995,0.299,0.001,0.0336734693877551,0.29921,0.0895,0.026788,-0.380372,63.04199304862462,0.001,0.010068367346938776,1.0,264.85591702983004
0,31,0.428342,0.005717,,,,,,,,,,,,,,,,,,,,
1,31,0.428433,0.005741,,,,,,,,,,,,,,,,,,,,
2,31,0.435669,0.007594,,,,,,,,,,,,,,,,,,,,
3,31,0.433772,0.007108,,,,,,,,,,,,,,,,,,,,
4,31,0.429868,0.006108,,,,,,,,,,,,,,,,,,,,
5,31,0.431616,0.006556,,,,,,,,,,,,,,,,,,,,
6,31,0.445018,0.009989,,,,,,,,,,,,,,,,,,,,
7,31,0.491523,0.0219,,,,,,,,,,,,,,,,,,,,
8,31,0.646672,0.06164,0.000154,0.012545317881502097,73.3279912230365,0.026313222414340642,0.287312,0.0826,0.023775,0.602329,0.284,0.0085,0.1875510204081632,0.288593,0.0834,0.024136,0.602439,66.37167578006606,0.0085,0.05326448979591835,1.0,50.06462423434332
9,31,1.26263,0.21941,,,,,,,,,,,,,,,,,,,,
10,31,2.28076,0.480192,,,,,,,,,,,,,,,,,,,,
11,31,2.808264,0.615307,,,,,,,,,,,,,,,,,,,,
12,31,3.13526,0.699063,,,,,,,,,,,,,,,,,,,,
13,31,3.098875,0.689743,,,,,,,,,,,,,,,,,,,,
14,31,3.294611,0.739879,0.003032,0.24699612867996337,86.5246248674352,0.3668172554712692,0.289343,0.0838,0.024256,-1.327378,0.282,0.001,0.01,0.28208,0.0796,0.022446,-0.662833,66.84239688488923,0.001,0.0028199999999999996,1.0,945.6264775413713
15,31,3.64336,0.829207,0.006873,0.559895907789376,94.47656345096024,0.6977335550941879,0.290301,0.0843,0.024493,-0.438764,0.288,0.001,0.0159183673469387,0.288092,0.083,0.023912,-0.445267,65.44984694978736,0.001,0.004584489795918345,1.0,581.6714150047512
16,31,3.886046,0.891368,0.006659,0.5424628037202758,90.5008357767902,0.8770674890552868,0.289557,0.0839,0.0243,-1.425973,0.282,0.001,0.01,0.28208,0.0796,0.022446,-0.662833,66.84239688488923,0.001,0.0028199999999999996,1.0,945.6264775413713
17,31,3.883475,0.890709,,,,,,,,,,,,,,,,,,,,
18,31,3.809462,0.871752,,,,,,,,,,,,,,,,,,,,
19,31,3.684373,0.839711,,,,,,,,,,,,,,,,,,,,
20,31,3.728927,0.851124,0.006443,0.5248667734449222,93.81120888184681,0.8539640682652765,0.290084,0.0842,0.024427,-1.66393,0.282,0.001,0.01,0.28208,0.0796,0.022446,-0.662833,66.84239688488923,0.001,0.0028199999999999996,1.0,945.6264775413713
21,31,3.595651,0.816986,,,,,,,,,,,,,,,,,,,,
22,31,3.589233,0.815342,,,,,,,,,,,,,,,,,,,,
23,31,3.61219,0.821223,0.005076,0.41350671147080936,83.4104665001085,0.5749017115433928,0.28784,0.0829,0.023884,-0.792625,0.282,0.001,0.01,0.28208,0.0796,0.022446,-0.662833,66.84239688488923,0.001,0.0028199999999999996,1.0,945.6264775413713
24,31,3.381851,0.762224,0.004391,0.35770448582906306,89.52500545293796,0.5697441385816453,0.290633,0.0845,0.02457,-0.91153,0.282,0.001,0.01,0.28208,0.0796,0.022446,-0.662833,66.84239688488923,0.001,0.0028199999999999996,1.0,945.6264775413713
25,31,3.134776,0.698939,,,,,,,,,,,,,,,,,,,,
26,31,2.498337,0.535922,,,,,,,,,,,,,,,,,,,,
27,31,2.151274,0.447026,,,,,,,,,,,,,,,,,,,,
28,31,2.093608,0.432256,,,,,,,,,,,,,,,,,,,,
29,31,1.854857,0.371103,0.001117,0.09099428619245352,75.85565858261738,0.17067008830690833,0.288501,0.0833,0.02404,-0.968111,0.282,0.001,0.01,0.28208,0.0796,0.022446,-0.662833,66.84239688488923,0.001,0.0028199999999999996,1.0,945.6264775413713
30,31,1.934941,0.391615,,,,,,,,,,,,,,,,,,,,
31,31,2.042895,0.419266,,,,,,,,,,,,,,,,,,,,
32,31,2.034344,0.417076,0.004075,0.3319621452410457,94.75358221866843,0.39558574194740026,0.290958,0.0847,0.024654,-0.623235,0.282,0.001,0.0218367346938775,0.282126,0.0796,0.022457,-0.619904,66.84239688488923,0.001,0.006157959183673454,1.0,433.0439009301617
33,31,1.944371,0.39403,0.004092,0.3333470179941986,95.52195082474756,0.4305819644428297,0.291716,0.0851,0.024849,-0.634515,0.299,0.001,0.0159183673469387,0.299098,0.0895,0.026758,-0.633265,63.04199304862462,0.001,0.004759591836734671,1.0,560.2721321784893
34,31,2.178652,0.454039,,,,,,,,,,,,,,,,,,,,
35,31,2.219175,0.464418,,,,,,,,,,,,,,,,,,,,
36,31,2.049621,0.420989,0.003504,0.28544671335573607,90.22468282051425,0.35001484555948803,0.289444,0.0838,0.024276,-0.807763,0.282,0.001,0.01,0.28208,0.0796,0.022446,-0.662833,66.84239688488923,0.001,0.0028199999999999996,1.0,945.6264775413713
37,31,2.192685,0.457633,,,,,,,,,,,,,,,,,,,,
38,31,2.383341,0.506467,0.003106,0.2530243983113345,93.3611250634208,0.23497681860314223,0.291061,0.0848,0.024697,-0.915842,0.282,0.001,0.01,0.28208,0.0796,0.022446,-0.662833,66.84239688488923,0.001,0.0028199999999999996,1.0,945.6264775413713
39,31,2.246953,0.471533,0.002743,0.2234532918763653,88.79908368793515,0.26213090510896375,0.291055,0.0848,0.024697,-0.719023,0.282,0.001,0.01,0.28208,0.0796,0.022446,-0.662833,66.84239688488923,0.001,0.0028199999999999996,1.0,945.6264775413713
40,31,2.114143,0.437515,,,,,,,,,,,,,,,,,,,,
41,31,2.108738,0.436131,0.003375,0.27493797305239986,91.67783959424582,0.34386216504712985,0.290593,0.0845,0.024569,-1.086383,0.282,0.001,0.01,0.28208,0.0796,0.022446,-0.662833,66.84239688488923,0.001,0.0028199999999999996,1.0,945.6264775413713
42,31,2.16314,0.450065,0.004019,0.3274002114659541,94.20741840389405,0.3289465923393866,0.291644,0.0851,0.024845,-0.787824,0.282,0.001,0.01,0.28208,0.0796,0.022446,-0.662833,66.84239688488923,0.001,0.0028199999999999996,1.0,945.6264775413713
43,31,2.115071,0.437753,,,,,,,,,,,,,,,,,,,,
44,31,1.851664,0.370285,0.001713,0.13954629565592916,80.97273854057438,0.26574850072207057,0.291185,0.0848,0.024714,-1.578513,0.282,0.001,0.01,0.28208,0.0796,0.022446,-0.662833,66.84239688488923,0.001,0.0028199999999999996,1.0,945.6264775413713
45,31,1.316501,0.233209,0.001155,0.09408988411126573,80.74382686455684,0.17664607928824116,0.291094,0.0848,0.024691,-1.884836,0.282,0.001,0.01,0.28208,0.0796,0.022446,-0.662833,66.84239688488923,0.001,0.0028199999999999996,1.0,945.6264775413713
46,31,1.193753,0.201768,0.002001,0.16300766935640065,94.06166426212863,0.15272824734990031,0.291019,0.0847,0.024682,-0.498948,0.297,0.001,0.0159183673469387,0.297081,0.0883,0.02622,-0.503788,63.466518254339256,0.001,0.0047277551020407935,1.0,564.0450084894557
47,31,1.239756,0.213552,0.002201,0.179300289981728,95.78866569452354,0.19137024554867565,0.290977,0.0847,0.024666,-0.448986,0.288,0.001,0.0159183673469387,0.288092,0.083,0.023912,-0.445267,65.44984694978736,0.001,0.004584489795918345,1.0,581.6714150047512
48,31,1.194096,0.201856,0.002787,0.2270376684139373,95.64731407611643,0.194670550300041,0.29106,0.0848,0.024689,-0.415141,0.288,0.001,0.01,0.288068,0.083,0.023906,-0.420267,65.44984694978736,0.001,0.0028799999999999997,1.0,925.9259259259259
49,31,1.145531,0.189417,0.001671,0.13612484532461042,95.11703528517471,0.14350657242223774,0.290235,0.0843,0.024477,-0.279809,0.29,0.001,0.0159183673469387,0.290073,0.0841,0.024408,-0.280966,64.99846869496125,0.001,0.004616326530612222,1.0,577.6598880047184
50,31,1.136131,0.187009,0.000931,0.07584214901089904,89.77612821705902,0.0731074962155226,0.292565,0.0857,0.025092,-0.925245,0.282,0.001,0.01,0.28208,0.0796,0.022446,-0.662833,66.84239688488923,0.001,0.0028199999999999996,1.0,945.6264775413713
51,31,1.159727,0.193053,0.001201,0.09783718685509103,87.93398997402885,0.11036620465845526,0.289962,0.0841,0.024414,-0.757978,0.282,0.001,0.01,0.28208,0.0796,0.022446,-0.662833,66.84239688488923,0.001,0.0028199999999999996,1.0,945.6264775413713
52,31,1.208565,0.205562,0.003048,0.24829953832998955,96.44431826964957,0.24786916890152477,0.29177,0.0852,0.024871,-0.390459,0.284,0.001,0.0395918367346938,0.284272,0.0808,0.022973,-0.393613,66.37167578006606,0.001,0.011244081632653037,1.0,237.16180242969895
53,31,1.293764,0.227385,0.002864,0.23331032735468835,95.14253538611018,0.27328941724932987,0.290768,0.0846,0.024604,-0.786424,0.282,0.001,0.01,0.28208,0.0796,0.022446,-0.662833,66.84239688488923,0.001,0.0028199999999999996,1.0,945.6264775413713
54,31,1.390384,0.252133,0.004517,0.36796883682301934,98.06406794655385,0.3998253475398209,0.292687,0.0857,0.025097,-0.512497,0.299,0.001,0.0277551020408163,0.299164,0.0895,0.026776,-0.510638,63.04199304862462,0.001,0.008298775510204073,1.0,321.3325463964853
55,31,1.33864,0.23888,0.003568,0.29066035195584083,96.54504780585144,0.38370707074595256,0.292541,0.0856,0.025056,-0.171088,0.278,0.001,0.0277551020408163,0.278121,0.0774,0.021514,-0.168788,67.80415799114661,0.001,0.007715918367346932,1.0,345.60586824657946
56,31,1.41831,0.259286,0.005023,0.4091891670050976,97.6224358304141,0.47482616404723144,0.291985,0.0853,0.024917,-0.370407,0.29,0.001,0.0336734693877551,0.290211,0.0842,0.024443,-0.362406,64.99846869496125,0.001,0.00976530612244898,1.0,273.075583420411
57,31,1.392985,0.252799,0.005745,0.46800552746252955,98.03734194956124,0.5380519814735116,0.291619,0.0851,0.024823,-0.022643,0.294,0.001,0.0455102040816326,0.294319,0.0866,0.025496,-0.022366,64.1141357875468,0.001,0.013379999999999984,1.0,199.30244145490806
58,31,1.34787,0.241244,0.005199,0.4235266731553857,97.2535093350203,0.5008370981550451,0.291865,0.0852,0.024883,-0.393124,0.284,0.001,0.0395918367346938,0.284272,0.0808,0.022973,-0.393613,66.37167578006606,0.001,0.011244081632653037,1.0,237.16180242969895
0,32,0.427072,0.005392,,,,,,,,,,,,,,,,,,,,
1,32,0.435871,0.007646,,,,,,,,,,,,,,,,,,,,
2,32,0.439355,0.008538,,,,,,,,,,,,,,,,,,,,
3,32,0.434065,0.007183,,,,,,,,,,,,,,,,,,,,
4,32,0.424883,0.004831,,,,,,,,,,,,,,,,,,,,
5,32,0.43165,0.006565,,,,,,,,,,,,,,,,,,,,
6,32,0.454949,0.012532,,,,,,,,,,,,,,,,,,,,
7,32,0.502121,0.024615,,,,,,,,,,,,,,,,,,,,
8,32,0.74629,0.087156,0.00021,0.01710725165659377,70.21617296355856,0.028757047686428616,0.285547,0.0816,0.023337,0.717297,0.281,0.008125,0.193469387755102,0.285858,0.0818,0.023457,0.715821,67.08027018341195,0.008125,0.054364897959183665,1.0,49.05125856520064
9,32,1.496714,0.279368,,,,,,,,,,,,,,,,,,,,
10,32,2.308093,0.487194,,,,,,,,,,,,,,,,,,,,
11,32,2.752259,0.600961,,,,,,,,,,,,,,,,,,,,
12,32,3.184419,0.711654,,,,,,,,,,,,,,,,,,,,
13,32,3.191919,0.713575,,,,,,,,,,,,,,,,,,,,
14,32,3.299882,0.741229,,,,,,,,,,,,,,,,,,,,
15,32,3.526995,0.799401,0.003231,0.26320728620216416,68.94181294705149,0.4929733876795144,0.28503,0.0813,0.023196,-0.420716,0.288,0.001,0.01,0.288068,0.083,0.023906,-0.420267,65.44984694978736,0.001,0.0028799999999999997,1.0,925.9259259259259
16,32,3.696255,0.842755,0.004993,0.40674527391129855,88.97491761789223,0.6416962217709115,0.288518,0.0833,0.024037,-1.268589,0.282,0.001,0.01,0.28208,0.0796,0.022446,-0.662833,66.84239688488923,0.001,0.0028199999999999996,1.0,945.6264775413713
17,32,3.756647,0.858224,0.006455,0.5258443306824419,91.61812609246385,0.7849018848604419,0.289144,0.0836,0.024192,-0.945354,0.282,0.001,0.01,0.28208,0.0796,0.022446,-0.662833,66.84239688488923,0.001,0.0028199999999999996,1.0,945.6264775413713
18,32,3.694608,0.842333,0.006252,0.5093073207477344,88.96657830754484,0.8537216799515348,0.288943,0.0835,0.02414,-1.273491,0.282,0.001,0.01,0.28208,0.0796,0.022446,-0.662833,66.84239688488923,0.001,0.0028199999999999996,1.0,945.6264775413713
19,32,3.514615,0.79623,,,,,,,,,,,,,,,,,,,,
20,32,3.609559,0.820549,0.007328,0.5969616197119959,96.37582382241185,0.7976230035532783,0.289847,0.084,0.024374,-0.398588,0.288,0.001,0.0395918367346938,0.28828,0.0831,0.023959,-0.404771,65.44984694978736,0.001,0.011402448979591813,1.0,233.86788850706424
21,32,3.352213,0.754633,,,,,,,,,,,,,,,,,,,,
22,32,3.307282,0.743124,,,,,,,,,,,,,,,,,,,,
23,32,3.152345,0.703439,,,,,,,,,,,,,,,,,,,,
24,32,2.943707,0.649999,,,,,,,,,,,,,,,,,,,,
25,32,2.999282,0.664233,,,,,,,,,,,,,,,,,,,,
26,32,2.394857,0.509417,,,,,,,,,,,,,,,,,,,,
27,32,2.01645,0.412493,0.002482,0.202191421960313,89.93526901058948,0.27085072351583905,0.290144,0.0842,0.02445,-1.165321,0.282,0.001,0.01,0.28208,0.0796,0.022446,-0.662833,66.84239688488923,0.001,0.0028199999999999996,1.0,945.6264775413713
28,32,2.028977,0.415701,,,,,,,,,,,,,,,,,,,,
29,32,1.917828,0.387232,0.001826,0.14875162630923916,86.07068263277685,0.24015801325909303,0.288839,0.0835,0.024122,-1.455444,0.282,0.001,0.01,0.28208,0.0796,0.022446,-0.662833,66.84239688488923,0.001,0.0028199999999999996,1.0,945.6264775413713
30,32,2.021139,0.413694,0.001963,0.15991207143758843,89.57001069649814,0.2185203625414749,0.290071,0.0842,0.024442,-0.716993,0.282,0.001,0.01,0.28208,0.0796,0.022446,-0.662833,66.84239688488923,0.001,0.0028199999999999996,1.0,945.6264775413713
31,32,1.999901,0.408254,0.002643,0.2153069815637016,86.15365346290885,0.3116406478159077,0.29208,0.0853,0.024948,-1.554032,0.282,0.001,0.01,0.28208,0.0796,0.022446,-0.662833,66.84239688488923,0.001,0.0028199999999999996,1.0,945.6264775413713
32,32,2.057282,0.422951,,,,,,,,,,,,,,,,,,,,
33,32,2.00844,0.410441,,,,,,,,,,,,,,,,,,,,
34,32,2.271295,0.477768,,,,,,,,,,,,,,,,,,,,
35,32,2.152936,0.447452,,,,,,,,,,,,,,,,,,,,
36,32,2.146832,0.445888,,,,,,,,,,,,,,,,,,,,
37,32,2.408328,0.512868,,,,,,,,,,,,,,,,,,,,
38,32,2.449873,0.523509,,,,,,,,,,,,,,,,,,,,
39,32,2.266453,0.476528,,,,,,,,,,,,,,,,,,,,
40,32,2.102748,0.434597,,,,,,,,,,,,,,,,,,,,
41,32,2.093895,0.432329,,,,,,,,,,,,,,,,,,,,
42,32,2.070208,0.426262,0.003701,0.30149494467168353,93.07596750740193,0.3647319631036825,0.291506,0.085,0.0248,-0.995878,0.282,0.001,0.01,0.28208,0.0796,0.022446,-0.662833,66.84239688488923,0.001,0.0028199999999999996,1.0,945.6264775413713
43,32,2.114832,0.437692,,,,,,,,,,,,,,,,,,,,
44,32,1.852655,0.370538,0.002783,0.22671181600143075,94.01447481547338,0.2594468846590301,0.291639,0.0851,0.024839,-0.933825,0.282,0.001,0.01,0.28208,0.0796,0.022446,-0.662833,66.84239688488923,0.001,0.0028199999999999996,1.0,945.6264775413713
45,32,1.353897,0.242787,0.001572,0.12805999811507338,93.86970825127807,0.12706849743721804,0.291271,0.0849,0.02475,-0.706635,0.282,0.001,0.01,0.28208,0.0796,0.022446,-0.662833,66.84239688488923,0.001,0.0028199999999999996,1.0,945.6264775413713
46,32,1.199673,0.203285,0.002148,0.17498274551601628,93.3784975801284,0.18118062757657116,0.291798,0.0852,0.024876,-0.44999,0.288,0.001,0.0159183673469387,0.288092,0.083,0.023912,-0.445267,65.44984694978736,0.001,0.004584489795918345,1.0,581.6714150047512
47,32,1.222152,0.209043,0.000831,0.06769583869823535,83.75422015134839,0.0969461504701038,0.289961,0.0841,0.024409,-0.814144,0.282,0.001,0.01,0.28208,0.0796,0.022446,-0.662833,66.84239688488923,0.001,0.0028199999999999996,1.0,945.6264775413713
48,32,1.183968,0.199262,0.000701,0.05710563529177254,80.0986193768502,0.1042682910262257,0.288605,0.0833,0.024068,-0.998254,0.282,0.001,0.01,0.28208,0.0796,0.022446,-0.662833,66.84239688488923,0.001,0.0028199999999999996,1.0,945.6264775413713
49,32,1.103617,0.178681,0.001425,0.11608492195545772,88.97070321710694,0.07434816022018154,0.29096,0.0847,0.024688,-0.190517,0.292,0.001,0.0277551020408163,0.292136,0.0853,0.024933,-0.190204,64.55327370389986,0.001,0.008104489795918358,1.0,329.0357238785929
50,32,1.12092,0.183113,0.000654,0.053276869444820595,77.0051936662724,0.08489658928219113,0.290824,0.0846,0.024626,-1.303672,0.282,0.001,0.01,0.28208,0.0796,0.022446,-0.662833,66.84239688488923,0.001,0.0028199999999999996,1.0,945.6264775413713
51,32,1.190872,0.20103,0.001244,0.10134010028953644,91.81579099399943,0.12760210884342116,0.290339,0.0843,0.024501,-1.045817,0.282,0.001,0.01,0.28208,0.0796,0.022446,-0.662833,66.84239688488923,0.001,0.0028199999999999996,1.0,945.6264775413713
52,32,1.244005,0.21464,0.002253,0.18353637134431314,95.34543222209213,0.17680198031142325,0.290704,0.0845,0.0246,-0.552078,0.286,0.001,0.01,0.286081,0.0818,0.023414,-0.559748,65.90753818719845,0.001,0.0028599999999999997,1.0,932.4009324009326
53,32,1.298119,0.228501,0.001543,0.1256975681244009,85.69489571915504,0.24070710047670707,0.291093,0.0848,0.024684,-2.001417,0.282,0.001,0.01,0.28208,0.0796,0.022446,-0.662833,66.84239688488923,0.001,0.0028199999999999996,1.0,945.6264775413713
54,32,1.385431,0.250865,0.00336,0.2737160265055003,94.46042190164049,0.33097062945777256,0.291232,0.0848,0.024726,-0.692563,0.282,0.001,0.01,0.28208,0.0796,0.022446,-0.662833,66.84239688488923,0.001,0.0028199999999999996,1.0,945.6264775413713
55,32,1.300622,0.229142,0.003359,0.2736345634023737,95.7107411144184,0.3475837593495392,0.291449,0.085,0.024776,-0.91676,0.282,0.001,0.01,0.28208,0.0796,0.022446,-0.662833,66.84239688488923,0.001,0.0028199999999999996,1.0,945.6264775413713
56,32,1.285562,0.225284,0.003611,0.2941632653902862,93.32949029362939,0.3894407625720534,0.292217,0.0854,0.024975,-0.827506,0.282,0.001,0.01,0.28208,0.0796,0.022446,-0.662833,66.84239688488923,0.001,0.0028199999999999996,1.0,945.6264775413713
57,32,1.275499,0.222707,0.004603,0.3749746636919101,97.84035081158675,0.4937948167677946,0.292222,0.0854,0.024974,-0.312496,0.29,0.001,0.0218367346938775,0.29011,0.0842,0.024418,-0.319376,64.99846869496125,0.001,0.006332653061224475,1.0,421.09786228381233
58,32,1.274616,0.222481,0.004166,0.3393752876255698,95.55169569523832,0.4315800757098407,0.291779,0.0852,0.024861,-0.871198,0.282,0.001,0.01,0.28208,0.0796,0.022446,-0.662833,66.84239688488923,0.001,0.0028199999999999996,1.0,945.6264775413713
0,33,0.426793,0.005321,,,,,,,,,,,,,,,,,,,,
1,33,0.432965,0.006901,,,,,,,,,,,,,,,,,,,,
2,33,0.435816,0.007632,,,,,,,,,,,,,,,,,,,,
3,33,0.434596,0.007319,,,,,,,,,,,,,,,,,,,,
4,33,0.43332,0.006992,,,,,,,,,,,,,,,,,,,,
5,33,0.433746,0.007102,,,,,,,,,,,,,,,,,,,,
6,33,0.461296,0.014158,,,,,,,,,,,,,,,,,,,,
7,33,0.499603,0.02397,,,,,,,,,,,,,,,,,,,,
8,33,0.814033,0.104508,,,,,,,,,,,,,,,,,,,,
9,33,1.705014,0.332722,,,,,,,,,,,,,,,,,,,,
10,33,2.333678,0.493747,,,,,,,,,,,,,,,,,,,,
11,33,2.753027,0.601158,,,,,,,,,,,,,,,,,,,,
12,33,2.98696,0.661077,,,,,,,,,,,,,,,,,,,,
13,33,3.233326,0.724181,,,,,,,,,,,,,,,,,,,,
14,33,3.448503,0.779296,,,,,,,,,,,,,,,,,,,,
15,33,3.5783,0.812542,0.004483,0.3651990913167137,92.71575818180983,0.565467285100858,0.289591,0.0839,0.024309,-1.094734,0.282,0.001,0.01,0.28208,0.0796,0.022446,-0.662833,66.84239688488923,0.001,0.0028199999999999996,1.0,945.6264775413713
16,33,3.716795,0.848016,,,,,,,,,,,,,,,,,,,,
17,33,3.707655,0.845675,,,,,,,,,,,,,,,,,,,,
18,33,3.479724,0.787293,,,,,,,,,,,,,,,,,,,,
19,33,3.29477,0.739919,0.00598,0.48714935669728926,92.22332268679347,0.7002800706382009,0.289807,0.084,0.024358,-0.829842,0.282,0.001,0.01,0.28208,0.0796,0.022446,-0.662833,66.84239688488923,0.001,0.0028199999999999996,1.0,945.6264775413713
20,33,3.450344,0.779768,,,,,,,,,,,,,,,,,,,,
21,33,3.381881,0.762232,,,,,,,,,,,,,,,,,,,,
22,33,3.234304,0.724432,,,,,,,,,,,,,,,,,,,,
23,33,3.086784,0.686646,,,,,,,,,,,,,,,,,,,,
24,33,2.887006,0.635475,,,,,,,,,,,,,,,,,,,,
25,33,3.051822,0.677691,,,,,,,,,,,,,,,,,,,,
26,33,2.427802,0.517856,0.002686,0.218809894998147,86.26394757680428,0.3541113854396354,0.288742,0.0834,0.024096,-1.347386,0.282,0.001,0.01,0.28208,0.0796,0.022446,-0.662833,66.84239688488923,0.001,0.0028199999999999996,1.0,945.6264775413713
27,33,2.10223,0.434464,,,,,,,,,,,,,,,,,,,,
28,33,2.203673,0.460448,,,,,,,,,,,,,,,,,,,,
29,33,2.03271,0.416657,0.001204,0.09808157616447094,77.39247308333708,0.20154922107981177,0.289717,0.084,0.024347,-1.671317,0.282,0.001,0.01,0.28208,0.0796,0.022446,-0.662833,66.84239688488923,0.001,0.0028199999999999996,1.0,945.6264775413713
30,33,1.932953,0.391106,0.001453,0.11836588884300356,83.12339833736411,0.20872706362675797,0.289362,0.0838,0.024253,-1.630249,0.282,0.001,0.01,0.28208,0.0796,0.022446,-0.662833,66.84239688488923,0.001,0.0028199999999999996,1.0,945.6264775413713
31,33,1.986664,0.404863,0.00328,0.26719897825536937,92.91989231775457,0.3483412880636916,0.2899,0.0841,0.02439,-1.066919,0.282,0.001,0.01,0.28208,0.0796,0.022446,-0.662833,66.84239688488923,0.001,0.0028199999999999996,1.0,945.6264775413713
32,33,2.110511,0.436585,0.004185,0.3409230865849759,95.88440020018936,0.4075742955415349,0.290836,0.0846,0.024629,-0.800991,0.282,0.001,0.01,0.28208,0.0796,0.022446,-0.662833,66.84239688488923,0.001,0.0028199999999999996,1.0,945.6264775413713
33,33,2.172854,0.452554,0.003795,0.3091524763655874,93.1940433192973,0.4132285818850159,0.290774,0.0846,0.024604,-1.324048,0.282,0.001,0.01,0.28208,0.0796,0.022446,-0.662833,66.84239688488923,0.001,0.0028199999999999996,1.0,945.6264775413713
34,33,2.363687,0.501433,,,,,,,,,,,,,,,,,,,,
35,33,2.123132,0.439818,,,,,,,,,,,,,,,,,,,,
36,33,2.169648,0.451733,,,,,,,,,,,,,,,,,,,,
37,33,2.537902,0.546057,0.003713,0.30247250190920316,94.25678613542941,0.39344464780890753,0.290967,0.0847,0.024661,-1.342843,0.282,0.001,0.01,0.28208,0.0796,0.022446,-0.662833,66.84239688488923,0.001,0.0028199999999999996,1.0,945.6264775413713
38,33,2.517597,0.540856,0.001828,0.14891455251549243,81.41484824459907,0.2582551731693967,0.28938,0.0838,0.024265,-1.094303,0.282,0.001,0.01,0.28208,0.0796,0.022446,-0.662833,66.84239688488923,0.001,0.0028199999999999996,1.0,945.6264775413713
39,33,2.342646,0.496044,,,,,,,,,,,,,,,,,,,,
40,33,2.196574,0.458629,,,,,,,,,,,,,,,,,,,,
41,33,2.246203,0.471341,,,,,,,,,,,,,,,,,,,,
42,33,2.147254,0.445997,,,,,,,,,,,,,,,,,,,,
43,33,2.202209,0.460073,,,,,,,,,,,,,,,,,,,,
44,33,2.011075,0.411116,0.003447,0.2808033164775177,93.1071103930575,0.29395768731299166,0.289448,0.0838,0.024279,-0.515705,0.299,0.001,0.0277551020408163,0.299164,0.0895,0.026776,-0.510638,63.04199304862462,0.001,0.008298775510204073,1.0,321.3325463964853
45,33,1.447262,0.266702,0.001177,0.09588207238005175,85.38595121805467,0.1326208750011697,0.291628,0.0851,0.024834,-0.718002,0.282,0.001,0.01,0.28208,0.0796,0.022446,-0.662833,66.84239688488923,0.001,0.0028199999999999996,1.0,945.6264775413713
46,33,1.187956,0.200284,0.001109,0.09034258136744043,84.31508395610524,0.14784146581854418,0.291921,0.0853,0.024907,-1.629843,0.282,0.001,0.01,0.28208,0.0796,0.022446,-0.662833,66.84239688488923,0.001,0.0028199999999999996,1.0,945.6264775413713
47,33,1.183645,0.199179,0.001932,0.15738671524066267,94.29253623155702,0.1922712305979264,0.290681,0.0845,0.024589,-0.752812,0.282,0.001,0.01,0.28208,0.0796,0.022446,-0.662833,66.84239688488923,0.001,0.0028199999999999996,1.0,945.6264775413713
48,33,1.126968,0.184662,0.002122,0.17286470483472371,94.80676161059586,0.1385659272732307,0.291773,0.0852,0.024877,-0.329219,0.295,0.001,0.01,0.295041,0.0871,0.025684,-0.327939,63.8967997340297,0.001,0.00295,1.0,903.9548022598871
49,33,1.061287,0.167839,0.002513,0.20471677815723877,95.32441826437517,0.15723220814749383,0.290096,0.0842,0.024453,0.122667,0.288,0.009625,0.140204081632653,0.290465,0.0845,0.024599,0.123031,65.44984694978736,0.009625,0.04037877551020406,1.0,66.04129602674001
50,33,1.114501,0.181469,,,,,,,,,,,,,,,,,,,,
51,33,1.203163,0.204179,0.002319,0.1889129361506712,93.2823326508872,0.15357235450802953,0.289444,0.0838,0.024282,-0.155531,0.292,0.001,0.0218367346938775,0.292087,0.0853,0.02492,-0.144198,64.55327370389986,0.001,0.006376326530612229,1.0,418.21363035036165
52,33,1.231375,0.211405,0.00229,0.1865505061599987,95.04276299587345,0.2009509175075187,0.290719,0.0846,0.024604,-0.485747,0.288,0.001,0.0277551020408163,0.28817,0.083,0.023931,-0.490155,65.44984694978736,0.001,0.007993469387755093,1.0,333.6056644880178
53,33,1.22498,0.209767,0.002203,0.1794632161879813,94.90831692481204,0.162496201341102,0.290279,0.0843,0.02449,-0.387227,0.284,0.001,0.0395918367346938,0.284272,0.0808,0.022973,-0.393613,66.37167578006606,0.001,0.011244081632653037,1.0,237.16180242969895
54,33,1.286775,0.225595,0.002739,0.22312743946385874,95.41321154900822,0.30798610384051095,0.292063,0.0853,0.024935,-0.822878,0.282,0.001,0.01,0.28208,0.0796,0.022446,-0.662833,66.84239688488923,0.001,0.0028199999999999996,1.0,945.6264775413713
55,33,1.267165,0.220572,0.003404,0.27730040304307235,97.14334757916266,0.3449027067250128,0.292475,0.0856,0.025042,-0.545325,0.297,0.001,0.01,0.297063,0.0882,0.026215,-0.540406,63.466518254339256,0.001,0.00297,1.0,897.8675645342312
56,33,1.219318,0.208317,0.003253,0.2649994744709501,95.34550197161091,0.3424388210940661,0.292578,0.0856,0.025065,-0.956931,0.282,0.001,0.01,0.28208,0.0796,0.022446,-0.662833,66.84239688488923,0.001,0.0028199999999999996,1.0,945.6264775413713
57,33,1.266086,0.220296,0.00398,0.32422315044401523,95.61682725985418,0.42232525448331004,0.291985,0.0853,0.024911,-0.422952,0.288,0.001,0.01,0.288068,0.083,0.023906,-0.420267,65.44984694978736,0.001,0.0028799999999999997,1.0,925.9259259259259
58,33,1.285555,0.225282,0.005532,0.45065388649655586,97.77142658112608,0.5191754870950107,0.292747,0.0857,0.02511,-0.070193,0.294,0.001,0.0395918367346938,0.294242,0.0866,0.025476,-0.067944,64.1141357875468,0.001,0.011639999999999975,1.0,229.09507445589966
0,34,0.421534,0.003973,,,,,,,,,,,,,,,,,,,,
1,34,0.432769,0.006851,,,,,,,,,,,,,,,,,,,,
2,34,0.430927,0.006379,,,,,,,,,,,,,,,,,,,,
3,34,0.439683,0.008622,,,,,,,,,,,,,,,,,,,,
4,34,0.440753,0.008896,,,,,,,,,,,,,,,,,,,,
5,34,0.458861,0.013534,,,,,,,,,,,,,,,,,,,,
6,34,0.479257,0.018759,,,,,,,,,,,,,,,,,,,,
7,34,0.497635,0.023466,,,,,,,,,,,,,,,,,,,,
8,34,0.942292,0.13736,,,,,,,,,,,,,,,,,,,,
9,34,1.821428,0.36254,,,,,,,,,,,,,,,,,,,,
10,34,2.42242,0.516477,,,,,,,,,,,,,,,,,,,,
11,34,2.917718,0.643342,,,,,,,,,,,,,,,,,,,,
12,34,3.106904,0.6918,,,,,,,,,,,,,,,,,,,,
13,34,3.338485,0.751116,,,,,,,,,,,,,,,,,,,,
14,34,3.62177,0.823677,0.003876,0.315750987718845,90.93114947899066,0.4632686057218285,0.28961,0.0839,0.024319,-1.294563,0.282,0.001,0.01,0.28208,0.0796,0.022446,-0.662833,66.84239688488923,0.001,0.0028199999999999996,1.0,945.6264775413713
15,34,3.6946,0.842331,,,,,,,,,,,,,,,,,,,,
16,34,3.730912,0.851632,,,,,,,,,,,,,,,,,,,,
17,34,3.474769,0.786024,,,,,,,,,,,,,,,,,,,,
18,34,3.31623,0.745416,,,,,,,,,,,,,,,,,,,,
19,34,3.242889,0.72663,,,,,,,,,,,,,,,,,,,,
20,34,3.233415,0.724204,0.003542,0.28854231127454827,82.30759825433884,0.4913556079407164,0.288933,0.0835,0.02416,-1.173537,0.282,0.001,0.01,0.28208,0.0796,0.022446,-0.662833,66.84239688488923,0.001,0.0028199999999999996,1.0,945.6264775413713
21,34,3.2875,0.738057,0.004929,0.4015316353111938,93.41683303948035,0.602497007111805,0.289935,0.0841,0.024397,-1.24112,0.282,0.001,0.01,0.28208,0.0796,0.022446,-0.662833,66.84239688488923,0.001,0.0028199999999999996,1.0,945.6264775413713
22,34,3.301492,0.741641,,,,,,,,,,,,,,,,,,,,
23,34,3.322666,0.747065,0.004085,0.33277677627231217,89.88503344622477,0.45973968307224844,0.289451,0.0838,0.024273,-1.208627,0.282,0.001,0.01,0.28208,0.0796,0.022446,-0.662833,66.84239688488923,0.001,0.0028199999999999996,1.0,945.6264775413713
24,34,3.206542,0.717321,,,,,,,,,,,,,,,,,,,,
25,34,3.007132,0.666244,,,,,,,,,,,,,,,,,,,,
26,34,2.154199,0.447775,,,,,,,,,,,,,,,,,,,,
27,34,2.200675,0.45968,0.003014,0.24552979282368392,92.015107117076,0.3065715795166808,0.28972,0.084,0.024344,-1.115732,0.282,0.001,0.01,0.28208,0.0796,0.022446,-0.662833,66.84239688488923,0.001,0.0028199999999999996,1.0,945.6264775413713
28,34,2.205195,0.460837,0.002407,0.19608168922581523,84.21105159563915,0.27273000536884195,0.291506,0.085,0.024795,-1.081283,0.282,0.001,0.01,0.28208,0.0796,0.022446,-0.662833,66.84239688488923,0.001,0.0028199999999999996,1.0,945.6264775413713
29,34,1.963293,0.398877,,,,,,,,,,,,,,,,,,,,
30,34,1.712155,0.334551,0.001853,0.15095113009365835,87.52565295747917,0.21291502107230587,0.289467,0.0838,0.02428,-1.110789,0.282,0.001,0.01,0.28208,0.0796,0.022446,-0.662833,66.84239688488923,0.001,0.0028199999999999996,1.0,945.6264775413713
31,34,1.779331,0.351757,0.001689,0.1375911811808899,90.13301587284653,0.20171557606774115,0.288601,0.0833,0.024064,-1.387982,0.282,0.001,0.01,0.28208,0.0796,0.022446,-0.662833,66.84239688488923,0.001,0.0028199999999999996,1.0,945.6264775413713
32,34,2.060953,0.423891,,,,,,,,,,,,,,,,,,,,
33,34,2.328413,0.492398,,,,,,,,,,,,,,,,,,,,
34,34,2.384044,0.506648,,,,,,,,,,,,,,,,,,,,
35,34,2.143956,0.445152,0.003509,0.28585402887136924,94.60061866186928,0.33793572335306044,0.29123,0.0848,0.024729,-0.945426,0.282,0.001,0.01,0.28208,0.0796,0.022446,-0.662833,66.84239688488923,0.001,0.0028199999999999996,1.0,945.6264775413713
36,34,2.179928,0.454366,,,,,,,,,,,,,,,,,,,,
37,34,2.537651,0.545992,,,,,,,,,,,,,,,,,,,,
38,34,2.494416,0.534918,,,,,,,,,,,,,,,,,,,,
39,34,2.321516,0.490632,0.002419,0.19705924646333492,85.72185601591447,0.2473085252801428,0.289729,0.084,0.024362,-0.768528,0.282,0.001,0.01,0.28208,0.0796,0.022446,-0.662833,66.84239688488923,0.001,0.0028199999999999996,1.0,945.6264775413713
40,34,2.27722,0.479286,,,,,,,,,,,,,,,,,,,,
41,34,2.316466,0.489338,,,,,,,,,,,,,,,,,,,,
42,34,2.145919,0.445655,,,,,,,,,,,,,,,,,,,,
43,34,2.230105,0.467218,0.002151,0.1752271348253962,79.3592408233204,0.2584841203642063,0.28784,0.0829,0.023876,-0.683743,0.282,0.001,0.01,0.28208,0.0796,0.022446,-0.662833,66.84239688488923,0.001,0.0028199999999999996,1.0,945.6264775413713
44,34,2.124351,0.44013,0.002287,0.18630611685061882,92.76804794685368,0.22977861975678993,0.29029,0.0843,0.024498,-0.945694,0.282,0.001,0.01,0.28208,0.0796,0.022446,-0.662833,66.84239688488923,0.001,0.0028199999999999996,1.0,945.6264775413713
45,34,1.528821,0.287592,0.002284,0.1860617275412389,94.87050700154114,0.19437284882862382,0.290832,0.0846,0.024627,-0.641158,0.284,0.001,0.0218367346938775,0.284135,0.0807,0.02294,-0.646345,66.37167578006606,0.001,0.00620163265306121,1.0,429.9942959940338
46,34,1.243926,0.21462,0.0021,0.1710725165659377,93.50423643471154,0.1828444812760397,0.291131,0.0848,0.024698,-0.876276,0.282,0.001,0.01,0.28208,0.0796,0.022446,-0.662833,66.84239688488923,0.001,0.0028199999999999996,1.0,945.6264775413713
47,34,1.274135,0.222357,0.000571,0.046515431885309724,73.93635415889015,0.0882295364136857,0.291079,0.0848,0.024701,-1.031695,0.282,0.001,0.01,0.28208,0.0796,0.022446,-0.662833,66.84239688488923,0.001,0.0028199999999999996,1.0,945.6264775413713
48,34,1.199665,0.203283,0.000404,0.03291109366316135,75.47000758682155,0.06369637660517646,0.289327,0.0838,0.024262,-1.023487,0.282,0.001,0.01,0.28208,0.0796,0.022446,-0.662833,66.84239688488923,0.001,0.0028199999999999996,1.0,945.6264775413713
49,34,1.199338,0.203199,0.001484,0.1208912450399293,92.4550440077544,0.1119741340226924,0.289569,0.0839,0.024323,-0.064513,0.288,0.001,0.0514285714285714,0.288426,0.0832,0.023995,-0.067311,65.44984694978736,0.001,0.014811428571428562,1.0,180.04115226337458
50,34,1.290968,0.226669,,,,,,,,,,,,,,,,,,,,
51,34,1.346042,0.240775,0.002385,0.19428950095702924,95.982316930048,0.1528686792572731,0.291177,0.0848,0.024725,-0.362346,0.29,0.001,0.0336734693877551,0.290211,0.0842,0.024443,-0.362406,64.99846869496125,0.001,0.00976530612244898,1.0,273.075583420411
52,34,1.339695,0.23915,0.002446,0.19925875024775408,96.8684806420736,0.20849274543325302,0.291975,0.0853,0.024923,-0.604273,0.284,0.001,0.0277551020408163,0.284173,0.0808,0.022949,-0.611751,66.37167578006606,0.001,0.007882448979591828,1.0,338.30433581883494
53,34,1.305382,0.230361,0.004189,0.3412489389974824,97.18419631365244,0.33650844046605466,0.291101,0.0848,0.024698,-0.309873,0.29,0.001,0.0218367346938775,0.29011,0.0842,0.024418,-0.319376,64.99846869496125,0.001,0.006332653061224475,1.0,421.09786228381233
54,34,1.278486,0.223472,0.004007,0.3264226542284345,97.68788076046353,0.36057480494918426,0.291032,0.0847,0.024676,-0.534144,0.286,0.001,0.0336734693877551,0.286224,0.0819,0.023449,-0.536849,65.90753818719845,0.001,0.009630612244897958,1.0,276.8948223493678
55,34,1.284343,0.224972,0.003672,0.29913251468101104,96.67234726701085,0.3582064741616784,0.292438,0.0856,0.025037,-0.284717,0.29,0.001,0.0159183673469387,0.290073,0.0841,0.024408,-0.280966,64.99846869496125,0.001,0.004616326530612222,1.0,577.6598880047184
56,34,1.326293,0.235717,0.003712,0.30239103880607654,95.74684765904188,0.3799107025113001,0.29201,0.0853,0.024921,-0.533007,0.286,0.001,0.0336734693877551,0.286224,0.0819,0.023449,-0.536849,65.90753818719845,0.001,0.009630612244897958,1.0,276.8948223493678
57,34,1.443242,0.265672,0.004653,0.37904781884824196,95.23142847515278,0.4982757049969583,0.292197,0.0854,0.024966,-0.299861,0.307,0.001,0.01,0.307054,0.0943,0.028951,-0.296684,61.39920495615231,0.001,0.00307,1.0,868.6210640608035
58,34,1.389016,0.251783,0.006218,0.5065375752414288,98.32359297674358,0.5864627268919811,0.292242,0.0854,0.02498,-0.435805,0.297,0.001,0.0218367346938775,0.297108,0.0883,0.026228,-0.437238,63.466518254339256,0.001,0.006485510204081618,1.0,411.1729968427797
0,35,0.423095,0.004374,,,,,,,,,,,,,,,,,,,,
1,35,0.421141,0.003873,,,,,,,,,,,,,,,,,,,,
2,35,0.431036,0.006407,,,,,,,,,,,,,,,,,,,,
3,35,0.439211,0.008501,,,,,,,,,,,,,,,,,,,,
4,35,0.44606,0.010256,,,,,,,,,,,,,,,,,,,,
5,35,0.461084,0.014104,,,,,,,,,,,,,,,,,,,,
6,35,0.463315,0.014675,,,,,,,,,,,,,,,,,,,,
7,35,0.498557,0.023702,,,,,,,,,,,,,,,,,,,,
8,35,1.094716,0.176401,,,,,,,,,,,,,,,,,,,,
9,35,1.867854,0.374432,,,,,,,,,,,,,,,,,,,,
10,35,2.530724,0.544218,,,,,,,,,,,,,,,,,,,,
11,35,3.015946,0.668502,,,,,,,,,,,,,,,,,,,,
12,35,3.37244,0.759813,,,,,,,,,,,,,,,,,,,,
13,35,3.344933,0.752768,0.002517,0.20504263056974534,88.5706626627558,0.18647991351645032,0.287333,0.0826,0.023762,-0.13716,0.292,0.001,0.0455102040816326,0.292334,0.0855,0.024984,-0.135857,64.55327370389986,0.001,0.01328897959183672,1.0,200.6675266703526
14,35,3.547896,0.804755,,,,,,,,,,,,,,,,,,,,
15,35,3.858392,0.884284,,,,,,,,,,,,,,,,,,,,
16,35,4.011263,0.92344,,,,,,,,,,,,,,,,,,,,
17,35,3.779854,0.864168,,,,,,,,,,,,,,,,,,,,
18,35,3.529436,0.800026,,,,,,,,,,,,,,,,,,,,
19,35,3.290178,0.738743,,,,,,,,,,,,,,,,,,,,
20,35,3.066738,0.681512,,,,,,,,,,,,,,,,,,,,
21,35,3.00827,0.666536,0.00468,0.38124732263266115,90.60006355536682,0.6141693415086538,0.29077,0.0846,0.024603,-1.637537,0.282,0.001,0.01,0.28208,0.0796,0.022446,-0.662833,66.84239688488923,0.001,0.0028199999999999996,1.0,945.6264775413713
22,35,3.123186,0.69597,,,,,,,,,,,,,,,,,,,,
23,35,3.320407,0.746486,0.004428,0.3607186206447486,87.51402027181194,0.5110340959370943,0.289407,0.0838,0.024268,-1.41473,0.282,0.001,0.01,0.28208,0.0796,0.022446,-0.662833,66.84239688488923,0.001,0.0028199999999999996,1.0,945.6264775413713
24,35,3.386872,0.76351,0.004476,0.3646288495948272,93.09568095152665,0.5425857271904473,0.290299,0.0843,0.024488,-1.559871,0.282,0.001,0.01,0.28208,0.0796,0.022446,-0.662833,66.84239688488923,0.001,0.0028199999999999996,1.0,945.6264775413713
25,35,2.861064,0.628831,,,,,,,,,,,,,,,,,,,,
26,35,2.092153,0.431883,0.002945,0.23990883870794596,92.0554083480645,0.2981611651941125,0.288891,0.0835,0.024137,-1.036581,0.282,0.001,0.01,0.28208,0.0796,0.022446,-0.662833,66.84239688488923,0.001,0.0028199999999999996,1.0,945.6264775413713
27,35,2.119507,0.438889,0.002894,0.23575422044848746,95.18603162959378,0.23048754642424374,0.290506,0.0844,0.02456,-0.348379,0.29,0.001,0.0277551020408163,0.290156,0.0842,0.024429,-0.353149,64.99846869496125,0.001,0.008048979591836727,1.0,331.3049357674107
28,35,2.101162,0.434191,0.002184,0.1779154172285752,91.71589382366703,0.19120955028151831,0.290895,0.0847,0.024651,-0.828546,0.282,0.001,0.01,0.28208,0.0796,0.022446,-0.662833,66.84239688488923,0.001,0.0028199999999999996,1.0,945.6264775413713
29,35,1.906158,0.384243,,,,,,,,,,,,,,,,,,,,
30,35,1.726067,0.338114,,,,,,,,,,,,,,,,,,,,
31,35,1.639519,0.315946,,,,,,,,,,,,,,,,,,,,
32,35,2.058742,0.423325,0.003642,0.29668862158721193,95.1498919852324,0.3695156048747732,0.291547,0.085,0.024807,-1.106888,0.282,0.001,0.01,0.28208,0.0796,0.022446,-0.662833,66.84239688488923,0.001,0.0028199999999999996,1.0,945.6264775413713
33,35,2.324472,0.491389,0.003192,0.2600302251802253,95.70232545220486,0.26456208491720234,0.291214,0.0849,0.024735,-0.608146,0.284,0.001,0.0277551020408163,0.284173,0.0808,0.022949,-0.611751,66.37167578006606,0.001,0.007882448979591828,1.0,338.30433581883494
34,35,2.180701,0.454563,,,,,,,,,,,,,,,,,,,,
35,35,2.075397,0.427591,,,,,,,,,,,,,,,,,,,,
36,35,2.190745,0.457136,0.003656,0.29782910503098486,94.01995993774925,0.37658082723718955,0.290798,0.0846,0.024618,-0.771635,0.282,0.001,0.01,0.28208,0.0796,0.022446,-0.662833,66.84239688488923,0.001,0.0028199999999999996,1.0,945.6264775413713
37,35,2.507192,0.53819,0.002934,0.23901274457355295,90.2385587624626,0.2603661701318818,0.289337,0.0838,0.024254,-0.56473,0.286,0.001,0.01,0.286081,0.0818,0.023414,-0.559748,65.90753818719845,0.001,0.0028599999999999997,1.0,932.4009324009326
38,35,2.423199,0.516677,,,,,,,,,,,,,,,,,,,,
39,35,2.277279,0.479301,,,,,,,,,,,,,,,,,,,,
40,35,2.301563,0.485521,,,,,,,,,,,,,,,,,,,,
41,35,2.382856,0.506343,,,,,,,,,,,,,,,,,,,,
42,35,2.129286,0.441394,,,,,,,,,,,,,,,,,,,,
43,35,2.129816,0.44153,,,,,,,,,,,,,,,,,,,,
44,35,2.021499,0.413786,0.002521,0.20536848298225185,93.14456944584788,0.23983449850875926,0.290949,0.0847,0.024665,-0.640522,0.284,0.001,0.0218367346938775,0.284135,0.0807,0.02294,-0.646345,66.37167578006606,0.001,0.00620163265306121,1.0,429.9942959940338
45,35,1.579929,0.300683,0.001821,0.14834431079360597,91.63776150592662,0.16850420482377992,0.28955,0.0839,0.024304,-0.636765,0.284,0.001,0.0218367346938775,0.284135,0.0807,0.02294,-0.646345,66.37167578006606,0.001,0.00620163265306121,1.0,429.9942959940338
46,35,1.30226,0.229561,0.00092,0.07494605487650605,85.19787217366905,0.10840739585525339,0.290089,0.0842,0.024452,-0.732308,0.282,0.001,0.01,0.28208,0.0796,0.022446,-0.662833,66.84239688488923,0.001,0.0028199999999999996,1.0,945.6264775413713
47,35,1.288847,0.226126,0.002645,0.21546990776995487,96.55205773337694,0.16983819963076363,0.289966,0.0841,0.024416,0.090971,0.289,0.004375,0.086938775510204,0.290019,0.0841,0.024412,0.091469,65.22337689113758,0.004375,0.025125306122448954,1.0,106.13469359022271
48,35,1.172237,0.196257,0.000934,0.07608653832027897,89.66348718474222,0.1076424957926897,0.290541,0.0844,0.024556,-0.866707,0.282,0.001,0.01,0.28208,0.0796,0.022446,-0.662833,66.84239688488923,0.001,0.0028199999999999996,1.0,945.6264775413713
49,35,1.171865,0.196162,0.002546,0.2074050605604178,95.60340917100305,0.19003031985200847,0.292265,0.0855,0.024996,-0.471366,0.288,0.001,0.0218367346938775,0.288127,0.083,0.02392,-0.47349,65.44984694978736,0.001,0.0062889795918367195,1.0,424.02215299411665
50,35,1.30611,0.230547,0.000838,0.0682660804201218,77.09621731094543,0.10905461937529837,0.288275,0.0831,0.023979,-1.018505,0.282,0.001,0.01,0.28208,0.0796,0.022446,-0.662833,66.84239688488923,0.001,0.0028199999999999996,1.0,945.6264775413713
51,35,1.385332,0.250839,,,,,,,,,,,,,,,,,,,,
52,35,1.380189,0.249522,0.002677,0.21807672707000725,96.02636466416162,0.20308672785974569,0.291512,0.085,0.024803,-0.348893,0.29,0.001,0.0277551020408163,0.290156,0.0842,0.024429,-0.353149,64.99846869496125,0.001,0.008048979591836727,1.0,331.3049357674107
53,35,1.237682,0.21302,0.001926,0.15689793662190285,93.75915377643092,0.16090996852528017,0.290544,0.0845,0.024559,-0.822207,0.282,0.001,0.01,0.28208,0.0796,0.022446,-0.662833,66.84239688488923,0.001,0.0028199999999999996,1.0,945.6264775413713
54,35,1.253348,0.217033,0.004033,0.32854069490972704,97.32303036177257,0.35662388408566503,0.292841,0.0858,0.025141,-0.423119,0.288,0.001,0.01,0.288068,0.083,0.023906,-0.420267,65.44984694978736,0.001,0.0028799999999999997,1.0,925.9259259259259
55,35,1.29872,0.228654,0.005578,0.45440118924038114,97.82871213595936,0.49745078192607595,0.291841,0.0852,0.024882,-0.225337,0.29,0.001,0.0455102040816326,0.290344,0.0843,0.024477,-0.222346,64.99846869496125,0.001,0.013197959183673454,1.0,202.05144064738954
56,35,1.397326,0.253911,0.003793,0.3089895501593341,97.53961603371809,0.3710339030135541,0.29286,0.0858,0.025143,-0.735368,0.282,0.001,0.01,0.28208,0.0796,0.022446,-0.662833,66.84239688488923,0.001,0.0028199999999999996,1.0,945.6264775413713
57,35,1.434106,0.263332,0.005326,0.43387248725246863,97.76112646944368,0.49575935735547494,0.29144,0.085,0.024777,-0.426942,0.288,0.001,0.01,0.288068,0.083,0.023906,-0.420267,65.44984694978736,0.001,0.0028799999999999997,1.0,925.9259259259259
58,35,1.406285,0.256206,0.006642,0.541077930967123,98.04315476310164,0.5743123945947249,0.292893,0.0858,0.02515,-0.185904,0.292,0.001,0.0277551020408163,0.292136,0.0853,0.024933,-0.190204,64.55327370389986,0.001,0.008104489795918358,1.0,329.0357238785929
0,36,0.416189,0.002605,,,,,,,,,,,,,,,,,,,,
1,36,0.418524,0.003203,,,,,,,,,,,,,,,,,,,,
2,36,0.426677,0.005291,,,,,,,,,,,,,,,,,,,,
3,36,0.435331,0.007508,,,,,,,,,,,,,,,,,,,,
4,36,0.444742,0.009918,,,,,,,,,,,,,,,,,,,,
5,36,0.457578,0.013206,,,,,,,,,,,,,,,,,,,,
6,36,0.460398,0.013928,,,,,,,,,,,,,,,,,,,,
7,36,0.553462,0.037765,,,,,,,,,,,,,,,,,,,,
8,36,1.504071,0.281253,,,,,,,,,,,,,,,,,,,,
9,36,2.212755,0.462774,,,,,,,,,,,,,,,,,,,,
10,36,2.600285,0.562035,,,,,,,,,,,,,,,,,,,,
11,36,2.806328,0.614811,,,,,,,,,,,,,,,,,,,,
12,36,3.111864,0.69307,,,,,,,,,,,,,,,,,,,,
13,36,3.630185,0.825832,,,,,,,,,,,,,,,,,,,,
14,36,3.877384,0.889149,,,,,,,,,,,,,,,,,,,,
15,36,4.018481,0.925289,0.005999,0.48869715565669536,74.82287473005263,0.6652075595546809,0.284469,0.081,0.023062,-0.264,0.286,0.001,0.0455102040816326,0.286346,0.082,0.02348,-0.264695,65.90753818719845,0.001,0.013015918367346923,1.0,204.87733492217822
16,36,4.258961,0.986886,,,,,,,,,,,,,,,,,,,,
17,36,4.110918,0.948966,,,,,,,,,,,,,,,,,,,,
18,36,3.83575,0.878485,,,,,,,,,,,,,,,,,,,,
19,36,3.44007,0.777136,0.003361,0.27379748960862693,88.74028703636833,0.3653728246784804,0.288664,0.0834,0.024078,-0.691506,0.282,0.001,0.01,0.28208,0.0796,0.022446,-0.662833,66.84239688488923,0.001,0.0028199999999999996,1.0,945.6264775413713
20,36,3.001427,0.664783,,,,,,,,,,,,,,,,,,,,
21,36,2.805615,0.614628,,,,,,,,,,,,,,,,,,,,
22,36,3.066022,0.681328,,,,,,,,,,,,,,,,,,,,
23,36,3.187488,0.71244,0.004587,0.3736712540418839,85.53509223139571,0.5231593011923246,0.288472,0.0833,0.024038,-0.966103,0.282,0.001,0.01,0.28208,0.0796,0.022446,-0.662833,66.84239688488923,0.001,0.0028199999999999996,1.0,945.6264775413713
24,36,3.265882,0.73252,,,,,,,,,,,,,,,,,,,,
25,36,2.827835,0.620319,,,,,,,,,,,,,,,,,,,,
26,36,2.130022,0.441583,,,,,,,,,,,,,,,,,,,,
27,36,2.199737,0.45944,,,,,,,,,,,,,,,,,,,,
28,36,2.253657,0.47325,0.001411,0.1149444385116848,79.57749926043574,0.1698990441658368,0.288426,0.0832,0.024029,-1.091061,0.282,0.001,0.01,0.28208,0.0796,0.022446,-0.662833,66.84239688488923,0.001,0.0028199999999999996,1.0,945.6264775413713
29,36,2.137684,0.443545,0.001389,0.1131522502428988,85.12335690112162,0.18369942672956152,0.289851,0.084,0.024379,-1.583681,0.282,0.001,0.01,0.28208,0.0796,0.022446,-0.662833,66.84239688488923,0.001,0.0028199999999999996,1.0,945.6264775413713
30,36,1.788748,0.354169,0.002856,0.23265862252967526,93.25426376591317,0.24542140728565998,0.290403,0.0844,0.024523,-0.81303,0.282,0.001,0.01,0.28208,0.0796,0.022446,-0.662833,66.84239688488923,0.001,0.0028199999999999996,1.0,945.6264775413713
31,36,1.690145,0.328913,,,,,,,,,,,,,,,,,,,,
32,36,2.114851,0.437697,,,,,,,,,,,,,,,,,,,,
33,36,2.295832,0.484053,,,,,,,,,,,,,,,,,,,,
34,36,2.146806,0.445882,,,,,,,,,,,,,,,,,,,,
35,36,2.113729,0.437409,,,,,,,,,,,,,,,,,,,,
36,36,2.279676,0.479915,0.003479,0.2834101357775701,92.69474493407319,0.3026986607124247,0.291096,0.0848,0.024696,-0.621007,0.282,0.001,0.0218367346938775,0.282126,0.0796,0.022457,-0.619904,66.84239688488923,0.001,0.006157959183673454,1.0,433.0439009301617
37,36,2.403528,0.511638,,,,,,,,,,,,,,,,,,,,
38,36,2.271452,0.477808,,,,,,,,,,,,,,,,,,,,
39,36,2.161369,0.449612,0.001705,0.13889459083091607,88.03349646433479,0.19949267754969036,0.289455,0.0838,0.024285,-0.89357,0.282,0.001,0.01,0.28208,0.0796,0.022446,-0.662833,66.84239688488923,0.001,0.0028199999999999996,1.0,945.6264775413713
40,36,2.231391,0.467547,,,,,,,,,,,,,,,,,,,,
41,36,2.27372,0.478389,,,,,,,,,,,,,,,,,,,,
42,36,2.099735,0.433825,,,,,,,,,,,,,,,,,,,,
43,36,2.143673,0.445079,0.001547,0.12602342053690743,83.73399808007318,0.2227761710830729,0.289621,0.0839,0.024323,-1.265249,0.282,0.001,0.01,0.28208,0.0796,0.022446,-0.662833,66.84239688488923,0.001,0.0028199999999999996,1.0,945.6264775413713
44,36,1.996528,0.40739,0.001169,0.09523036755503864,78.42699633471639,0.14357766439652586,0.28908,0.0836,0.024193,-1.240592,0.282,0.001,0.01,0.28208,0.0796,0.022446,-0.662833,66.84239688488923,0.001,0.0028199999999999996,1.0,945.6264775413713
45,36,1.550364,0.29311,0.002657,0.2164474650074745,93.01255811753362,0.20721521672086496,0.289514,0.0839,0.024297,-0.388453,0.284,0.001,0.0395918367346938,0.284272,0.0808,0.022973,-0.393613,66.37167578006606,0.001,0.011244081632653037,1.0,237.16180242969895
46,36,1.344247,0.240316,0.000531,0.04325690776024425,68.77704309689602,0.11062456540585708,0.291356,0.0849,0.024771,-0.792482,0.282,0.001,0.01,0.28208,0.0796,0.022446,-0.662833,66.84239688488923,0.001,0.0028199999999999996,1.0,945.6264775413713
47,36,1.395948,0.253558,0.001502,0.12235758089620878,91.10120496571751,0.11050080604141332,0.29012,0.0842,0.024453,-0.53036,0.284,0.001,0.0336734693877551,0.284218,0.0808,0.02296,-0.531033,66.37167578006606,0.001,0.009563265306122448,1.0,278.8447858870394
48,36,1.259934,0.21872,0.001226,0.09987376443325696,91.37208789061165,0.12298871774414555,0.290178,0.0842,0.024467,-0.420132,0.288,0.001,0.01,0.288068,0.083,0.023906,-0.420267,65.44984694978736,0.001,0.0028799999999999997,1.0,925.9259259259259
49,36,1.231507,0.211439,0.001669,0.13596191911835714,94.73975596261285,0.12116274192470311,0.290662,0.0845,0.0246,-0.588917,0.286,0.001,0.0218367346938775,0.286135,0.0819,0.023428,-0.589706,65.90753818719845,0.001,0.006245306122448965,1.0,426.9873428751944
50,36,1.291383,0.226775,0.002423,0.19738509887584144,95.99305312918128,0.15253083364437292,0.290974,0.0847,0.024674,-0.291534,0.29,0.001,0.0159183673469387,0.290073,0.0841,0.024408,-0.280966,64.99846869496125,0.001,0.004616326530612222,1.0,577.6598880047184
51,36,1.353002,0.242558,0.001172,0.09547475686441857,85.85215852505077,0.1400137094818159,0.293036,0.0859,0.025194,-1.501711,0.282,0.001,0.01,0.28208,0.0796,0.022446,-0.662833,66.84239688488923,0.001,0.0028199999999999996,1.0,945.6264775413713
52,36,1.329374,0.236506,0.002163,0.17620469206291584,94.61697555759352,0.1474085448500948,0.290323,0.0843,0.024508,-0.327729,0.29,0.001,0.0395918367346938,0.290273,0.0843,0.024459,-0.32442,64.99846869496125,0.001,0.011481632653061201,1.0,232.25500651736036
53,36,1.20408,0.204414,0.002118,0.17253885242221717,93.03634979813913,0.20234532881012612,0.292014,0.0853,0.024929,-1.243019,0.282,0.001,0.01,0.28208,0.0796,0.022446,-0.662833,66.84239688488923,0.001,0.0028199999999999996,1.0,945.6264775413713
54,36,1.243546,0.214522,0.003632,0.29587399055594554,96.8332416820904,0.3586809838612167,0.29119,0.0848,0.024716,-0.507996,0.297,0.001,0.0159183673469387,0.297081,0.0883,0.02622,-0.503788,63.466518254339256,0.001,0.0047277551020407935,1.0,564.0450084894557
55,36,1.311522,0.231934,0.003732,0.30402030086860926,95.89400943078168,0.37414773587524586,0.291253,0.0849,0.02473,-0.782195,0.282,0.001,0.01,0.28208,0.0796,0.022446,-0.662833,66.84239688488923,0.001,0.0028199999999999996,1.0,945.6264775413713
56,36,1.339809,0.239179,0.004307,0.35086158516642557,95.9099465475439,0.4153608071948939,0.29264,0.0857,0.025086,-0.362314,0.29,0.001,0.0336734693877551,0.290211,0.0842,0.024443,-0.362406,64.99846869496125,0.001,0.00976530612244898,1.0,273.075583420411
57,36,1.323595,0.235026,0.004987,0.4062564952925387,97.63775188868938,0.4901951397805986,0.292048,0.0853,0.024932,-0.558873,0.286,0.001,0.01,0.286081,0.0818,0.023414,-0.559748,65.90753818719845,0.001,0.0028599999999999997,1.0,932.4009324009326
58,36,1.343438,0.240109,0.006574,0.5355384399545117,98.42737698230331,0.5421714354100264,0.292036,0.0853,0.024931,-0.194164,0.295,0.001,0.0218367346938775,0.295085,0.0871,0.025695,-0.195593,63.8967997340297,0.001,0.0064418367346938624,1.0,413.9606103806969
0,37,0.417672,0.002984,,,,,,,,,,,,,,,,,,,,
1,37,0.425596,0.005014,,,,,,,,,,,,,,,,,,,,
2,37,0.420117,0.003611,,,,,,,,,,,,,,,,,,,,
3,37,0.430352,0.006232,,,,,,,,,,,,,,,,,,,,
4,37,0.44338,0.009569,,,,,,,,,,,,,,,,,,,,
5,37,0.455028,0.012553,,,,,,,,,,,,,,,,,,,,
6,37,0.461602,0.014237,,,,,,,,,,,,,,,,,,,,
7,37,0.620896,0.055038,0.000348,0.028349159888069676,73.69065778072601,0.039696969276105776,0.285783,0.0817,0.023372,0.297488,0.285,0.004375,0.1106122448979591,0.286657,0.0822,0.023576,0.298092,66.13879270715356,0.004375,0.03152448979591834,1.0,84.59031958740647
8,37,1.705693,0.332896,,,,,,,,,,,,,,,,,,,,
9,37,2.294981,0.483835,,,,,,,,,,,,,,,,,,,,
10,37,2.455745,0.525013,,,,,,,,,,,,,,,,,,,,
11,37,2.78007,0.608085,,,,,,,,,,,,,,,,,,,,
12,37,2.996142,0.663429,,,,,,,,,,,,,,,,,,,,
13,37,3.623591,0.824143,,,,,,,,,,,,,,,,,,,,
14,37,3.927624,0.902018,,,,,,,,,,,,,,,,,,,,
15,37,4.088773,0.943294,,,,,,,,,,,,,,,,,,,,
16,37,4.21057,0.974491,0.005639,0.45937043853110604,91.73103627205703,0.6556495172703274,0.289408,0.0838,0.024263,-0.934011,0.282,0.001,0.01,0.28208,0.0796,0.022446,-0.662833,66.84239688488923,0.001,0.0028199999999999996,1.0,945.6264775413713
17,37,4.098996,0.945912,,,,,,,,,,,,,,,,,,,,
18,37,3.897004,0.894175,,,,,,,,,,,,,,,,,,,,
19,37,3.441037,0.777384,,,,,,,,,,,,,,,,,,,,
20,37,3.106781,0.691768,,,,,,,,,,,,,,,,,,,,
21,37,2.816841,0.617503,,,,,,,,,,,,,,,,,,,,
22,37,2.995725,0.663322,,,,,,,,,,,,,,,,,,,,
23,37,2.994982,0.663132,,,,,,,,,,,,,,,,,,,,
24,37,3.088166,0.687,,,,,,,,,,,,,,,,,,,,
25,37,2.914564,0.642534,,,,,,,,,,,,,,,,,,,,
26,37,2.420343,0.515945,,,,,,,,,,,,,,,,,,,,
27,37,2.427444,0.517764,0.001661,0.13531021429334406,82.13524653163887,0.24178640834542753,0.290167,0.0842,0.024459,-1.640638,0.282,0.001,0.01,0.28208,0.0796,0.022446,-0.662833,66.84239688488923,0.001,0.0028199999999999996,1.0,945.6264775413713
28,37,2.550882,0.549381,,,,,,,,,,,,,,,,,,,,
29,37,2.488863,0.533496,0.002435,0.1983626561133611,88.0775434705385,0.2173581776975344,0.288603,0.0833,0.024069,-0.336937,0.297,0.001,0.0277551020408163,0.297144,0.0883,0.026237,-0.332355,63.466518254339256,0.001,0.00824326530612244,1.0,323.49640192777485
30,37,2.017992,0.412887,0.001878,0.15298770767182426,90.16601117720744,0.19917650925364994,0.289456,0.0838,0.024277,-0.797781,0.282,0.001,0.01,0.28208,0.0796,0.022446,-0.662833,66.84239688488923,0.001,0.0028199999999999996,1.0,945.6264775413713
31,37,1.711478,0.334378,,,,,,,,,,,,,,,,,,,,
32,37,1.995932,0.407237,,,,,,,,,,,,,,,,,,,,
33,37,2.134493,0.442728,,,,,,,,,,,,,,,,,,,,
34,37,2.232105,0.46773,0.002595,0.211396752613623,93.0683906014176,0.2103388188198556,0.291552,0.085,0.02482,-0.531667,0.286,0.001,0.0336734693877551,0.286224,0.0819,0.023449,-0.536849,65.90753818719845,0.001,0.009630612244897958,1.0,276.8948223493678
35,37,2.269059,0.477195,,,,,,,,,,,,,,,,,,,,
36,37,2.323163,0.491053,,,,,,,,,,,,,,,,,,,,
37,37,2.237446,0.469098,0.002763,0.225082553938898,91.00088416749071,0.26611290767755325,0.291591,0.0851,0.024833,-1.339858,0.282,0.001,0.01,0.28208,0.0796,0.022446,-0.662833,66.84239688488923,0.001,0.0028199999999999996,1.0,945.6264775413713
38,37,2.24437,0.470872,0.00146,0.11893613056489001,71.44147033568541,0.19274124895504263,0.286623,0.0822,0.023594,-0.546708,0.28,0.001,0.0159183673469387,0.280084,0.0784,0.021972,-0.549906,67.31984257692413,0.001,0.004457142857142837,1.0,598.290598290601
39,37,2.112767,0.437163,,,,,,,,,,,,,,,,,,,,
40,37,2.155089,0.448003,0.002194,0.1787300482598416,85.31353401297777,0.2374851073711577,0.290246,0.0843,0.024486,-1.090678,0.282,0.001,0.01,0.28208,0.0796,0.022446,-0.662833,66.84239688488923,0.001,0.0028199999999999996,1.0,945.6264775413713
41,37,2.139567,0.444028,,,,,,,,,,,,,,,,,,,,
42,37,2.056076,0.422642,,,,,,,,,,,,,,,,,,,,
43,37,2.096559,0.433011,,,,,,,,,,,,,,,,,,,,
44,37,1.97001,0.400597,0.002849,0.2320883808077888,92.76497971368858,0.2577084754629442,0.291163,0.0848,0.024718,-0.840831,0.282,0.001,0.01,0.28208,0.0796,0.022446,-0.662833,66.84239688488923,0.001,0.0028199999999999996,1.0,945.6264775413713
45,37,1.566064,0.297131,0.003322,0.2706204285866881,95.09885224577886,0.24615512638299086,0.292179,0.0854,0.024977,-0.283848,0.29,0.001,0.0159183673469387,0.290073,0.0841,0.024408,-0.280966,64.99846869496125,0.001,0.004616326530612222,1.0,577.6598880047184
46,37,1.295741,0.227891,0.001637,0.13335509981830476,92.67216864802674,0.11897519124542189,0.290569,0.0845,0.024575,-0.378802,0.299,0.001,0.0336734693877551,0.29921,0.0895,0.026788,-0.380372,63.04199304862462,0.001,0.010068367346938776,1.0,264.85591702983004
47,37,1.324122,0.235161,0.001189,0.09685962961757139,88.58339416212193,0.1255812236061271,0.290661,0.0845,0.024589,-1.088415,0.282,0.001,0.01,0.28208,0.0796,0.022446,-0.662833,66.84239688488923,0.001,0.0028199999999999996,1.0,945.6264775413713
48,37,1.32241,0.234722,0.001412,0.11502590161481145,88.29027263408545,0.12389209729326067,0.288641,0.0833,0.024076,-0.588664,0.286,0.001,0.0218367346938775,0.286135,0.0819,0.023428,-0.589706,65.90753818719845,0.001,0.006245306122448965,1.0,426.9873428751944
49,37,1.225315,0.209853,0.000577,0.04700421050406955,72.58810775456628,0.09627825874227858,0.288485,0.0833,0.024034,-0.951156,0.282,0.001,0.01,0.28208,0.0796,0.022446,-0.662833,66.84239688488923,0.001,0.0028199999999999996,1.0,945.6264775413713
50,37,1.274023,0.222329,,,,,,,,,,,,,,,,,,,,
51,37,1.312572,0.232202,,,,,,,,,,,,,,,,,,,,
52,37,1.331783,0.237123,0.003274,0.2667101996366095,97.06353702709201,0.22532895285084953,0.291961,0.0853,0.024919,-0.150748,0.292,0.001,0.0218367346938775,0.292087,0.0853,0.02492,-0.144198,64.55327370389986,0.001,0.006376326530612229,1.0,418.21363035036165
53,37,1.228123,0.210572,0.00245,0.19958460266026065,95.40971095554443,0.20460990206952911,0.29148,0.085,0.024791,-0.516612,0.299,0.001,0.0277551020408163,0.299164,0.0895,0.026776,-0.510638,63.04199304862462,0.001,0.008298775510204073,1.0,321.3325463964853
54,37,1.283197,0.224678,0.003634,0.29603691676219884,97.08169110639138,0.3468435088931603,0.291742,0.0851,0.024852,-0.589516,0.286,0.001,0.0218367346938775,0.286135,0.0819,0.023428,-0.589706,65.90753818719845,0.001,0.006245306122448965,1.0,426.9873428751944
55,37,1.323188,0.234922,0.00293,0.23868689216104638,94.26560465698738,0.33543144023838545,0.292178,0.0854,0.024964,-1.193768,0.282,0.001,0.01,0.28208,0.0796,0.022446,-0.662833,66.84239688488923,0.001,0.0028199999999999996,1.0,945.6264775413713
56,37,1.282205,0.224424,0.005363,0.4368866220681542,98.03184661054054,0.47987525987405477,0.29246,0.0856,0.025036,-0.308814,0.29,0.001,0.0218367346938775,0.29011,0.0842,0.024418,-0.319376,64.99846869496125,0.001,0.006332653061224475,1.0,421.09786228381233
57,37,1.297736,0.228403,0.004078,0.3322065345504257,94.52374165459729,0.4488753632647734,0.292599,0.0856,0.025067,-0.326284,0.29,0.001,0.0395918367346938,0.290273,0.0843,0.024459,-0.32442,64.99846869496125,0.001,0.011481632653061201,1.0,232.25500651736036
58,37,1.301475,0.22936,0.004775,0.38898631742969164,97.28142012368305,0.4345012503128839,0.291305,0.0849,0.024742,-0.479824,0.288,0.001,0.0336734693877551,0.288221,0.0831,0.023944,-0.474252,65.44984694978736,0.001,0.00969795918367347,1.0,274.9719416386083
0,38,0.419812,0.003533,,,,,,,,,,,,,,,,,,,,
1,38,0.427829,0.005586,,,,,,,,,,,,,,,,,,,,
2,38,0.421875,0.004061,,,,,,,,,,,,,,,,,,,,
3,38,0.427923,0.00561,,,,,,,,,,,,,,,,,,,,
4,38,0.439275,0.008518,,,,,,,,,,,,,,,,,,,,
5,38,0.454225,0.012347,,,,,,,,,,,,,,,,,,,,
6,38,0.471784,0.016845,,,,,,,,,,,,,,,,,,,,
7,38,0.70396,0.076314,0.000585,0.04765591532908264,86.73455055702793,0.04027966204933753,0.287565,0.0827,0.02382,0.194638,0.287,0.002875,0.0810204081632652,0.287908,0.0829,0.023873,0.194007,65.67789519699916,0.002875,0.02325285714285711,1.0,114.68124756814333
8,38,1.667737,0.323174,,,,,,,,,,,,,,,,,,,,
9,38,2.382218,0.50618,,,,,,,,,,,,,,,,,,,,
10,38,2.54012,0.546625,,,,,,,,,,,,,,,,,,,,
11,38,2.759924,0.602925,,,,,,,,,,,,,,,,,,,,
12,38,2.865887,0.630066,,,,,,,,,,,,,,,,,,,,
13,38,3.430048,0.774569,,,,,,,,,,,,,,,,,,,,
14,38,3.899943,0.894927,,,,,,,,,,,,,,,,,,,,
15,38,3.961444,0.91068,,,,,,,,,,,,,,,,,,,,
16,38,3.933283,0.903467,,,,,,,,,,,,,,,,,,,,
17,38,3.759856,0.859046,,,,,,,,,,,,,,,,,,,,
18,38,3.582634,0.813652,,,,,,,,,,,,,,,,,,,,
19,38,3.398347,0.766449,,,,,,,,,,,,,,,,,,,,
20,38,3.27017,0.733618,,,,,,,,,,,,,,,,,,,,
21,38,2.993009,0.662627,0.002037,0.16594034106895958,72.5415233435204,0.276292508289274,0.285941,0.0818,0.023418,-0.719197,0.282,0.001,0.01,0.28208,0.0796,0.022446,-0.662833,66.84239688488923,0.001,0.0028199999999999996,1.0,945.6264775413713
22,38,2.934764,0.647708,,,,,,,,,,,,,,,,,,,,
23,38,2.93062,0.646647,,,,,,,,,,,,,,,,,,,,
24,38,3.094189,0.688543,0.006439,0.5245409210324157,95.25022597760389,0.6243155776114326,0.290729,0.0846,0.024601,-0.709369,0.282,0.001,0.01,0.28208,0.0796,0.022446,-0.662833,66.84239688488923,0.001,0.0028199999999999996,1.0,945.6264775413713
25,38,2.972453,0.657362,,,,,,,,,,,,,,,,,,,,
26,38,2.491631,0.534205,,,,,,,,,,,,,,,,,,,,
27,38,2.331482,0.493184,,,,,,,,,,,,,,,,,,,,
28,38,2.480779,0.531425,,,,,,,,,,,,,,,,,,,,
29,38,2.330856,0.493024,,,,,,,,,,,,,,,,,,,,
30,38,2.153074,0.447487,,,,,,,,,,,,,,,,,,,,
31,38,1.922005,0.388302,,,,,,,,,,,,,,,,,,,,
32,38,2.117728,0.438434,,,,,,,,,,,,,,,,,,,,
33,38,2.251906,0.472802,,,,,,,,,,,,,,,,,,,,
34,38,2.359288,0.500307,,,,,,,,,,,,,,,,,,,,
35,38,2.284331,0.481107,0.002442,0.19893289783524756,82.64310191904848,0.25336826546736413,0.293407,0.0861,0.025293,-1.106708,0.282,0.001,0.01,0.28208,0.0796,0.022446,-0.662833,66.84239688488923,0.001,0.0028199999999999996,1.0,945.6264775413713
36,38,2.286009,0.481537,,,,,,,,,,,,,,,,,,,,
37,38,2.122313,0.439608,0.002112,0.17205007380345735,85.04405896002682,0.2944222121842559,0.290158,0.0842,0.024451,-1.561991,0.282,0.001,0.01,0.28208,0.0796,0.022446,-0.662833,66.84239688488923,0.001,0.0028199999999999996,1.0,945.6264775413713
38,38,2.124917,0.440275,,,,,,,,,,,,,,,,,,,,
39,38,2.094732,0.432544,,,,,,,,,,,,,,,,,,,,
40,38,2.118171,0.438547,0.001321,0.10761275923028747,74.77123578665524,0.20217373346078027,0.289294,0.0837,0.024246,-1.168357,0.282,0.001,0.01,0.28208,0.0796,0.022446,-0.662833,66.84239688488923,0.001,0.0028199999999999996,1.0,945.6264775413713
41,38,2.111144,0.436747,0.002066,0.16830277105963204,86.03115991353467,0.1996774035688187,0.288004,0.083,0.02392,-0.566567,0.286,0.001,0.01,0.286081,0.0818,0.023414,-0.559748,65.90753818719845,0.001,0.0028599999999999997,1.0,932.4009324009326
42,38,2.022117,0.413944,0.000966,0.07869335762033133,72.1029455025581,0.1367509512038234,0.288925,0.0835,0.024165,-0.75375,0.282,0.001,0.01,0.28208,0.0796,0.022446,-0.662833,66.84239688488923,0.001,0.0028199999999999996,1.0,945.6264775413713
43,38,2.0598,0.423596,0.001949,0.15877158799381552,89.19345858603276,0.1742513193011832,0.287992,0.083,0.02392,-0.780396,0.282,0.001,0.01,0.28208,0.0796,0.022446,-0.662833,66.84239688488923,0.001,0.0028199999999999996,1.0,945.6264775413713
44,38,1.903158,0.383474,0.001787,0.1455745652873003,91.49475369072314,0.17536024202412648,0.289553,0.0839,0.024307,-0.811655,0.282,0.001,0.01,0.28208,0.0796,0.022446,-0.662833,66.84239688488923,0.001,0.0028199999999999996,1.0,945.6264775413713
45,38,1.496948,0.279428,0.000461,0.03755449054137965,69.12986467310341,0.09919027378533496,0.288709,0.0834,0.024098,-1.398476,0.282,0.001,0.01,0.28208,0.0796,0.022446,-0.662833,66.84239688488923,0.001,0.0028199999999999996,1.0,945.6264775413713
46,38,1.274827,0.222534,0.001061,0.08643235241736186,89.42509983171757,0.10196545953743874,0.292424,0.0856,0.025043,-0.634681,0.299,0.001,0.0159183673469387,0.299098,0.0895,0.026758,-0.633265,63.04199304862462,0.001,0.004759591836734671,1.0,560.2721321784893
47,38,1.314678,0.232742,0.0025,0.2036577578165925,95.87018652843885,0.16372409832727564,0.291276,0.0849,0.024751,-0.185819,0.292,0.001,0.0277551020408163,0.292136,0.0853,0.024933,-0.190204,64.55327370389986,0.001,0.008104489795918358,1.0,329.0357238785929
48,38,1.223271,0.209329,0.000404,0.03291109366316135,74.07325629741798,0.08118743456317434,0.288709,0.0834,0.024106,-0.290567,0.29,0.001,0.0159183673469387,0.290073,0.0841,0.024408,-0.280966,64.99846869496125,0.001,0.004616326530612222,1.0,577.6598880047184
49,38,1.184778,0.19947,0.001774,0.14451554494665403,94.2329738497203,0.13020197277875611,0.291459,0.085,0.024793,-0.765854,0.282,0.001,0.01,0.28208,0.0796,0.022446,-0.662833,66.84239688488923,0.001,0.0028199999999999996,1.0,945.6264775413713
50,38,1.242551,0.214268,0.00239,0.19469681647266243,95.21476489299157,0.16760582035620686,0.2917,0.0851,0.024856,-0.57246,0.286,0.001,0.0159183673469387,0.286103,0.0819,0.02342,-0.576313,65.90753818719845,0.001,0.004552653061224468,1.0,585.7390472775116
51,38,1.279739,0.223793,,,,,,,,,,,,,,,,,,,,
52,38,1.305392,0.230363,0.002822,0.2298888770233696,93.80179439503985,0.21704337837653376,0.290318,0.0843,0.024497,-0.555197,0.286,0.001,0.01,0.286081,0.0818,0.023414,-0.559748,65.90753818719845,0.001,0.0028599999999999997,1.0,932.4009324009326
53,38,1.222728,0.20919,0.001774,0.14451554494665403,92.84945902755302,0.19763690833633096,0.291618,0.0851,0.024824,-0.705039,0.282,0.001,0.01,0.28208,0.0796,0.022446,-0.662833,66.84239688488923,0.001,0.0028199999999999996,1.0,945.6264775413713
54,38,1.278525,0.223482,0.003462,0.28202526302441727,96.78395116281166,0.3478212022858632,0.291777,0.0852,0.024863,-0.536818,0.286,0.001,0.0336734693877551,0.286224,0.0819,0.023449,-0.536849,65.90753818719845,0.001,0.009630612244897958,1.0,276.8948223493678
55,38,1.326063,0.235658,0.002914,0.2373834825110202,93.68445662676878,0.3534536195450556,0.291389,0.0849,0.024758,-0.831972,0.282,0.001,0.01,0.28208,0.0796,0.022446,-0.662833,66.84239688488923,0.001,0.0028199999999999996,1.0,945.6264775413713
56,38,1.290347,0.22651,0.007163,0.5835202076961008,98.20050123986933,0.5862136213089868,0.291856,0.0852,0.024887,-0.238599,0.29,0.001,0.01,0.290047,0.0841,0.024402,-0.250628,64.99846869496125,0.001,0.0029,1.0,919.5402298850574
57,38,1.341709,0.239666,0.005648,0.4601036064592458,98.34964239830326,0.5477378184276053,0.291682,0.0851,0.024836,-0.240918,0.29,0.001,0.01,0.290047,0.0841,0.024402,-0.250628,64.99846869496125,0.001,0.0029,1.0,919.5402298850574
58,38,1.313208,0.232366,0.003797,0.3093154025718407,94.47606857661766,0.44613631759993566,0.29224,0.0854,0.024973,-0.563073,0.286,0.001,0.01,0.286081,0.0818,0.023414,-0.559748,65.90753818719845,0.001,0.0028599999999999997,1.0,932.4009324009326
0,39,0.41753,0.002948,,,,,,,,,,,,,,,,,,,,
1,39,0.421553,0.003978,,,,,,,,,,,,,,,,,,,,
2,39,0.42666,0.005286,,,,,,,,,,,,,,,,,,,,
3,39,0.423288,0.004423,,,,,,,,,,,,,,,,,,,,
4,39,0.429164,0.005928,,,,,,,,,,,,,,,,,,,,
5,39,0.448734,0.010941,,,,,,,,,,,,,,,,,,,,
6,39,0.467653,0.015786,,,,,,,,,,,,,,,,,,,,
7,39,0.735577,0.084412,0.000528,0.04301251845086434,78.81516408825686,0.06059973812425745,0.285754,0.0817,0.023357,0.136962,0.284,0.00475,0.0987755102040816,0.285294,0.0814,0.023243,0.136821,66.37167578006606,0.00475,0.02805224489795917,1.0,95.06072246149076
8,39,1.614907,0.309642,,,,,,,,,,,,,,,,,,,,
9,39,2.476191,0.53025,,,,,,,,,,,,,,,,,,,,
10,39,2.684467,0.583597,,,,,,,,,,,,,,,,,,,,
11,39,2.891814,0.636707,,,,,,,,,,,,,,,,,,,,
12,39,2.920382,0.644024,0.002068,0.1684656972658853,86.59656312649062,0.25589419432784277,0.289122,0.0836,0.0242,-1.105791,0.282,0.001,0.01,0.28208,0.0796,0.022446,-0.662833,66.84239688488923,0.001,0.0028199999999999996,1.0,945.6264775413713
13,39,3.216622,0.719903,,,,,,,,,,,,,,,,,,,,
14,39,3.560268,0.807923,,,,,,,,,,,,,,,,,,,,
15,39,3.542744,0.803435,,,,,,,,,,,,,,,,,,,,
16,39,3.608985,0.820402,,,,,,,,,,,,,,,,,,,,
17,39,3.544027,0.803763,,,,,,,,,,,,,,,,,,,,
18,39,3.462438,0.782865,,,,,,,,,,,,,,,,,,,,
19,39,3.347955,0.753542,,,,,,,,,,,,,,,,,,,,
20,39,3.248511,0.728071,,,,,,,,,,,,,,,,,,,,
21,39,3.105446,0.691426,,,,,,,,,,,,,,,,,,,,
22,39,3.041007,0.674921,,,,,,,,,,,,,,,,,,,,
23,39,3.004883,0.665668,,,,,,,,,,,,,,,,,,,,
24,39,3.108959,0.692326,,,,,,,,,,,,,,,,,,,,
25,39,2.895695,0.637701,0.004448,0.36234788270728135,91.05196540066252,0.5162997048855269,0.28909,0.0836,0.024182,-1.265387,0.282,0.001,0.01,0.28208,0.0796,0.022446,-0.662833,66.84239688488923,0.001,0.0028199999999999996,1.0,945.6264775413713
26,39,2.380077,0.505631,,,,,,,,,,,,,,,,,,,,
27,39,2.243933,0.47076,,,,,,,,,,,,,,,,,,,,
28,39,2.371897,0.503536,,,,,,,,,,,,,,,,,,,,
29,39,2.448108,0.523057,,,,,,,,,,,,,,,,,,,,
30,39,2.23186,0.467667,0.002045,0.16659204589397267,89.33241415391863,0.21768742832250032,0.289237,0.0837,0.024231,-0.865916,0.282,0.001,0.01,0.28208,0.0796,0.022446,-0.662833,66.84239688488923,0.001,0.0028199999999999996,1.0,945.6264775413713
31,39,2.02738,0.415292,,,,,,,,,,,,,,,,,,,,
32,39,2.18925,0.456753,,,,,,,,,,,,,,,,,,,,
33,39,2.37976,0.50555,0.003301,0.2689097034210287,94.34420159560813,0.2642222175020712,0.291628,0.0851,0.024846,-0.941236,0.282,0.001,0.01,0.28208,0.0796,0.022446,-0.662833,66.84239688488923,0.001,0.0028199999999999996,1.0,945.6264775413713
34,39,2.495493,0.535194,0.004602,0.3748932005887835,93.93631670334781,0.35825103258708646,0.28926,0.0837,0.024235,-0.50146,0.297,0.001,0.0159183673469387,0.297081,0.0883,0.02622,-0.503788,63.466518254339256,0.001,0.0047277551020407935,1.0,564.0450084894557
35,39,2.226484,0.46629,,,,,,,,,,,,,,,,,,,,
36,39,2.173896,0.452821,,,,,,,,,,,,,,,,,,,,
37,39,2.007353,0.410162,,,,,,,,,,,,,,,,,,,,
38,39,2.053146,0.421892,0.002546,0.2074050605604178,90.79446204366148,0.24338234697216254,0.292252,0.0855,0.025003,-0.990978,0.282,0.001,0.01,0.28208,0.0796,0.022446,-0.662833,66.84239688488923,0.001,0.0028199999999999996,1.0,945.6264775413713
39,39,2.063509,0.424546,0.002027,0.16512571003769322,90.60627757874938,0.1761081486620375,0.290994,0.0847,0.024684,-0.936081,0.282,0.001,0.01,0.28208,0.0796,0.022446,-0.662833,66.84239688488923,0.001,0.0028199999999999996,1.0,945.6264775413713
40,39,2.117902,0.438478,0.00249,0.20284312678532612,87.6490115080966,0.26477173128945086,0.291862,0.0852,0.024894,-0.751638,0.282,0.001,0.01,0.28208,0.0796,0.022446,-0.662833,66.84239688488923,0.001,0.0028199999999999996,1.0,945.6264775413713
41,39,2.103878,0.434886,,,,,,,,,,,,,,,,,,,,
42,39,2.069419,0.42606,,,,,,,,,,,,,,,,,,,,
43,39,2.064804,0.424878,0.00212,0.17270177862847044,86.55332257144488,0.21228749891362098,0.288877,0.0835,0.024138,-0.539051,0.286,0.001,0.0336734693877551,0.286224,0.0819,0.023449,-0.536849,65.90753818719845,0.001,0.009630612244897958,1.0,276.8948223493678
44,39,1.895039,0.381395,0.002886,0.2351025156234744,94.77784489967569,0.1991643162387886,0.291837,0.0852,0.024898,-0.627279,0.299,0.001,0.0159183673469387,0.299098,0.0895,0.026758,-0.633265,63.04199304862462,0.001,0.004759591836734671,1.0,560.2721321784893
45,39,1.493449,0.278532,7.9e-05,0.0064355851470043225,54.10580781358472,0.05959442549102545,0.28804,0.083,0.02395,-0.80356,0.282,0.001,0.01,0.28208,0.0796,0.022446,-0.662833,66.84239688488923,0.001,0.0028199999999999996,1.0,945.6264775413713
46,39,1.236193,0.212639,0.001475,0.12015807711178957,93.43168752233282,0.12162862089920312,0.291439,0.085,0.024796,-0.583413,0.286,0.001,0.0277551020408163,0.286176,0.0819,0.023438,-0.583495,65.90753818719845,0.001,0.007937959183673461,1.0,335.9385712326892
47,39,1.178957,0.197979,0.001697,0.13824288600590298,91.0950565531157,0.10668896586251075,0.289304,0.0837,0.024255,-0.041139,0.286,0.001,0.0514285714285714,0.286422,0.082,0.023498,-0.037384,65.90753818719845,0.001,0.01470857142857142,1.0,181.3001813001814
48,39,1.126061,0.18443,0.001429,0.11641077436796426,91.9626963761858,0.12173493896551302,0.28926,0.0837,0.024237,-0.433972,0.286,0.001,0.0395918367346938,0.28628,0.082,0.023463,-0.43265,65.90753818719845,0.001,0.011323265306122425,1.0,235.50332828683395
49,39,1.200217,0.203424,0.000601,0.048959324979108834,88.90321071528932,0.06077610126641941,0.288986,0.0836,0.024179,-0.572025,0.286,0.001,0.0159183673469387,0.286103,0.0819,0.02342,-0.576313,65.90753818719845,0.001,0.004552653061224468,1.0,585.7390472775116
50,39,1.263018,0.21951,0.002291,0.18663196926312536,95.31759445184615,0.1327059399342081,0.290635,0.0845,0.024593,-0.046445,0.293,0.001,0.01,0.293016,0.0859,0.025159,-0.045202,64.33295536361352,0.001,0.00293,1.0,910.1251422070534
51,39,1.270029,0.221306,,,,,,,,,,,,,,,,,,,,
52,39,1.303357,0.229842,0.001798,0.14647065942169332,94.08676116397646,0.15708369521854082,0.290444,0.0844,0.024532,-0.901829,0.282,0.001,0.01,0.28208,0.0796,0.022446,-0.662833,66.84239688488923,0.001,0.0028199999999999996,1.0,945.6264775413713
53,39,1.220676,0.208664,0.00169,0.13767264428401654,93.20880074025489,0.14157016501446318,0.293453,0.0862,0.025307,-0.500709,0.297,0.001,0.0159183673469387,0.297081,0.0883,0.02622,-0.503788,63.466518254339256,0.001,0.0047277551020407935,1.0,564.0450084894557
54,39,1.215221,0.207267,0.004779,0.38931216984219824,97.49362910826162,0.3607425466341201,0.291871,0.0852,0.024895,-0.133805,0.292,0.001,0.0455102040816326,0.292334,0.0855,0.024984,-0.135857,64.55327370389986,0.001,0.01328897959183672,1.0,200.6675266703526
55,39,1.283594,0.22478,0.004995,0.40690820011755185,98.19362038854952,0.44671123195208984,0.291695,0.0851,0.024843,-0.143755,0.292,0.001,0.0218367346938775,0.292087,0.0853,0.02492,-0.144198,64.55327370389986,0.001,0.006376326530612229,1.0,418.21363035036165
56,39,1.315282,0.232897,0.004126,0.3361167635005043,96.98901498133739,0.4493203418243835,0.292174,0.0854,0.02496,-0.837509,0.282,0.001,0.01,0.28208,0.0796,0.022446,-0.662833,66.84239688488923,0.001,0.0028199999999999996,1.0,945.6264775413713
57,39,1.384817,0.250707,0.00536,0.43664223275877434,95.7908200575511,0.5505451504310773,0.292426,0.0855,0.025027,-0.246546,0.29,0.001,0.01,0.290047,0.0841,0.024402,-0.250628,64.99846869496125,0.001,0.0029,1.0,919.5402298850574
58,39,1.293989,0.227443,0.006384,0.5200604503604506,98.34848984005025,0.5510853721330983,0.291896,0.0852,0.024895,-0.25984,0.286,0.001,0.0455102040816326,0.286346,0.082,0.02348,-0.264695,65.90753818719845,0.001,0.013015918367346923,1.0,204.87733492217822
0,40,0.411841,0.001491,,,,,,,,,,,,,,,,,,,,
1,40,0.42048,0.003704,,,,,,,,,,,,,,,,,,,,
2,40,0.439202,0.008499,,,,,,,,,,,,,,,,,,,,
3,40,0.444286,0.009801,,,,,,,,,,,,,,,,,,,,
4,40,0.437335,0.008021,,,,,,,,,,,,,,,,,,,,
5,40,0.450475,0.011386,,,,,,,,,,,,,,,,,,,,
6,40,0.460198,0.013877,,,,,,,,,,,,,,,,,,,,
7,40,0.58024,0.044624,,,,,,,,,,,,,,,,,,,,
8,40,1.33908,0.238992,,,,,,,,,,,,,,,,,,,,
9,40,2.225885,0.466137,,,,,,,,,,,,,,,,,,,,
10,40,2.545822,0.548085,,,,,,,,,,,,,,,,,,,,
11,40,2.862372,0.629166,,,,,,,,,,,,,,,,,,,,
12,40,3.139506,0.70015,,,,,,,,,,,,,,,,,,,,
13,40,3.213792,0.719178,,,,,,,,,,,,,,,,,,,,
14,40,3.326123,0.74795,,,,,,,,,,,,,,,,,,,,
15,40,3.283626,0.737065,,,,,,,,,,,,,,,,,,,,
16,40,3.292412,0.739315,0.007624,0.6210746982374804,94.56391322555132,0.9174735179457074,0.289509,0.0838,0.024282,-0.903587,0.282,0.001,0.01,0.28208,0.0796,0.022446,-0.662833,66.84239688488923,0.001,0.0028199999999999996,1.0,945.6264775413713
17,40,3.315572,0.745247,0.006868,0.5594885922737429,94.8755453621409,0.9025890524151663,0.28963,0.0839,0.024309,-1.270238,0.282,0.001,0.01,0.28208,0.0796,0.022446,-0.662833,66.84239688488923,0.001,0.0028199999999999996,1.0,945.6264775413713
18,40,3.307674,0.743225,0.006684,0.5444993812984417,96.07195064214044,0.8597736746513136,0.289683,0.0839,0.024327,-1.455067,0.282,0.001,0.01,0.28208,0.0796,0.022446,-0.662833,66.84239688488923,0.001,0.0028199999999999996,1.0,945.6264775413713
19,40,3.295781,0.740178,0.006253,0.5093887838508612,93.18718323811322,0.696226823090393,0.288838,0.0834,0.024115,-0.688192,0.282,0.001,0.01,0.28208,0.0796,0.022446,-0.662833,66.84239688488923,0.001,0.0028199999999999996,1.0,945.6264775413713
20,40,3.189882,0.713053,,,,,,,,,,,,,,,,,,,,
21,40,3.11957,0.695044,,,,,,,,,,,,,,,,,,,,
22,40,3.174409,0.70909,0.003645,0.29693301089659185,88.81104372631083,0.44172696708722103,0.289454,0.0838,0.024276,-1.080026,0.282,0.001,0.01,0.28208,0.0796,0.022446,-0.662833,66.84239688488923,0.001,0.0028199999999999996,1.0,945.6264775413713
23,40,3.22218,0.721326,,,,,,,,,,,,,,,,,,,,
24,40,3.056671,0.678933,,,,,,,,,,,,,,,,,,,,
25,40,2.769974,0.605499,0.004929,0.4015316353111938,95.14730341571473,0.46576724575281414,0.291302,0.0849,0.024749,-0.503391,0.297,0.001,0.0159183673469387,0.297081,0.0883,0.02622,-0.503788,63.466518254339256,0.001,0.0047277551020407935,1.0,564.0450084894557
26,40,2.298096,0.484633,,,,,,,,,,,,,,,,,,,,
27,40,2.100773,0.434091,0.002296,0.18703928477875853,90.27605350953263,0.21342555681373554,0.289178,0.0837,0.024215,-0.541261,0.286,0.001,0.0336734693877551,0.286224,0.0819,0.023449,-0.536849,65.90753818719845,0.001,0.009630612244897958,1.0,276.8948223493678
28,40,2.242159,0.470305,0.002266,0.18459539168495942,92.54005128691404,0.22932478026408543,0.290863,0.0846,0.02464,-1.307795,0.282,0.001,0.01,0.28208,0.0796,0.022446,-0.662833,66.84239688488923,0.001,0.0028199999999999996,1.0,945.6264775413713
29,40,2.329451,0.492664,0.002686,0.218809894998147,91.91963369064139,0.2718874026273339,0.291608,0.0851,0.024823,-0.963087,0.282,0.001,0.01,0.28208,0.0796,0.022446,-0.662833,66.84239688488923,0.001,0.0028199999999999996,1.0,945.6264775413713
30,40,2.037475,0.417878,,,,,,,,,,,,,,,,,,,,
31,40,1.930241,0.390411,,,,,,,,,,,,,,,,,,,,
32,40,2.145713,0.445602,,,,,,,,,,,,,,,,,,,,
33,40,2.231154,0.467487,0.003357,0.27347163719612044,92.3254495667622,0.32799348837405873,0.292263,0.0855,0.024999,-0.904923,0.282,0.001,0.01,0.28208,0.0796,0.022446,-0.662833,66.84239688488923,0.001,0.0028199999999999996,1.0,945.6264775413713
34,40,2.341408,0.495727,,,,,,,,,,,,,,,,,,,,
35,40,2.207884,0.461526,0.002633,0.2144923505324352,90.02781232778028,0.2818807387739284,0.291729,0.0851,0.024857,-1.065816,0.282,0.001,0.01,0.28208,0.0796,0.022446,-0.662833,66.84239688488923,0.001,0.0028199999999999996,1.0,945.6264775413713
36,40,2.0999,0.433867,,,,,,,,,,,,,,,,,,,,
37,40,1.993945,0.406728,,,,,,,,,,,,,,,,,,,,
38,40,2.073734,0.427165,,,,,,,,,,,,,,,,,,,,
39,40,2.095776,0.432811,0.002077,0.16919886519402502,90.76013241147005,0.23637748317713747,0.288441,0.0832,0.024025,-0.853587,0.282,0.001,0.01,0.28208,0.0796,0.022446,-0.662833,66.84239688488923,0.001,0.0028199999999999996,1.0,945.6264775413713
40,40,2.066216,0.42524,0.001525,0.12423123226812142,84.15808629753454,0.1620543583055687,0.289371,0.0838,0.024269,-0.911266,0.282,0.001,0.01,0.28208,0.0796,0.022446,-0.662833,66.84239688488923,0.001,0.0028199999999999996,1.0,945.6264775413713
41,40,2.084719,0.429979,0.002558,0.20838261779793743,85.30568270007774,0.2874760717545257,0.289767,0.084,0.024361,-1.00954,0.282,0.001,0.01,0.28208,0.0796,0.022446,-0.662833,66.84239688488923,0.001,0.0028199999999999996,1.0,945.6264775413713
42,40,2.08773,0.43075,,,,,,,,,,,,,,,,,,,,
43,40,2.078807,0.428465,,,,,,,,,,,,,,,,,,,,
44,40,1.825159,0.363496,0.001171,0.09539329376129192,84.35383914727545,0.10767328138582433,0.291081,0.0848,0.0247,-1.104835,0.282,0.001,0.01,0.28208,0.0796,0.022446,-0.662833,66.84239688488923,0.001,0.0028199999999999996,1.0,945.6264775413713
45,40,1.428403,0.261871,,,,,,,,,,,,,,,,,,,,
46,40,1.204202,0.204445,0.002111,0.1719686107003307,94.4377518104578,0.1588959215186504,0.289472,0.0838,0.024288,-0.418838,0.288,0.001,0.01,0.288068,0.083,0.023906,-0.420267,65.44984694978736,0.001,0.0028799999999999997,1.0,925.9259259259259
47,40,1.084734,0.173844,0.002062,0.1679769186471255,93.82028998022399,0.13941540537986263,0.289603,0.0839,0.024322,-0.352426,0.29,0.001,0.0277551020408163,0.290156,0.0842,0.024429,-0.353149,64.99846869496125,0.001,0.008048979591836727,1.0,331.3049357674107
48,40,1.082516,0.173276,0.000867,0.07062851041079428,88.59343582707999,0.07677068631817541,0.289931,0.0841,0.024401,-0.701437,0.282,0.001,0.01,0.28208,0.0796,0.022446,-0.662833,66.84239688488923,0.001,0.0028199999999999996,1.0,945.6264775413713
49,40,1.198696,0.203035,0.001114,0.09074989688307361,87.85617890146676,0.08467768718669,0.287501,0.0827,0.023796,-0.089642,0.295,0.001,0.0277551020408163,0.295121,0.0871,0.025705,-0.084105,63.8967997340297,0.001,0.008187755102040808,1.0,325.68959787304783
50,40,1.20604,0.204915,0.001285,0.10468008751772853,86.7731640134459,0.10455839796316013,0.289173,0.0837,0.024216,-0.327963,0.29,0.001,0.0395918367346938,0.290273,0.0843,0.024459,-0.32442,64.99846869496125,0.001,0.011481632653061201,1.0,232.25500651736036
51,40,1.232608,0.211721,0.001693,0.13791703359339644,93.30512879199834,0.11088491839048609,0.288933,0.0835,0.024155,-0.385436,0.284,0.001,0.0395918367346938,0.284272,0.0808,0.022973,-0.393613,66.37167578006606,0.001,0.011244081632653037,1.0,237.16180242969895
52,40,1.302923,0.229731,0.002098,0.17090959035968442,94.02308718805445,0.1604944973452187,0.290694,0.0845,0.024593,-0.693681,0.282,0.001,0.01,0.28208,0.0796,0.022446,-0.662833,66.84239688488923,0.001,0.0028199999999999996,1.0,945.6264775413713
53,40,1.167525,0.195051,0.002364,0.1925787757913699,93.18291194094843,0.17945276899245732,0.290843,0.0846,0.02464,-0.183866,0.292,0.001,0.0277551020408163,0.292136,0.0853,0.024933,-0.190204,64.55327370389986,0.001,0.008104489795918358,1.0,329.0357238785929
54,40,1.179331,0.198075,0.003849,0.3135514839344258,96.61808529773111,0.3379863658119535,0.291798,0.0852,0.024874,-0.146394,0.292,0.001,0.0218367346938775,0.292087,0.0853,0.02492,-0.144198,64.55327370389986,0.001,0.006376326530612229,1.0,418.21363035036165
55,40,1.286017,0.225401,0.004971,0.4049530856425125,97.60996319448539,0.42062476772110813,0.292295,0.0855,0.025,-0.120086,0.301,0.001,0.0455102040816326,0.30135,0.0908,0.027367,-0.120926,62.62310937388292,0.001,0.013698571428571412,1.0,194.6675009559567
56,40,1.278524,0.223482,0.004682,0.38141024883891445,97.67905617625743,0.4418470003783499,0.29188,0.0852,0.02489,-0.537433,0.286,0.001,0.0336734693877551,0.286224,0.0819,0.023449,-0.536849,65.90753818719845,0.001,0.009630612244897958,1.0,276.8948223493678
57,40,1.295083,0.227723,0.005079,0.41375110078018934,97.37325319135381,0.4972986372887195,0.291498,0.085,0.024792,-0.358916,0.29,0.001,0.0336734693877551,0.290211,0.0842,0.024443,-0.362406,64.99846869496125,0.001,0.00976530612244898,1.0,273.075583420411
58,40,1.216377,0.207563,0.006341,0.5165575369260053,98.43634549013014,0.5454583896319866,0.292075,0.0853,0.024939,-0.293743,0.29,0.001,0.0159183673469387,0.290073,0.0841,0.024408,-0.280966,64.99846869496125,0.001,0.004616326530612222,1.0,577.6598880047184
0,41,0.411283,0.001348,,,,,,,,,,,,,,,,,,,,
1,41,0.413771,0.001985,,,,,,,,,,,,,,,,,,,,
2,41,0.423997,0.004605,,,,,,,,,,,,,,,,,,,,
3,41,0.447545,0.010636,,,,,,,,,,,,,,,,,,,,
4,41,0.450312,0.011345,,,,,,,,,,,,,,,,,,,,
5,41,0.439686,0.008623,,,,,,,,,,,,,,,,,,,,
6,41,0.448265,0.01082,,,,,,,,,,,,,,,,,,,,
7,41,0.491641,0.021931,,,,,,,,,,,,,,,,,,,,
8,41,1.057217,0.166796,0.00029,0.023624299906724728,70.50035753359278,0.042381102384251745,0.284519,0.081,0.023058,0.495684,0.281,0.00925,0.1875510204081632,0.285495,0.0816,0.023379,0.495536,67.08027018341195,0.00925,0.05270183673469387,1.0,50.59912200196976
9,41,2.132879,0.442315,,,,,,,,,,,,,,,,,,,,
10,41,2.690506,0.585144,0.000248,0.020202849575405975,62.242059221557504,0.05703847437857368,0.284311,0.0809,0.023063,0.790089,0.279,0.0085,0.2053061224489795,0.284416,0.081,0.02312,0.789179,67.56113233526436,0.0085,0.05728040816326529,1.0,46.55460308638018
11,41,3.026712,0.671259,,,,,,,,,,,,,,,,,,,,
12,41,3.228527,0.722952,,,,,,,,,,,,,,,,,,,,
13,41,3.249975,0.728446,0.005145,0.41912766558654735,91.42127592527797,0.6841809946627766,0.289429,0.0838,0.024264,-1.290544,0.282,0.001,0.01,0.28208,0.0796,0.022446,-0.662833,66.84239688488923,0.001,0.0028199999999999996,1.0,945.6264775413713
14,41,3.322633,0.747056,,,,,,,,,,,,,,,,,,,,
15,41,3.21427,0.7193,,,,,,,,,,,,,,,,,,,,
16,41,3.049384,0.677067,0.007708,0.6279175989001179,97.02661887032299,0.8566187936340457,0.289306,0.0837,0.024232,-0.543963,0.286,0.001,0.0336734693877551,0.286224,0.0819,0.023449,-0.536849,65.90753818719845,0.001,0.009630612244897958,1.0,276.8948223493678
17,41,3.239453,0.725751,,,,,,,,,,,,,,,,,,,,
18,41,3.166314,0.707017,,,,,,,,,,,,,,,,,,,,
19,41,3.189542,0.712966,,,,,,,,,,,,,,,,,,,,
20,41,3.217001,0.72,0.004015,0.32707435905344756,92.69311597243076,0.42531959975267597,0.289719,0.084,0.024344,-0.477231,0.288,0.001,0.0336734693877551,0.288221,0.0831,0.023944,-0.474252,65.44984694978736,0.001,0.00969795918367347,1.0,274.9719416386083
21,41,3.030885,0.672328,,,,,,,,,,,,,,,,,,,,
22,41,3.133875,0.698708,,,,,,,,,,,,,,,,,,,,
23,41,3.176706,0.709679,,,,,,,,,,,,,,,,,,,,
24,41,2.916171,0.642946,,,,,,,,,,,,,,,,,,,,
25,41,2.701032,0.58784,,,,,,,,,,,,,,,,,,,,
26,41,2.402013,0.51125,0.000964,0.07853043141407806,70.3786979266669,0.21566160051477912,0.288755,0.0834,0.024102,-1.367095,0.282,0.001,0.01,0.28208,0.0796,0.022446,-0.662833,66.84239688488923,0.001,0.0028199999999999996,1.0,945.6264775413713
27,41,2.137737,0.443559,,,,,,,,,,,,,,,,,,,,
28,41,2.119821,0.43897,,,,,,,,,,,,,,,,,,,,
29,41,2.109659,0.436367,,,,,,,,,,,,,,,,,,,,
30,41,1.918542,0.387415,,,,,,,,,,,,,,,,,,,,
31,41,1.849005,0.369604,0.001311,0.10679812819902111,76.74527066710523,0.1546490837808827,0.287496,0.0827,0.023789,-0.432967,0.286,0.001,0.0395918367346938,0.28628,0.082,0.023463,-0.43265,65.90753818719845,0.001,0.011323265306122425,1.0,235.50332828683395
32,41,1.98436,0.404273,,,,,,,,,,,,,,,,,,,,
33,41,2.111568,0.436856,,,,,,,,,,,,,,,,,,,,
34,41,2.209454,0.461928,,,,,,,,,,,,,,,,,,,,
35,41,2.30581,0.486609,,,,,,,,,,,,,,,,,,,,
36,41,2.130172,0.441621,,,,,,,,,,,,,,,,,,,,
37,41,1.994343,0.40683,0.001954,0.1591789035094487,83.52141742760709,0.2208278305516873,0.288514,0.0833,0.02405,-0.834546,0.282,0.001,0.01,0.28208,0.0796,0.022446,-0.662833,66.84239688488923,0.001,0.0028199999999999996,1.0,945.6264775413713
38,41,2.123589,0.439935,,,,,,,,,,,,,,,,,,,,
39,41,2.105189,0.435222,0.002611,0.2127001622636492,92.83962258260449,0.28052604739851494,0.291335,0.0849,0.024756,-0.707033,0.282,0.001,0.01,0.28208,0.0796,0.022446,-0.662833,66.84239688488923,0.001,0.0028199999999999996,1.0,945.6264775413713
40,41,2.044174,0.419594,,,,,,,,,,,,,,,,,,,,
41,41,1.987162,0.404991,,,,,,,,,,,,,,,,,,,,
42,41,1.945696,0.39437,,,,,,,,,,,,,,,,,,,,
43,41,2.027305,0.415273,0.001186,0.09661524030819148,86.84455751257619,0.1253663091571522,0.288641,0.0834,0.024094,-0.771333,0.282,0.001,0.01,0.28208,0.0796,0.022446,-0.662833,66.84239688488923,0.001,0.0028199999999999996,1.0,945.6264775413713
44,41,1.84716,0.369131,,,,,,,,,,,,,,,,,,,,
45,41,1.441708,0.265279,,,,,,,,,,,,,,,,,,,,
46,41,1.20036,0.203461,0.001933,0.15746817834378932,94.2619269654593,0.13996746245692526,0.288837,0.0835,0.02413,-0.059587,0.294,0.001,0.0336734693877551,0.294173,0.0865,0.025458,-0.0583,64.1141357875468,0.001,0.009899999999999999,1.0,269.3602693602694
47,41,1.067158,0.169343,,,,,,,,,,,,,,,,,,,,
48,41,1.043784,0.163356,0.00185,0.15070674078427845,94.37835267354167,0.10948459686819978,0.29132,0.0849,0.024768,-0.309984,0.29,0.001,0.0218367346938775,0.29011,0.0842,0.024418,-0.319376,64.99846869496125,0.001,0.006332653061224475,1.0,421.09786228381233
49,41,1.141701,0.188436,0.002353,0.19168268165697686,95.84056236385415,0.19920816532619157,0.291288,0.0849,0.024744,-0.43134,0.286,0.001,0.0395918367346938,0.28628,0.082,0.023463,-0.43265,65.90753818719845,0.001,0.011323265306122425,1.0,235.50332828683395
50,41,1.176533,0.197358,0.001231,0.10028107994889016,89.64337509148011,0.13020346477619582,0.291287,0.0849,0.024739,-1.404437,0.282,0.001,0.01,0.28208,0.0796,0.022446,-0.662833,66.84239688488923,0.001,0.0028199999999999996,1.0,945.6264775413713
51,41,1.216353,0.207557,0.000454,0.03698424881949319,71.55702271381526,0.0829548747666865,0.290264,0.0843,0.024485,-1.525727,0.282,0.001,0.01,0.28208,0.0796,0.022446,-0.662833,66.84239688488923,0.001,0.0028199999999999996,1.0,945.6264775413713
52,41,1.293972,0.227438,0.002075,0.16903593898777178,93.59138568776285,0.1967314709442216,0.291236,0.0848,0.024728,-0.7481,0.282,0.001,0.01,0.28208,0.0796,0.022446,-0.662833,66.84239688488923,0.001,0.0028199999999999996,1.0,945.6264775413713
53,41,1.190424,0.200916,0.003664,0.29848080985599795,97.66685999912173,0.27031955985671496,0.290932,0.0847,0.024659,-0.00448,0.292,0.001375,0.01,0.292009,0.0853,0.024901,-0.003829,64.55327370389986,0.001375,0.00292,1.0,913.2420091324202
54,41,1.185462,0.199645,0.002861,0.23306593804530842,96.14518209464826,0.2864165386722497,0.291308,0.0849,0.024748,-0.410394,0.288,0.001,0.0395918367346938,0.28828,0.0831,0.023959,-0.404771,65.44984694978736,0.001,0.011402448979591813,1.0,233.86788850706424
55,41,1.302555,0.229637,0.005137,0.41847596076153426,97.61977937800157,0.4280148362880486,0.291139,0.0848,0.024702,-0.34487,0.29,0.001,0.0277551020408163,0.290156,0.0842,0.024429,-0.353149,64.99846869496125,0.001,0.008048979591836727,1.0,331.3049357674107
56,41,1.350998,0.242045,0.004593,0.37416003266064374,97.75313216318943,0.465259238876955,0.292088,0.0853,0.024942,-0.251488,0.29,0.001,0.01,0.290047,0.0841,0.024402,-0.250628,64.99846869496125,0.001,0.0029,1.0,919.5402298850574
57,41,1.330255,0.236732,0.004506,0.3670727426886263,96.56068507122797,0.46801036159782394,0.292382,0.0855,0.025014,-0.534832,0.286,0.001,0.0336734693877551,0.286224,0.0819,0.023449,-0.536849,65.90753818719845,0.001,0.009630612244897958,1.0,276.8948223493678
58,41,1.22433,0.2096,0.005699,0.46425822471870426,97.66796892977375,0.5244145940027726,0.291749,0.0851,0.024854,-0.470321,0.288,0.001,0.0218367346938775,0.288127,0.083,0.02392,-0.47349,65.44984694978736,0.001,0.0062889795918367195,1.0,424.02215299411665
0,42,0.422809,0.0043,,,,,,,,,,,,,,,,,,,,
1,42,0.420843,0.003796,,,,,,,,,,,,,,,,,,,,
2,42,0.41944,0.003437,,,,,,,,,,,,,,,,,,,,
3,42,0.429412,0.005991,,,,,,,,,,,,,,,,,,,,
4,42,0.45016,0.011306,,,,,,,,,,,,,,,,,,,,
5,42,0.453272,0.012103,,,,,,,,,,,,,,,,,,,,
6,42,0.445259,0.010051,,,,,,,,,,,,,,,,,,,,
7,42,0.542098,0.034855,,,,,,,,,,,,,,,,,,,,
8,42,1.445712,0.266305,,,,,,,,,,,,,,,,,,,,
9,42,2.390411,0.508278,,,,,,,,,,,,,,,,,,,,
10,42,2.763878,0.603937,0.000114,0.009286793756436618,53.56233608412975,0.08970379290052488,0.280436,0.0787,0.022074,1.104362,0.272,0.009625,0.2526530612244897,0.279918,0.0786,0.022116,1.104378,69.29983794683366,0.009625,0.06872163265306121,1.0,38.80388989198265
11,42,2.964049,0.655209,,,,,,,,,,,,,,,,,,,,
12,42,3.107866,0.692046,,,,,,,,,,,,,,,,,,,,
13,42,3.179848,0.710483,,,,,,,,,,,,,,,,,,,,
14,42,3.301106,0.741542,,,,,,,,,,,,,,,,,,,,
15,42,3.175377,0.709338,0.007765,0.6325609957783364,96.79017531170567,0.885872571078,0.289835,0.084,0.024365,-0.209354,0.292,0.001,0.0395918367346938,0.29226,0.0854,0.024965,-0.207443,64.55327370389986,0.001,0.011560816326530589,1.0,230.664218801488
16,42,3.023467,0.670428,0.009586,0.7809053065719423,97.88603634082853,1.0549609066137853,0.290344,0.0843,0.024499,-0.115775,0.301,0.001,0.0455102040816326,0.30135,0.0908,0.027367,-0.120926,62.62310937388292,0.001,0.013698571428571412,1.0,194.6675009559567
17,42,3.150643,0.703003,,,,,,,,,,,,,,,,,,,,
18,42,3.134852,0.698958,,,,,,,,,,,,,,,,,,,,
19,42,3.217538,0.720137,,,,,,,,,,,,,,,,,,,,
20,42,3.125178,0.69648,,,,,,,,,,,,,,,,,,,,
21,42,2.93068,0.646662,0.001873,0.1525803921561911,67.40310087343387,0.29684806397113483,0.2854,0.0815,0.023284,-0.503621,0.28,0.001,0.0218367346938775,0.28011,0.0785,0.021979,-0.494033,67.31984257692413,0.001,0.006114285714285701,1.0,436.1370716510913
22,42,2.974493,0.657884,,,,,,,,,,,,,,,,,,,,
23,42,2.934084,0.647534,,,,,,,,,,,,,,,,,,,,
24,42,2.668319,0.579461,0.004572,0.37244930749498434,92.42419943643091,0.49349825451184026,0.289531,0.0839,0.02429,-0.801718,0.282,0.001,0.01,0.28208,0.0796,0.022446,-0.662833,66.84239688488923,0.001,0.0028199999999999996,1.0,945.6264775413713
25,42,2.546197,0.548181,,,,,,,,,,,,,,,,,,,,
26,42,2.348026,0.497422,,,,,,,,,,,,,,,,,,,,
27,42,2.29156,0.482959,,,,,,,,,,,,,,,,,,,,
28,42,2.179517,0.45426,0.002454,0.1999104550727672,90.93985188666836,0.20658671047608435,0.290464,0.0844,0.024539,-0.876857,0.282,0.001,0.01,0.28208,0.0796,0.022446,-0.662833,66.84239688488923,0.001,0.0028199999999999996,1.0,945.6264775413713
29,42,2.146532,0.445812,,,,,,,,,,,,,,,,,,,,
30,42,2.00968,0.410759,0.001547,0.12602342053690743,81.71904349548232,0.1893343984087914,0.289753,0.084,0.024357,-1.362631,0.282,0.001,0.01,0.28208,0.0796,0.022446,-0.662833,66.84239688488923,0.001,0.0028199999999999996,1.0,945.6264775413713
31,42,1.911351,0.385573,,,,,,,,,,,,,,,,,,,,
32,42,1.918179,0.387322,,,,,,,,,,,,,,,,,,,,
33,42,2.032146,0.416513,0.001952,0.15901597730319542,86.73303842734,0.2359339120285593,0.291329,0.0849,0.024765,-1.490302,0.282,0.001,0.01,0.28208,0.0796,0.022446,-0.662833,66.84239688488923,0.001,0.0028199999999999996,1.0,945.6264775413713
34,42,2.151952,0.4472,0.00174,0.14174579944034837,78.67134057477467,0.207278341748784,0.288679,0.0834,0.024096,-0.930178,0.282,0.001,0.01,0.28208,0.0796,0.022446,-0.662833,66.84239688488923,0.001,0.0028199999999999996,1.0,945.6264775413713
35,42,2.281344,0.480342,0.003606,0.293755949874653,94.3812032534899,0.30752063146736974,0.291989,0.0853,0.024924,-0.800865,0.282,0.001,0.01,0.28208,0.0796,0.022446,-0.662833,66.84239688488923,0.001,0.0028199999999999996,1.0,945.6264775413713
36,42,2.203935,0.460515,0.003175,0.2586453524270725,94.02488232108341,0.3057194104245555,0.290733,0.0846,0.024604,-0.838841,0.282,0.001,0.01,0.28208,0.0796,0.022446,-0.662833,66.84239688488923,0.001,0.0028199999999999996,1.0,945.6264775413713
37,42,2.079712,0.428696,0.002608,0.2124557729542693,92.52902636628326,0.24575761300419297,0.289486,0.0838,0.024296,-0.488735,0.288,0.001,0.0277551020408163,0.28817,0.083,0.023931,-0.490155,65.44984694978736,0.001,0.007993469387755093,1.0,333.6056644880178
38,42,2.118024,0.43851,0.002034,0.16569595175957963,82.77612539533648,0.23459020927552432,0.290195,0.0842,0.024466,-1.365468,0.282,0.001,0.01,0.28208,0.0796,0.022446,-0.662833,66.84239688488923,0.001,0.0028199999999999996,1.0,945.6264775413713
39,42,2.096928,0.433106,,,,,,,,,,,,,,,,,,,,
40,42,2.014196,0.411915,,,,,,,,,,,,,,,,,,,,
41,42,1.895641,0.381549,0.002085,0.16985057001903814,91.29880457726134,0.2026120466124739,0.292112,0.0854,0.024956,-1.444279,0.282,0.001,0.01,0.28208,0.0796,0.022446,-0.662833,66.84239688488923,0.001,0.0028199999999999996,1.0,945.6264775413713
42,42,1.8118,0.360074,,,,,,,,,,,,,,,,,,,,
43,42,1.907499,0.384586,0.002442,0.19893289783524756,94.87668650980973,0.23108300023163064,0.290386,0.0844,0.024526,-0.955409,0.282,0.001,0.01,0.28208,0.0796,0.022446,-0.662833,66.84239688488923,0.001,0.0028199999999999996,1.0,945.6264775413713
44,42,1.778447,0.351531,0.002127,0.17327202035035688,90.66061180457002,0.16060440192931358,0.288572,0.0833,0.024061,-0.390138,0.284,0.001,0.0395918367346938,0.284272,0.0808,0.022973,-0.393613,66.37167578006606,0.001,0.011244081632653037,1.0,237.16180242969895
45,42,1.410691,0.257335,0.001205,0.09816303926759758,88.28104253782786,0.1121058632676526,0.288085,0.083,0.02394,-0.321603,0.29,0.001,0.0218367346938775,0.29011,0.0842,0.024418,-0.319376,64.99846869496125,0.001,0.006332653061224475,1.0,421.09786228381233
46,42,1.185293,0.199601,0.000572,0.04659689498843637,78.75267777309278,0.06760966724445783,0.288923,0.0835,0.024167,-0.573836,0.286,0.001,0.0159183673469387,0.286103,0.0819,0.02342,-0.576313,65.90753818719845,0.001,0.004552653061224468,1.0,585.7390472775116
47,42,1.124521,0.184035,0.002035,0.16577741486270628,93.56497086399963,0.13998664256789317,0.291989,0.0853,0.024934,-0.095416,0.292,0.001,0.0159183673469387,0.292048,0.0853,0.02491,-0.099217,64.55327370389986,0.001,0.0046481632653061,1.0,573.7033134293436
48,42,1.05848,0.16712,0.000453,0.036902785716366564,78.49752906538842,0.05819679541680589,0.291211,0.0849,0.02474,-1.315834,0.282,0.001,0.01,0.28208,0.0796,0.022446,-0.662833,66.84239688488923,0.001,0.0028199999999999996,1.0,945.6264775413713
49,42,1.086508,0.174299,0.002111,0.1719686107003307,95.7876096716275,0.13140752500465092,0.292195,0.0854,0.02499,-0.437259,0.297,0.001,0.0218367346938775,0.297108,0.0883,0.026228,-0.437238,63.466518254339256,0.001,0.006485510204081618,1.0,411.1729968427797
50,42,1.13411,0.186491,0.001137,0.09262354825498627,93.5725587204713,0.08208066706057582,0.29113,0.0848,0.024714,-0.839043,0.282,0.001,0.01,0.28208,0.0796,0.022446,-0.662833,66.84239688488923,0.001,0.0028199999999999996,1.0,945.6264775413713
51,42,1.175807,0.197172,0.001622,0.1321331532714052,92.95693594362281,0.14781689575289048,0.290705,0.0845,0.024599,-0.753529,0.282,0.001,0.01,0.28208,0.0796,0.022446,-0.662833,66.84239688488923,0.001,0.0028199999999999996,1.0,945.6264775413713
52,42,1.209066,0.205691,0.002117,0.17245738931909052,96.53595250225143,0.1541539360267038,0.291978,0.0853,0.024927,-0.437376,0.297,0.001,0.0218367346938775,0.297108,0.0883,0.026228,-0.437238,63.466518254339256,0.001,0.006485510204081618,1.0,411.1729968427797
53,42,1.162824,0.193846,0.002371,0.1931490175132563,96.0571909424916,0.19691668623060876,0.291701,0.0851,0.024854,-0.415635,0.288,0.001,0.01,0.288068,0.083,0.023906,-0.420267,65.44984694978736,0.001,0.0028799999999999997,1.0,925.9259259259259
54,42,1.246313,0.215231,0.002665,0.2170991698324876,93.6198949784153,0.27956603789525303,0.292553,0.0856,0.025064,-0.613547,0.284,0.001,0.0277551020408163,0.284173,0.0808,0.022949,-0.611751,66.37167578006606,0.001,0.007882448979591828,1.0,338.30433581883494
55,42,1.324875,0.235354,0.004398,0.3582747275509495,97.30709852719872,0.41193587413368293,0.291514,0.085,0.024797,-0.701794,0.282,0.001,0.01,0.28208,0.0796,0.022446,-0.662833,66.84239688488923,0.001,0.0028199999999999996,1.0,945.6264775413713
56,42,1.339279,0.239043,0.005248,0.427518365208591,97.28898922363348,0.5157982002182419,0.291251,0.0849,0.024729,-0.439059,0.297,0.001,0.0218367346938775,0.297108,0.0883,0.026228,-0.437238,63.466518254339256,0.001,0.006485510204081618,1.0,411.1729968427797
57,42,1.368288,0.246473,0.005925,0.4826688860253242,98.07095600160436,0.5558899597816952,0.292191,0.0854,0.024969,-0.222223,0.29,0.001,0.0455102040816326,0.290344,0.0843,0.024477,-0.222346,64.99846869496125,0.001,0.013197959183673454,1.0,202.05144064738954
58,42,1.281203,0.224168,0.005525,0.45008364477466944,98.09272943360479,0.5151307637702303,0.292641,0.0857,0.025082,-0.186881,0.292,0.001,0.0277551020408163,0.292136,0.0853,0.024933,-0.190204,64.55327370389986,0.001,0.008104489795918358,1.0,329.0357238785929
0,43,0.425859,0.005081,,,,,,,,,,,,,,,,,,,,
1,43,0.436699,0.007858,,,,,,,,,,,,,,,,,,,,
2,43,0.437981,0.008186,,,,,,,,,,,,,,,,,,,,
3,43,0.431043,0.006409,,,,,,,,,,,,,,,,,,,,
4,43,0.436657,0.007847,,,,,,,,,,,,,,,,,,,,
5,43,0.469878,0.016356,,,,,,,,,,,,,,,,,,,,
6,43,0.515108,0.027941,,,,,,,,,,,,,,,,,,,,
7,43,0.609963,0.052238,,,,,,,,,,,,,,,,,,,,
8,43,1.742046,0.342207,,,,,,,,,,,,,,,,,,,,
9,43,2.596219,0.560994,,,,,,,,,,,,,,,,,,,,
10,43,2.7504,0.600485,,,,,,,,,,,,,,,,,,,,
11,43,2.935655,0.647936,,,,,,,,,,,,,,,,,,,,
12,43,3.071108,0.682631,0.002795,0.22768937323895042,89.71461756493618,0.3142572545575031,0.288929,0.0835,0.024143,-0.957543,0.282,0.001,0.01,0.28208,0.0796,0.022446,-0.662833,66.84239688488923,0.001,0.0028199999999999996,1.0,945.6264775413713
13,43,3.223194,0.721586,,,,,,,,,,,,,,,,,,,,
14,43,3.274193,0.734649,0.006756,0.5503647247235596,95.17636114679021,0.7737576389927794,0.28964,0.0839,0.024317,-0.91417,0.282,0.001,0.01,0.28208,0.0796,0.022446,-0.662833,66.84239688488923,0.001,0.0028199999999999996,1.0,945.6264775413713
15,43,3.266634,0.732713,,,,,,,,,,,,,,,,,,,,
16,43,3.175858,0.709461,,,,,,,,,,,,,,,,,,,,
17,43,3.19015,0.713122,,,,,,,,,,,,,,,,,,,,
18,43,3.194096,0.714133,0.005523,0.44992071856841614,79.08908851619604,0.7351827722232449,0.2869,0.0824,0.02365,-0.914675,0.282,0.001,0.01,0.28208,0.0796,0.022446,-0.662833,66.84239688488923,0.001,0.0028199999999999996,1.0,945.6264775413713
19,43,3.315159,0.745142,0.005985,0.4875566722129224,93.84818113905266,0.641268310636868,0.289239,0.0837,0.024218,-0.752721,0.282,0.001,0.01,0.28208,0.0796,0.022446,-0.662833,66.84239688488923,0.001,0.0028199999999999996,1.0,945.6264775413713
20,43,3.084969,0.686181,0.005318,0.43322078242745554,94.8764070398074,0.6096942216952872,0.290696,0.0845,0.024585,-0.712055,0.282,0.001,0.01,0.28208,0.0796,0.022446,-0.662833,66.84239688488923,0.001,0.0028199999999999996,1.0,945.6264775413713
21,43,2.876496,0.632783,0.002456,0.20007338127902047,80.89060351700844,0.39840792297792715,0.28921,0.0837,0.024207,-1.757744,0.282,0.001,0.01,0.28208,0.0796,0.022446,-0.662833,66.84239688488923,0.001,0.0028199999999999996,1.0,945.6264775413713
22,43,2.825888,0.619821,0.003389,0.2760784564961728,92.87964055197601,0.3429444348037878,0.289862,0.0841,0.024384,-0.974962,0.282,0.001,0.01,0.28208,0.0796,0.022446,-0.662833,66.84239688488923,0.001,0.0028199999999999996,1.0,945.6264775413713
23,43,2.767719,0.604921,,,,,,,,,,,,,,,,,,,,
24,43,2.63925,0.572015,,,,,,,,,,,,,,,,,,,,
25,43,2.428999,0.518162,0.004264,0.3473586717319802,95.5155115774451,0.43642538432103706,0.289744,0.084,0.024349,-1.009397,0.282,0.001,0.01,0.28208,0.0796,0.022446,-0.662833,66.84239688488923,0.001,0.0028199999999999996,1.0,945.6264775413713
26,43,2.158939,0.448989,,,,,,,,,,,,,,,,,,,,
27,43,2.224685,0.46583,0.00143,0.11649223747109091,82.73200082587135,0.20265270219317477,0.289962,0.0841,0.024413,-1.300656,0.282,0.001,0.01,0.28208,0.0796,0.022446,-0.662833,66.84239688488923,0.001,0.0028199999999999996,1.0,945.6264775413713
28,43,2.087307,0.430642,,,,,,,,,,,,,,,,,,,,
29,43,2.119763,0.438955,,,,,,,,,,,,,,,,,,,,
30,43,2.048147,0.420612,,,,,,,,,,,,,,,,,,,,
31,43,1.911174,0.385527,,,,,,,,,,,,,,,,,,,,
32,43,1.953975,0.39649,,,,,,,,,,,,,,,,,,,,
33,43,2.013423,0.411717,,,,,,,,,,,,,,,,,,,,
34,43,2.133561,0.442489,0.002332,0.18997195649131746,90.07964471379975,0.2559367988380008,0.290195,0.0842,0.024469,-1.018725,0.282,0.001,0.01,0.28208,0.0796,0.022446,-0.662833,66.84239688488923,0.001,0.0028199999999999996,1.0,945.6264775413713
35,43,2.264189,0.475948,,,,,,,,,,,,,,,,,,,,
36,43,2.281329,0.480338,,,,,,,,,,,,,,,,,,,,
37,43,2.226524,0.466301,,,,,,,,,,,,,,,,,,,,
38,43,2.213871,0.46306,0.002747,0.22377914428887183,93.06709136673724,0.23481627822586315,0.289809,0.084,0.024379,-0.570433,0.286,0.001,0.0159183673469387,0.286103,0.0819,0.02342,-0.576313,65.90753818719845,0.001,0.004552653061224468,1.0,585.7390472775116
39,43,2.159709,0.449187,,,,,,,,,,,,,,,,,,,,
40,43,2.021352,0.413748,,,,,,,,,,,,,,,,,,,,
41,43,1.87169,0.375414,0.002327,0.1895646409756843,91.0930756455165,0.21552043537590126,0.289947,0.0841,0.024415,-1.012151,0.282,0.001,0.01,0.28208,0.0796,0.022446,-0.662833,66.84239688488923,0.001,0.0028199999999999996,1.0,945.6264775413713
42,43,1.728566,0.338754,,,,,,,,,,,,,,,,,,,,
43,43,1.787013,0.353725,0.002411,0.1964075416383218,92.49099314856888,0.19410763349164117,0.292598,0.0857,0.025086,-0.834136,0.282,0.001,0.01,0.28208,0.0796,0.022446,-0.662833,66.84239688488923,0.001,0.0028199999999999996,1.0,945.6264775413713
44,43,1.674233,0.324838,0.001398,0.11388541817103852,90.50189397077452,0.09638597489121903,0.289009,0.0836,0.024183,-0.309637,0.29,0.001,0.0218367346938775,0.29011,0.0842,0.024418,-0.319376,64.99846869496125,0.001,0.006332653061224475,1.0,421.09786228381233
45,43,1.278486,0.223472,0.00189,0.15396526490934392,95.28833514550797,0.1488712946819355,0.290744,0.0846,0.024612,0.141986,0.289,0.0085,0.1342857142857142,0.291317,0.0849,0.024796,0.141407,65.22337689113758,0.0085,0.0388085714285714,1.0,68.71334265871559
46,43,1.1278,0.184875,0.001961,0.15974914523133515,93.57027847980525,0.16543638398202543,0.289618,0.0839,0.024323,-0.471238,0.288,0.001,0.0218367346938775,0.288127,0.083,0.02392,-0.47349,65.44984694978736,0.001,0.0062889795918367195,1.0,424.02215299411665
47,43,1.0948,0.176423,0.00078,0.06354122043877686,89.55195982233519,0.0527736287206948,0.291306,0.0849,0.024782,-0.653099,0.284,0.001,0.0159183673469387,0.284106,0.0807,0.022933,-0.653076,66.37167578006606,0.001,0.00452081632653059,1.0,589.8639701456631
48,43,1.003568,0.153055,0.001585,0.12911901845571966,93.37684625478153,0.1401462874524645,0.29166,0.0851,0.024847,-0.544219,0.297,0.001,0.01,0.297063,0.0882,0.026215,-0.540406,63.466518254339256,0.001,0.00297,1.0,897.8675645342312
49,43,1.063702,0.168457,0.001755,0.14296774598724793,93.83828296880677,0.11503250782622487,0.28973,0.084,0.02436,-0.375151,0.299,0.001,0.0336734693877551,0.29921,0.0895,0.026788,-0.380372,63.04199304862462,0.001,0.010068367346938776,1.0,264.85591702983004
50,43,1.103678,0.178697,0.000685,0.05580222564174634,79.65283508761006,0.09354639722472624,0.290159,0.0842,0.024453,-1.060719,0.282,0.001,0.01,0.28208,0.0796,0.022446,-0.662833,66.84239688488923,0.001,0.0028199999999999996,1.0,945.6264775413713
51,43,1.113299,0.181161,0.001461,0.11901759366801666,93.47298946727005,0.12665095709601126,0.287348,0.0826,0.023754,0.149189,0.286,0.003625,0.086938775510204,0.287028,0.0824,0.02366,0.149592,65.90753818719845,0.003625,0.02486448979591834,1.0,107.24799457193834
52,43,1.138288,0.187562,0.001477,0.12032100331804285,93.30139187159834,0.1128742962358944,0.293754,0.0863,0.025396,-0.823078,0.282,0.001,0.01,0.28208,0.0796,0.022446,-0.662833,66.84239688488923,0.001,0.0028199999999999996,1.0,945.6264775413713
53,43,1.080456,0.172749,0.000995,0.08105578761100381,82.97413611381842,0.14077157240896943,0.290346,0.0843,0.024501,-1.165309,0.282,0.001,0.01,0.28208,0.0796,0.022446,-0.662833,66.84239688488923,0.001,0.0028199999999999996,1.0,945.6264775413713
54,43,1.20098,0.20362,0.002152,0.1753085979285228,94.79864727955032,0.22857784582223795,0.291218,0.0848,0.024719,-0.786336,0.282,0.001,0.01,0.28208,0.0796,0.022446,-0.662833,66.84239688488923,0.001,0.0028199999999999996,1.0,945.6264775413713
55,43,1.244914,0.214873,0.003828,0.31184075876876644,96.6406795552161,0.39853808008872305,0.291689,0.0851,0.024836,-0.563557,0.286,0.001,0.01,0.286081,0.0818,0.023414,-0.559748,65.90753818719845,0.001,0.0028599999999999997,1.0,932.4009324009326
56,43,1.287639,0.225816,0.005708,0.464991392646844,97.83690641179389,0.5313433865998285,0.292584,0.0856,0.025069,-0.217669,0.292,0.001,0.0336734693877551,0.292194,0.0854,0.024948,-0.218989,64.55327370389986,0.001,0.00983265306122449,1.0,271.205202712052
57,43,1.361981,0.244858,0.005118,0.41692816180212816,97.21394875673755,0.5061709578672594,0.291585,0.085,0.024813,-0.483021,0.288,0.001,0.0277551020408163,0.28817,0.083,0.023931,-0.490155,65.44984694978736,0.001,0.007993469387755093,1.0,333.6056644880178
58,43,1.349287,0.241607,0.005837,0.4755001329501802,97.91219201628053,0.580889580732792,0.291698,0.0851,0.024842,-0.356797,0.29,0.001,0.0277551020408163,0.290156,0.0842,0.024429,-0.353149,64.99846869496125,0.001,0.008048979591836727,1.0,331.3049357674107
0,44,0.411901,0.001506,,,,,,,,,,,,,,,,,,,,
1,44,0.428618,0.005788,,,,,,,,,,,,,,,,,,,,
2,44,0.457723,0.013243,,,,,,,,,,,,,,,,,,,,
3,44,0.446481,0.010364,,,,,,,,,,,,,,,,,,,,
4,44,0.440226,0.008761,,,,,,,,,,,,,,,,,,,,
5,44,0.444026,0.009735,,,,,,,,,,,,,,,,,,,,
6,44,0.467046,0.015631,,,,,,,,,,,,,,,,,,,,
7,44,0.66696,0.066837,,,,,,,,,,,,,,,,,,,,
8,44,1.769212,0.349165,,,,,,,,,,,,,,,,,,,,
9,44,2.522695,0.542161,,,,,,,,,,,,,,,,,,,,
10,44,2.691005,0.585272,,,,,,,,,,,,,,,,,,,,
11,44,2.929925,0.646469,,,,,,,,,,,,,,,,,,,,
12,44,3.090727,0.687656,0.003021,0.24610003454557036,88.27230114368032,0.3125160175468311,0.29134,0.0849,0.02477,-1.129726,0.282,0.001,0.01,0.28208,0.0796,0.022446,-0.662833,66.84239688488923,0.001,0.0028199999999999996,1.0,945.6264775413713
13,44,3.15692,0.704611,0.00559,0.45537874647790083,94.88446263495452,0.5445705875847642,0.289853,0.084,0.024377,-0.672437,0.282,0.001,0.01,0.28208,0.0796,0.022446,-0.662833,66.84239688488923,0.001,0.0028199999999999996,1.0,945.6264775413713
14,44,3.228058,0.722832,0.007399,0.6027455000339872,96.24395574807092,0.7929527676288557,0.290014,0.0841,0.024414,-0.536021,0.286,0.001,0.0336734693877551,0.286224,0.0819,0.023449,-0.536849,65.90753818719845,0.001,0.009630612244897958,1.0,276.8948223493678
15,44,3.327111,0.748203,,,,,,,,,,,,,,,,,,,,
16,44,3.387564,0.763687,,,,,,,,,,,,,,,,,,,,
17,44,3.349151,0.753848,,,,,,,,,,,,,,,,,,,,
18,44,3.291575,0.739101,,,,,,,,,,,,,,,,,,,,
19,44,3.256375,0.730085,,,,,,,,,,,,,,,,,,,,
20,44,2.995811,0.663345,0.004464,0.3636512923573076,94.09080133015364,0.5010656594573173,0.290135,0.0842,0.024446,-0.725925,0.282,0.001,0.01,0.28208,0.0796,0.022446,-0.662833,66.84239688488923,0.001,0.0028199999999999996,1.0,945.6264775413713
21,44,2.967424,0.656073,0.004488,0.36560640683234685,93.71355982607005,0.4821583745018021,0.289078,0.0836,0.024179,-0.96792,0.282,0.001,0.01,0.28208,0.0796,0.022446,-0.662833,66.84239688488923,0.001,0.0028199999999999996,1.0,945.6264775413713
22,44,2.971718,0.657173,,,,,,,,,,,,,,,,,,,,
23,44,2.816132,0.617322,,,,,,,,,,,,,,,,,,,,
24,44,2.768332,0.605078,,,,,,,,,,,,,,,,,,,,
25,44,2.479822,0.53118,,,,,,,,,,,,,,,,,,,,
26,44,2.1754,0.453206,,,,,,,,,,,,,,,,,,,,
27,44,2.162693,0.449951,,,,,,,,,,,,,,,,,,,,
28,44,1.913594,0.386147,,,,,,,,,,,,,,,,,,,,
29,44,1.946477,0.39457,,,,,,,,,,,,,,,,,,,,
30,44,2.024663,0.414596,,,,,,,,,,,,,,,,,,,,
31,44,2.005298,0.409636,,,,,,,,,,,,,,,,,,,,
32,44,2.04064,0.418689,,,,,,,,,,,,,,,,,,,,
33,44,2.074862,0.427454,,,,,,,,,,,,,,,,,,,,
34,44,2.15464,0.447888,0.00287,0.2337991059734482,94.17595441994975,0.24847275803091984,0.291456,0.085,0.024789,-1.176826,0.282,0.001,0.01,0.28208,0.0796,0.022446,-0.662833,66.84239688488923,0.001,0.0028199999999999996,1.0,945.6264775413713
35,44,2.267144,0.476705,0.003495,0.2847135454275963,95.57697761123332,0.3156591952333794,0.291268,0.0849,0.024743,-0.939474,0.282,0.001,0.01,0.28208,0.0796,0.022446,-0.662833,66.84239688488923,0.001,0.0028199999999999996,1.0,945.6264775413713
36,44,2.285812,0.481486,,,,,,,,,,,,,,,,,,,,
37,44,2.179478,0.45425,0.003189,0.25978583587084536,89.50711910855276,0.3019060223842134,0.290491,0.0844,0.024545,-0.9795,0.282,0.001,0.01,0.28208,0.0796,0.022446,-0.662833,66.84239688488923,0.001,0.0028199999999999996,1.0,945.6264775413713
38,44,2.077961,0.428248,0.002254,0.1836178344474398,87.05773902528951,0.23784530478354826,0.290504,0.0844,0.024549,-1.256003,0.282,0.001,0.01,0.28208,0.0796,0.022446,-0.662833,66.84239688488923,0.001,0.0028199999999999996,1.0,945.6264775413713
39,44,2.02769,0.415372,,,,,,,,,,,,,,,,,,,,
40,44,2.030421,0.416071,,,,,,,,,,,,,,,,,,,,
41,44,1.945041,0.394202,0.002747,0.22377914428887183,91.12688635339656,0.285360839010131,0.28974,0.084,0.024353,-0.769823,0.282,0.001,0.01,0.28208,0.0796,0.022446,-0.662833,66.84239688488923,0.001,0.0028199999999999996,1.0,945.6264775413713
42,44,1.837517,0.366661,,,,,,,,,,,,,,,,,,,,
43,44,1.90705,0.384471,0.001677,0.13661362394337026,89.37572441027348,0.15182549381954558,0.290736,0.0846,0.024615,-0.947746,0.282,0.001,0.01,0.28208,0.0796,0.022446,-0.662833,66.84239688488923,0.001,0.0028199999999999996,1.0,945.6264775413713
44,44,1.696512,0.330544,5.9e-05,0.004806323084471583,52.04818796257492,0.06806041427678178,0.288078,0.0831,0.023971,-0.748983,0.282,0.001,0.01,0.28208,0.0796,0.022446,-0.662833,66.84239688488923,0.001,0.0028199999999999996,1.0,945.6264775413713
45,44,1.367759,0.246338,0.0028,0.22809668875458358,96.38481433639335,0.18114910526959116,0.291415,0.085,0.024785,-0.47088,0.288,0.001,0.0218367346938775,0.288127,0.083,0.02392,-0.47349,65.44984694978736,0.001,0.0062889795918367195,1.0,424.02215299411665
46,44,1.199582,0.203261,,,,,,,,,,,,,,,,,,,,
47,44,1.20172,0.203809,0.001151,0.09376403169875917,87.23234625126653,0.1072644129070901,0.290315,0.0843,0.024499,-1.010417,0.282,0.001,0.01,0.28208,0.0796,0.022446,-0.662833,66.84239688488923,0.001,0.0028199999999999996,1.0,945.6264775413713
48,44,1.100756,0.177948,0.002254,0.1836178344474398,95.56417044721006,0.15980206849015965,0.291648,0.0851,0.024843,-0.122587,0.301,0.001,0.0455102040816326,0.30135,0.0908,0.027367,-0.120926,62.62310937388292,0.001,0.013698571428571412,1.0,194.6675009559567
49,44,1.131239,0.185756,0.002029,0.16528863624394646,95.93924253515398,0.15076919081802986,0.290492,0.0844,0.024543,-0.43565,0.286,0.001,0.0395918367346938,0.28628,0.082,0.023463,-0.43265,65.90753818719845,0.001,0.011323265306122425,1.0,235.50332828683395
50,44,1.14293,0.188751,,,,,,,,,,,,,,,,,,,,
51,44,1.186034,0.199791,0.002282,0.18589880133498565,95.28942812145463,0.13740055049612399,0.290812,0.0846,0.024633,-0.130875,0.292,0.001,0.0455102040816326,0.292334,0.0855,0.024984,-0.135857,64.55327370389986,0.001,0.01328897959183672,1.0,200.6675266703526
52,44,1.189052,0.200564,0.002446,0.19925875024775408,95.6036860981639,0.15526547866201668,0.290103,0.0842,0.024449,-0.258339,0.29,0.001,0.01,0.290047,0.0841,0.024402,-0.250628,64.99846869496125,0.001,0.0029,1.0,919.5402298850574
53,44,1.118415,0.182471,0.001826,0.14875162630923916,92.76699639648139,0.2183305118104094,0.291476,0.085,0.024788,-1.184252,0.282,0.001,0.01,0.28208,0.0796,0.022446,-0.662833,66.84239688488923,0.001,0.0028199999999999996,1.0,945.6264775413713
54,44,1.2019,0.203855,0.002745,0.22361621808261856,95.09151483049,0.26143171443237145,0.292976,0.0859,0.025172,-0.64645,0.299,0.001,0.01,0.299078,0.0894,0.026753,-0.651126,63.04199304862462,0.001,0.00299,1.0,891.8617614269788
55,44,1.25461,0.217356,0.003913,0.31876512253453054,96.36872505590026,0.38433162124388875,0.292708,0.0857,0.025103,-0.393589,0.284,0.001,0.0395918367346938,0.284272,0.0808,0.022973,-0.393613,66.37167578006606,0.001,0.011244081632653037,1.0,237.16180242969895
56,44,1.265967,0.220265,0.004096,0.3336728704067051,97.26095470877162,0.4152701206603092,0.292227,0.0854,0.024975,-0.520698,0.299,0.001,0.0277551020408163,0.299164,0.0895,0.026776,-0.510638,63.04199304862462,0.001,0.008298775510204073,1.0,321.3325463964853
57,44,1.379502,0.249346,0.004738,0.3859721826140061,94.15040149164972,0.5618705899749188,0.291737,0.0851,0.024844,-0.740008,0.282,0.001,0.01,0.28208,0.0796,0.022446,-0.662833,66.84239688488923,0.001,0.0028199999999999996,1.0,945.6264775413713
58,44,1.367893,0.246372,0.004838,0.39411849292666984,96.13865328240192,0.5572617917713302,0.29178,0.0852,0.024858,-0.500962,0.297,0.001,0.0159183673469387,0.297081,0.0883,0.02622,-0.503788,63.466518254339256,0.001,0.0047277551020407935,1.0,564.0450084894557
0,45,0.414932,0.002282,,,,,,,,,,,,,,,,,,,,
1,45,0.41487,0.002267,,,,,,,,,,,,,,,,,,,,
2,45,0.419105,0.003352,,,,,,,,,,,,,,,,,,,,
3,45,0.447271,0.010566,,,,,,,,,,,,,,,,,,,,
4,45,0.46109,0.014105,,,,,,,,,,,,,,,,,,,,
5,45,0.450716,0.011448,,,,,,,,,,,,,,,,,,,,
6,45,0.461682,0.014257,,,,,,,,,,,,,,,,,,,,
7,45,0.658479,0.064664,0.000795,0.06476316698567641,93.64280631111228,0.07482231309408982,0.286354,0.082,0.023505,0.687864,0.281,0.00925,0.2053061224489795,0.286414,0.0822,0.023621,0.687137,67.08027018341195,0.00925,0.05769102040816324,1.0,46.22325359822089
8,45,1.783503,0.352826,0.00085,0.06924363765764144,75.1829643877555,0.10587722507030506,0.286957,0.0824,0.02366,0.592006,0.284,0.00625,0.1579591836734694,0.287327,0.0826,0.023774,0.592406,66.37167578006606,0.00625,0.0448604081632653,1.0,59.44365590615181
9,45,2.445051,0.522274,,,,,,,,,,,,,,,,,,,,
10,45,2.639667,0.572122,,,,,,,,,,,,,,,,,,,,
11,45,2.978053,0.658796,,,,,,,,,,,,,,,,,,,,
12,45,3.055936,0.678745,,,,,,,,,,,,,,,,,,,,
13,45,3.116817,0.694339,0.004774,0.388904854326565,92.06793220015878,0.5029311638978977,0.289665,0.0839,0.024331,-0.949665,0.282,0.001,0.01,0.28208,0.0796,0.022446,-0.662833,66.84239688488923,0.001,0.0028199999999999996,1.0,945.6264775413713
14,45,3.286108,0.7377,0.005972,0.4864976518722761,94.64001395793294,0.6517135113233645,0.290133,0.0842,0.024445,-0.197487,0.295,0.001,0.0218367346938775,0.295085,0.0871,0.025695,-0.195593,63.8967997340297,0.001,0.0064418367346938624,1.0,413.9606103806969
15,45,3.399982,0.766868,0.006882,0.5606290757175159,95.39224850557189,0.8057524490154249,0.289208,0.0837,0.024208,-0.965215,0.282,0.001,0.01,0.28208,0.0796,0.022446,-0.662833,66.84239688488923,0.001,0.0028199999999999996,1.0,945.6264775413713
16,45,3.319065,0.746142,,,,,,,,,,,,,,,,,,,,
17,45,3.239672,0.725807,,,,,,,,,,,,,,,,,,,,
18,45,3.150535,0.702975,,,,,,,,,,,,,,,,,,,,
19,45,3.073702,0.683295,,,,,,,,,,,,,,,,,,,,
20,45,2.885876,0.635186,0.004454,0.36283666132604114,90.00244199607074,0.5786366571502342,0.290149,0.0842,0.024443,-1.339681,0.282,0.001,0.01,0.28208,0.0796,0.022446,-0.662833,66.84239688488923,0.001,0.0028199999999999996,1.0,945.6264775413713
21,45,2.784568,0.609237,,,,,,,,,,,,,,,,,,,,
22,45,2.900586,0.638954,,,,,,,,,,,,,,,,,,,,
23,45,2.841961,0.623938,0.004165,0.3392938245224431,94.35691954516543,0.3864794813856034,0.290964,0.0847,0.024667,-0.243902,0.29,0.001,0.01,0.290047,0.0841,0.024402,-0.250628,64.99846869496125,0.001,0.0029,1.0,919.5402298850574
24,45,2.592567,0.560058,,,,,,,,,,,,,,,,,,,,
25,45,2.397774,0.510164,,,,,,,,,,,,,,,,,,,,
26,45,2.224294,0.465729,,,,,,,,,,,,,,,,,,,,
27,45,2.065631,0.42509,0.002223,0.18109247825051406,85.95952281207258,0.253567966362892,0.289507,0.0838,0.024288,-1.06168,0.282,0.001,0.01,0.28208,0.0796,0.022446,-0.662833,66.84239688488923,0.001,0.0028199999999999996,1.0,945.6264775413713
28,45,1.919144,0.387569,,,,,,,,,,,,,,,,,,,,
29,45,1.929238,0.390154,,,,,,,,,,,,,,,,,,,,
30,45,1.997831,0.407724,,,,,,,,,,,,,,,,,,,,
31,45,2.090994,0.431586,,,,,,,,,,,,,,,,,,,,
32,45,2.25494,0.473579,,,,,,,,,,,,,,,,,,,,
33,45,2.215455,0.463465,,,,,,,,,,,,,,,,,,,,
34,45,2.206382,0.461142,,,,,,,,,,,,,,,,,,,,
35,45,2.166041,0.450808,,,,,,,,,,,,,,,,,,,,
36,45,2.220821,0.46484,0.00266,0.21669185431685442,90.59289066068615,0.22865573784979354,0.290333,0.0843,0.02451,-0.642315,0.284,0.001,0.0218367346938775,0.284135,0.0807,0.02294,-0.646345,66.37167578006606,0.001,0.00620163265306121,1.0,429.9942959940338
37,45,2.138274,0.443696,,,,,,,,,,,,,,,,,,,,
38,45,1.940599,0.393064,,,,,,,,,,,,,,,,,,,,
39,45,1.936443,0.392,,,,,,,,,,,,,,,,,,,,
40,45,1.967382,0.399924,0.002232,0.1818256461786538,82.83453457437288,0.262733729100431,0.28992,0.0841,0.024396,-0.950962,0.282,0.001,0.01,0.28208,0.0796,0.022446,-0.662833,66.84239688488923,0.001,0.0028199999999999996,1.0,945.6264775413713
41,45,1.852361,0.370463,0.002063,0.16805838175025214,87.96551576919431,0.2888130094281196,0.288831,0.0835,0.024129,-1.551396,0.282,0.001,0.01,0.28208,0.0796,0.022446,-0.662833,66.84239688488923,0.001,0.0028199999999999996,1.0,945.6264775413713
42,45,1.828898,0.364453,0.00137,0.11160445128349268,83.1536089949781,0.1743738642160264,0.290757,0.0846,0.024609,-1.412424,0.282,0.001,0.01,0.28208,0.0796,0.022446,-0.662833,66.84239688488923,0.001,0.0028199999999999996,1.0,945.6264775413713
43,45,1.872932,0.375732,0.001233,0.10044400615514341,87.81786427695609,0.15830301528437674,0.2898,0.084,0.024367,-1.275102,0.282,0.001,0.01,0.28208,0.0796,0.022446,-0.662833,66.84239688488923,0.001,0.0028199999999999996,1.0,945.6264775413713
44,45,1.67232,0.324348,0.00132,0.10753129612716084,91.35887455309857,0.13793915246094723,0.290165,0.0843,0.024478,-0.82281,0.282,0.001,0.01,0.28208,0.0796,0.022446,-0.662833,66.84239688488923,0.001,0.0028199999999999996,1.0,945.6264775413713
45,45,1.406262,0.2562,0.002826,0.23021472943587615,94.99879129537803,0.18325801631654048,0.290715,0.0846,0.024605,-0.379274,0.299,0.001,0.0336734693877551,0.29921,0.0895,0.026788,-0.380372,63.04199304862462,0.001,0.010068367346938776,1.0,264.85591702983004
46,45,1.221809,0.208955,0.000416,0.03388865090068099,72.79669394411638,0.057754018233169724,0.29009,0.0842,0.024464,0.314798,0.29,0.00175,0.0691836734693877,0.290681,0.0845,0.024565,0.315696,64.99846869496125,0.00175,0.02006326530612243,1.0,132.91289458515593
47,45,1.19677,0.202541,7.1e-05,0.005783880321991227,55.01962062682029,0.04314748205239971,0.287401,0.0826,0.023782,-0.401852,0.288,0.001,0.0395918367346938,0.28828,0.0831,0.023959,-0.404771,65.44984694978736,0.001,0.011402448979591813,1.0,233.86788850706424
48,45,1.105465,0.179154,,,,,,,,,,,,,,,,,,,,
49,45,1.103226,0.178581,0.000985,0.08024115657973745,86.26058305002704,0.10546742945884635,0.292464,0.0856,0.025051,-1.215514,0.282,0.001,0.01,0.28208,0.0796,0.022446,-0.662833,66.84239688488923,0.001,0.0028199999999999996,1.0,945.6264775413713
50,45,1.110824,0.180527,0.001463,0.11918051987426993,94.8061499168015,0.14499573535375054,0.289567,0.0839,0.024306,-0.911663,0.282,0.001,0.01,0.28208,0.0796,0.022446,-0.662833,66.84239688488923,0.001,0.0028199999999999996,1.0,945.6264775413713
51,45,1.137525,0.187366,,,,,,,,,,,,,,,,,,,,
52,45,1.173016,0.196457,0.001085,0.08838746689240115,89.95179218520178,0.08899120833789531,0.288357,0.0832,0.024012,-0.438475,0.286,0.001,0.0395918367346938,0.28628,0.082,0.023463,-0.43265,65.90753818719845,0.001,0.011323265306122425,1.0,235.50332828683395
53,45,1.165648,0.19457,0.001497,0.12195026538057559,89.71776465178347,0.17217125335336703,0.29261,0.0857,0.025083,-0.917682,0.282,0.001,0.01,0.28208,0.0796,0.022446,-0.662833,66.84239688488923,0.001,0.0028199999999999996,1.0,945.6264775413713
54,45,1.179969,0.198238,0.001952,0.15901597730319542,87.99888539979409,0.23236930997360306,0.291687,0.0851,0.024837,-1.350311,0.282,0.001,0.01,0.28208,0.0796,0.022446,-0.662833,66.84239688488923,0.001,0.0028199999999999996,1.0,945.6264775413713
55,45,1.210875,0.206154,0.00329,0.2680136092866357,95.7382493490397,0.3377607898332933,0.291659,0.0851,0.024832,-0.756598,0.282,0.001,0.01,0.28208,0.0796,0.022446,-0.662833,66.84239688488923,0.001,0.0028199999999999996,1.0,945.6264775413713
56,45,1.265069,0.220035,0.004194,0.34165625451311554,93.9686210698896,0.4598340575010247,0.292993,0.0859,0.02517,-0.255943,0.29,0.001,0.01,0.290047,0.0841,0.024402,-0.250628,64.99846869496125,0.001,0.0029,1.0,919.5402298850574
57,45,1.414421,0.25829,0.005927,0.4828318122315775,97.71220405010564,0.5990418018050491,0.292289,0.0855,0.024992,-0.474598,0.288,0.001,0.0336734693877551,0.288221,0.0831,0.023944,-0.474252,65.44984694978736,0.001,0.00969795918367347,1.0,274.9719416386083
58,45,1.365523,0.245765,0.005046,0.4110628183770103,95.35617261083782,0.5267082792392933,0.292529,0.0856,0.025053,0.046974,0.292,0.0025,0.0573469387755102,0.292458,0.0855,0.02502,0.046735,64.55327370389986,0.0025,0.016745306122448976,1.0,159.2486065746925
0,46,0.414005,0.002045,,,,,,,,,,,,,,,,,,,,
1,46,0.42097,0.003829,,,,,,,,,,,,,,,,,,,,
2,46,0.419786,0.003526,,,,,,,,,,,,,,,,,,,,
3,46,0.429261,0.005953,,,,,,,,,,,,,,,,,,,,
4,46,0.448986,0.011005,,,,,,,,,,,,,,,,,,,,
5,46,0.467177,0.015665,,,,,,,,,,,,,,,,,,,,
6,46,0.473164,0.017198,,,,,,,,,,,,,,,,,,,,
7,46,0.72366,0.08136,,,,,,,,,,,,,,,,,,,,
8,46,1.84017,0.367341,,,,,,,,,,,,,,,,,,,,
9,46,2.381549,0.506008,,,,,,,,,,,,,,,,,,,,
10,46,2.784102,0.609118,,,,,,,,,,,,,,,,,,,,
11,46,3.141366,0.700627,,,,,,,,,,,,,,,,,,,,
12,46,3.217556,0.720142,,,,,,,,,,,,,,,,,,,,
13,46,3.242651,0.72657,,,,,,,,,,,,,,,,,,,,
14,46,3.407167,0.768709,0.004068,0.33139190351915926,91.93593999600272,0.4714747348412742,0.290636,0.0845,0.024574,-0.970883,0.282,0.001,0.01,0.28208,0.0796,0.022446,-0.662833,66.84239688488923,0.001,0.0028199999999999996,1.0,945.6264775413713
15,46,3.461908,0.78273,,,,,,,,,,,,,,,,,,,,
16,46,3.410576,0.769582,,,,,,,,,,,,,,,,,,,,
17,46,3.289557,0.738584,,,,,,,,,,,,,,,,,,,,
18,46,3.084205,0.685986,0.004632,0.37733709368258256,87.38211913233393,0.6390100003398631,0.288598,0.0833,0.024055,-1.335047,0.282,0.001,0.01,0.28208,0.0796,0.022446,-0.662833,66.84239688488923,0.001,0.0028199999999999996,1.0,945.6264775413713
19,46,2.939308,0.648872,,,,,,,,,,,,,,,,,,,,
20,46,2.933023,0.647262,,,,,,,,,,,,,,,,,,,,
21,46,2.821986,0.618821,,,,,,,,,,,,,,,,,,,,
22,46,2.812688,0.61644,,,,,,,,,,,,,,,,,,,,
23,46,2.737633,0.597215,,,,,,,,,,,,,,,,,,,,
24,46,2.557566,0.551093,0.002521,0.20536848298225185,76.88871315843085,0.2359616239409723,0.285438,0.0815,0.023298,-0.361201,0.29,0.001,0.0336734693877551,0.290211,0.0842,0.024443,-0.362406,64.99846869496125,0.001,0.00976530612244898,1.0,273.075583420411
25,46,2.251033,0.472578,,,,,,,,,,,,,,,,,,,,
26,46,2.018208,0.412943,,,,,,,,,,,,,,,,,,,,
27,46,1.89829,0.382227,,,,,,,,,,,,,,,,,,,,
28,46,2.005517,0.409692,,,,,,,,,,,,,,,,,,,,
29,46,2.191567,0.457347,0.001714,0.1396277587590558,87.49234226021184,0.18548236357581938,0.290391,0.0844,0.024528,-0.951807,0.282,0.001,0.01,0.28208,0.0796,0.022446,-0.662833,66.84239688488923,0.001,0.0028199999999999996,1.0,945.6264775413713
30,46,2.134275,0.442672,,,,,,,,,,,,,,,,,,,,
31,46,2.216849,0.463823,0.00201,0.16374083728454036,88.89004922282744,0.20435238179905046,0.29116,0.0848,0.024713,-1.161989,0.282,0.001,0.01,0.28208,0.0796,0.022446,-0.662833,66.84239688488923,0.001,0.0028199999999999996,1.0,945.6264775413713
32,46,2.426465,0.517513,0.001976,0.1609710917782347,90.78925202148034,0.2082452107141708,0.291352,0.0849,0.024761,-0.860586,0.282,0.001,0.01,0.28208,0.0796,0.022446,-0.662833,66.84239688488923,0.001,0.0028199999999999996,1.0,945.6264775413713
33,46,2.393431,0.509052,0.00398,0.32422315044401523,95.7164513451377,0.4130206955749558,0.291299,0.0849,0.024742,-1.238941,0.282,0.001,0.01,0.28208,0.0796,0.022446,-0.662833,66.84239688488923,0.001,0.0028199999999999996,1.0,945.6264775413713
34,46,2.271419,0.4778,,,,,,,,,,,,,,,,,,,,
35,46,2.109461,0.436316,0.002411,0.1964075416383218,91.04021978985246,0.22012598643748138,0.289341,0.0837,0.02425,-0.572369,0.286,0.001,0.0159183673469387,0.286103,0.0819,0.02342,-0.576313,65.90753818719845,0.001,0.004552653061224468,1.0,585.7390472775116
36,46,2.149082,0.446465,0.003113,0.25359464003322096,89.02911877203145,0.31767518821817076,0.289678,0.0839,0.024331,-0.847391,0.282,0.001,0.01,0.28208,0.0796,0.022446,-0.662833,66.84239688488923,0.001,0.0028199999999999996,1.0,945.6264775413713
37,46,2.177077,0.453635,,,,,,,,,,,,,,,,,,,,
38,46,2.016937,0.412617,,,,,,,,,,,,,,,,,,,,
39,46,1.955366,0.396847,,,,,,,,,,,,,,,,,,,,
40,46,1.920968,0.388036,0.002317,0.18875000994441793,89.342077946264,0.21719048568454613,0.289471,0.0838,0.024289,-0.600081,0.286,0.001,0.0218367346938775,0.286135,0.0819,0.023428,-0.589706,65.90753818719845,0.001,0.006245306122448965,1.0,426.9873428751944
41,46,1.855902,0.37137,,,,,,,,,,,,,,,,,,,,
42,46,1.857208,0.371705,,,,,,,,,,,,,,,,,,,,
43,46,1.911839,0.385698,,,,,,,,,,,,,,,,,,,,
44,46,1.724503,0.337714,0.000601,0.048959324979108834,70.89380520775259,0.0823751019332235,0.287356,0.0826,0.023768,-0.630129,0.282,0.001,0.0218367346938775,0.282126,0.0796,0.022457,-0.619904,66.84239688488923,0.001,0.006157959183673454,1.0,433.0439009301617
45,46,1.464658,0.271158,0.000901,0.07339825591709993,77.62667555505324,0.1258258131922494,0.292619,0.0857,0.025088,-1.85946,0.282,0.001,0.01,0.28208,0.0796,0.022446,-0.662833,66.84239688488923,0.001,0.0028199999999999996,1.0,945.6264775413713
46,46,1.240964,0.213861,,,,,,,,,,,,,,,,,,,,
47,46,1.186687,0.199959,,,,,,,,,,,,,,,,,,,,
48,46,1.091917,0.175684,0.000835,0.0680216911107419,86.08622978321823,0.08244975807966914,0.289238,0.0837,0.024241,-0.65038,0.284,0.001,0.01,0.284085,0.0807,0.022928,-0.648781,66.37167578006606,0.001,0.0028399999999999996,1.0,938.9671361502348
49,46,1.057517,0.166873,0.002597,0.21155967881987628,96.34001074755534,0.15450729480104075,0.291042,0.0847,0.024691,-0.317874,0.29,0.001,0.0218367346938775,0.29011,0.0842,0.024418,-0.319376,64.99846869496125,0.001,0.006332653061224475,1.0,421.09786228381233
50,46,1.095489,0.176599,0.002184,0.1779154172285752,94.56939240981063,0.17127783575213462,0.290921,0.0847,0.024657,-0.475035,0.288,0.001,0.0336734693877551,0.288221,0.0831,0.023944,-0.474252,65.44984694978736,0.001,0.00969795918367347,1.0,274.9719416386083
51,46,1.109786,0.180261,0.000864,0.07038412110141436,87.08628424647087,0.10726734954317374,0.290222,0.0843,0.024473,-1.182378,0.282,0.001,0.01,0.28208,0.0796,0.022446,-0.662833,66.84239688488923,0.001,0.0028199999999999996,1.0,945.6264775413713
52,46,1.166302,0.194737,0.00099,0.08064847209537063,89.70965289118888,0.10828261407631345,0.28977,0.084,0.02437,-0.725616,0.282,0.001,0.01,0.28208,0.0796,0.022446,-0.662833,66.84239688488923,0.001,0.0028199999999999996,1.0,945.6264775413713
53,46,1.188372,0.20039,0.003648,0.2971774002059718,96.80803595568372,0.27810192531906774,0.291367,0.0849,0.02477,-0.047309,0.293,0.001,0.01,0.293016,0.0859,0.025159,-0.045202,64.33295536361352,0.001,0.00293,1.0,910.1251422070534
54,46,1.165401,0.194506,0.003511,0.2860169550776225,97.2495610467187,0.2925224348332415,0.29205,0.0853,0.024938,-0.322642,0.29,0.001,0.0395918367346938,0.290273,0.0843,0.024459,-0.32442,64.99846869496125,0.001,0.011481632653061201,1.0,232.25500651736036
55,46,1.209332,0.205759,0.0032,0.2606819300052384,94.75246232435092,0.3504842452795135,0.292127,0.0854,0.024949,-1.209719,0.282,0.001,0.01,0.28208,0.0796,0.022446,-0.662833,66.84239688488923,0.001,0.0028199999999999996,1.0,945.6264775413713
56,46,1.265027,0.220024,0.005447,0.4437295227307917,98.03011596264344,0.49987839760982034,0.291688,0.0851,0.02484,-0.222141,0.29,0.001,0.0455102040816326,0.290344,0.0843,0.024477,-0.222346,64.99846869496125,0.001,0.013197959183673454,1.0,202.05144064738954
57,46,1.392337,0.252633,0.005853,0.4768035426002063,97.51618605697597,0.5983721457615011,0.292294,0.0855,0.02499,0.001103,0.292,0.007375,0.0573469387755102,0.292293,0.0855,0.02502,0.001112,64.55327370389986,0.007375,0.016745306122448976,1.0,159.2486065746925
58,46,1.38679,0.251213,0.006674,0.5436847502671753,98.22620616863246,0.6331658649138096,0.291636,0.0851,0.024828,-0.235564,0.29,0.001,0.0455102040816326,0.290344,0.0843,0.024477,-0.222346,64.99846869496125,0.001,0.013197959183673454,1.0,202.05144064738954
0,47,0.414279,0.002115,,,,,,,,,,,,,,,,,,,,
1,47,0.425738,0.00505,,,,,,,,,,,,,,,,,,,,
2,47,0.43072,0.006326,,,,,,,,,,,,,,,,,,,,
3,47,0.44137,0.009054,,,,,,,,,,,,,,,,,,,,
4,47,0.444484,0.009852,,,,,,,,,,,,,,,,,,,,
5,47,0.450612,0.011421,,,,,,,,,,,,,,,,,,,,
6,47,0.482975,0.019711,,,,,,,,,,,,,,,,,,,,
7,47,0.837277,0.110461,,,,,,,,,,,,,,,,,,,,
8,47,1.91824,0.387337,,,,,,,,,,,,,,,,,,,,
9,47,2.508653,0.538565,1.8e-05,0.001466335856279466,50.8196659412553,0.08640782671664793,0.281676,0.0794,0.022382,1.144952,0.277,0.004375,0.1638775510204081,0.280558,0.0788,0.022121,1.14586,68.04893834490527,0.004375,0.04539408163265305,1.0,58.744809251708034
10,47,2.987973,0.661337,,,,,,,,,,,,,,,,,,,,
11,47,3.159309,0.705223,,,,,,,,,,,,,,,,,,,,
12,47,3.26999,0.733572,,,,,,,,,,,,,,,,,,,,
13,47,3.177847,0.709971,0.003819,0.31110759084062667,85.74432098599186,0.4168070051765165,0.288464,0.0833,0.02404,-1.065584,0.282,0.001,0.01,0.28208,0.0796,0.022446,-0.662833,66.84239688488923,0.001,0.0028199999999999996,1.0,945.6264775413713
14,47,3.292844,0.739426,,,,,,,,,,,,,,,,,,,,
15,47,3.48935,0.789759,,,,,,,,,,,,,,,,,,,,
16,47,3.433363,0.775418,,,,,,,,,,,,,,,,,,,,
17,47,3.267336,0.732892,,,,,,,,,,,,,,,,,,,,
18,47,3.116608,0.694285,,,,,,,,,,,,,,,,,,,,
19,47,2.998556,0.664047,,,,,,,,,,,,,,,,,,,,
20,47,2.964685,0.655372,,,,,,,,,,,,,,,,,,,,
21,47,2.895662,0.637692,,,,,,,,,,,,,,,,,,,,
22,47,2.763439,0.603825,,,,,,,,,,,,,,,,,,,,
23,47,2.592836,0.560127,,,,,,,,,,,,,,,,,,,,
24,47,2.44643,0.522627,,,,,,,,,,,,,,,,,,,,
25,47,1.994808,0.406949,0.002282,0.18589880133498565,94.84398433277728,0.22513262758115227,0.289532,0.0839,0.024302,-0.793334,0.282,0.001,0.01,0.28208,0.0796,0.022446,-0.662833,66.84239688488923,0.001,0.0028199999999999996,1.0,945.6264775413713
26,47,1.879528,0.377422,0.003162,0.2575863320864262,96.18313263063109,0.25615704417822704,0.291235,0.0849,0.024731,-0.728169,0.282,0.001,0.01,0.28208,0.0796,0.022446,-0.662833,66.84239688488923,0.001,0.0028199999999999996,1.0,945.6264775413713
27,47,1.884706,0.378748,,,,,,,,,,,,,,,,,,,,
28,47,2.11818,0.438549,0.001487,0.12113563434930921,79.11096233843577,0.2030209937446017,0.290499,0.0844,0.024545,-0.845433,0.282,0.001,0.01,0.28208,0.0796,0.022446,-0.662833,66.84239688488923,0.001,0.0028199999999999996,1.0,945.6264775413713
29,47,2.292509,0.483202,,,,,,,,,,,,,,,,,,,,
30,47,2.277026,0.479236,0.002797,0.2278522994452037,94.24041827579026,0.2705662894904859,0.290918,0.0847,0.024652,-0.7502,0.282,0.001,0.01,0.28208,0.0796,0.022446,-0.662833,66.84239688488923,0.001,0.0028199999999999996,1.0,945.6264775413713
31,47,2.470531,0.5288,,,,,,,,,,,,,,,,,,,,
32,47,2.418588,0.515496,0.002598,0.21164114192300293,92.86772051066491,0.25549408699558374,0.291041,0.0847,0.024684,-0.782048,0.282,0.001,0.01,0.28208,0.0796,0.022446,-0.662833,66.84239688488923,0.001,0.0028199999999999996,1.0,945.6264775413713
33,47,2.276138,0.479009,,,,,,,,,,,,,,,,,,,,
34,47,2.083969,0.429787,,,,,,,,,,,,,,,,,,,,
35,47,1.875388,0.376361,,,,,,,,,,,,,,,,,,,,
36,47,2.009827,0.410796,,,,,,,,,,,,,,,,,,,,
37,47,1.927746,0.389772,,,,,,,,,,,,,,,,,,,,
38,47,1.798688,0.356715,0.001463,0.11918051987426993,75.3429971909004,0.15650209688547845,0.2905,0.0845,0.024585,-0.47957,0.288,0.001,0.0336734693877551,0.288221,0.0831,0.023944,-0.474252,65.44984694978736,0.001,0.00969795918367347,1.0,274.9719416386083
39,47,1.655825,0.320123,,,,,,,,,,,,,,,,,,,,
40,47,1.586183,0.302285,,,,,,,,,,,,,,,,,,,,
41,47,1.566457,0.297232,,,,,,,,,,,,,,,,,,,,
42,47,1.674853,0.324996,,,,,,,,,,,,,,,,,,,,
43,47,1.902163,0.383219,0.002125,0.17310909414410364,90.13496454200276,0.20382336535664813,0.289838,0.084,0.024385,-0.693768,0.282,0.001,0.01,0.28208,0.0796,0.022446,-0.662833,66.84239688488923,0.001,0.0028199999999999996,1.0,945.6264775413713
44,47,1.768309,0.348934,,,,,,,,,,,,,,,,,,,,
45,47,1.594063,0.304303,,,,,,,,,,,,,,,,,,,,
46,47,1.284093,0.224908,0.000197,0.016048231315947487,62.03541416297279,0.06315755542656842,0.288566,0.0833,0.024069,-1.034621,0.282,0.001,0.01,0.28208,0.0796,0.022446,-0.662833,66.84239688488923,0.001,0.0028199999999999996,1.0,945.6264775413713
47,47,1.177518,0.19761,0.000899,0.07323532971084666,79.93480621074768,0.08753181162226287,0.289163,0.0837,0.024216,-0.620446,0.282,0.001,0.0218367346938775,0.282126,0.0796,0.022457,-0.619904,66.84239688488923,0.001,0.006157959183673454,1.0,433.0439009301617
48,47,1.131601,0.185849,0.000984,0.08015969347661081,91.9078471225481,0.08874477785713863,0.290814,0.0846,0.024635,-0.351728,0.29,0.001,0.0277551020408163,0.290156,0.0842,0.024429,-0.353149,64.99846869496125,0.001,0.008048979591836727,1.0,331.3049357674107
49,47,1.052754,0.165653,7e-05,0.005702417218864589,54.162021455566645,0.04695593093560413,0.292798,0.0858,0.025168,-0.95325,0.282,0.001,0.01,0.28208,0.0796,0.022446,-0.662833,66.84239688488923,0.001,0.0028199999999999996,1.0,945.6264775413713
50,47,1.092067,0.175723,0.001028,0.08374407001418284,90.97225602094122,0.09850794395786899,0.288991,0.0835,0.024164,-0.793787,0.282,0.001,0.01,0.28208,0.0796,0.022446,-0.662833,66.84239688488923,0.001,0.0028199999999999996,1.0,945.6264775413713
51,47,1.130198,0.18549,,,,,,,,,,,,,,,,,,,,
52,47,1.197457,0.202717,0.002499,0.20357629471346586,95.73967452485032,0.1870230080435349,0.290163,0.0842,0.024459,-0.441777,0.288,0.001,0.0159183673469387,0.288092,0.083,0.023912,-0.445267,65.44984694978736,0.001,0.004584489795918345,1.0,581.6714150047512
53,47,1.221013,0.208751,0.002363,0.19249731268824324,94.84983449216583,0.23376473320975788,0.29115,0.0848,0.0247,-1.240694,0.282,0.001,0.01,0.28208,0.0796,0.022446,-0.662833,66.84239688488923,0.001,0.0028199999999999996,1.0,945.6264775413713
54,47,1.20272,0.204065,0.002785,0.22687474220768405,94.25693241225251,0.25067326377100985,0.291166,0.0848,0.024712,-0.344365,0.29,0.001,0.0277551020408163,0.290156,0.0842,0.024429,-0.353149,64.99846869496125,0.001,0.008048979591836727,1.0,331.3049357674107
55,47,1.301436,0.22935,0.004267,0.3476030610413601,97.68680336290727,0.41406732043863415,0.292031,0.0853,0.024927,0.017547,0.292,0.001375,0.0395918367346938,0.292224,0.0854,0.024956,0.017152,64.55327370389986,0.001375,0.011560816326530589,1.0,230.664218801488
56,47,1.38267,0.250157,0.004124,0.335953837294251,95.92332342020977,0.478408405040997,0.291232,0.0848,0.024719,-0.903469,0.282,0.001,0.01,0.28208,0.0796,0.022446,-0.662833,66.84239688488923,0.001,0.0028199999999999996,1.0,945.6264775413713
57,47,1.487845,0.277097,0.005558,0.4527719271778484,95.80913983559907,0.5787508696862167,0.291984,0.0853,0.024916,-0.300301,0.307,0.001,0.01,0.307054,0.0943,0.028951,-0.296684,61.39920495615231,0.001,0.00307,1.0,868.6210640608035
58,47,1.497611,0.279598,0.005629,0.4585558074998397,95.19762383710497,0.590083618587663,0.292358,0.0855,0.02501,-0.098542,0.292,0.001,0.0159183673469387,0.292048,0.0853,0.02491,-0.099217,64.55327370389986,0.001,0.0046481632653061,1.0,573.7033134293436
0,48,0.420647,0.003746,,,,,,,,,,,,,,,,,,,,
1,48,0.470995,0.016642,,,,,,,,,,,,,,,,,,,,
2,48,0.490034,0.021519,,,,,,,,,,,,,,,,,,,,
3,48,0.448572,0.010899,,,,,,,,,,,,,,,,,,,,
4,48,0.43596,0.007669,,,,,,,,,,,,,,,,,,,,
5,48,0.449378,0.011105,,,,,,,,,,,,,,,,,,,,
6,48,0.463593,0.014747,,,,,,,,,,,,,,,,,,,,
7,48,0.865083,0.117583,,,,,,,,,,,,,,,,,,,,
8,48,2.045952,0.420049,,,,,,,,,,,,,,,,,,,,
9,48,2.68169,0.582886,,,,,,,,,,,,,,,,,,,,
10,48,2.969352,0.656567,,,,,,,,,,,,,,,,,,,,
11,48,3.036639,0.673802,0.001014,0.0826035865704099,78.62349835736163,0.09568431298295987,0.285521,0.0816,0.023319,0.546691,0.282,0.007375,0.1697959183673469,0.285771,0.0817,0.023409,0.547848,66.84239688488923,0.007375,0.04788244897959182,1.0,55.691943989816345
12,48,3.263332,0.731867,0.003283,0.26744336756474923,93.84988947449799,0.23683608413272372,0.289939,0.0841,0.024414,-0.299553,0.29,0.001,0.0159183673469387,0.290073,0.0841,0.024408,-0.280966,64.99846869496125,0.001,0.004616326530612222,1.0,577.6598880047184
13,48,3.220664,0.720938,,,,,,,,,,,,,,,,,,,,
14,48,3.129648,0.697625,0.004434,0.3612073992635084,92.29645154087633,0.5126555192073639,0.290146,0.0842,0.024446,-1.409947,0.282,0.001,0.01,0.28208,0.0796,0.022446,-0.662833,66.84239688488923,0.001,0.0028199999999999996,1.0,945.6264775413713
15,48,3.108883,0.692306,,,,,,,,,,,,,,,,,,,,
16,48,2.863358,0.629418,0.003994,0.32536363388778816,88.26128780051421,0.46786257423374744,0.290039,0.0841,0.024421,-0.973173,0.282,0.001,0.01,0.28208,0.0796,0.022446,-0.662833,66.84239688488923,0.001,0.0028199999999999996,1.0,945.6264775413713
17,48,2.907181,0.640643,0.005261,0.42857738554923724,96.6823188453195,0.4890827312979331,0.289441,0.0838,0.024271,-0.79715,0.282,0.001,0.01,0.28208,0.0796,0.022446,-0.662833,66.84239688488923,0.001,0.0028199999999999996,1.0,945.6264775413713
18,48,3.031171,0.672401,,,,,,,,,,,,,,,,,,,,
19,48,3.005572,0.665845,,,,,,,,,,,,,,,,,,,,
20,48,2.812781,0.616463,,,,,,,,,,,,,,,,,,,,
21,48,2.827346,0.620194,,,,,,,,,,,,,,,,,,,,
22,48,2.645508,0.573618,,,,,,,,,,,,,,,,,,,,
23,48,2.54116,0.546891,,,,,,,,,,,,,,,,,,,,
24,48,2.246363,0.471382,,,,,,,,,,,,,,,,,,,,
25,48,1.906513,0.384334,0.001808,0.14728529045295968,86.85994167966109,0.18284385407748127,0.291237,0.0849,0.024734,-1.138667,0.282,0.001,0.01,0.28208,0.0796,0.022446,-0.662833,66.84239688488923,0.001,0.0028199999999999996,1.0,945.6264775413713
26,48,1.865864,0.373922,,,,,,,,,,,,,,,,,,,,
27,48,1.850825,0.37007,,,,,,,,,,,,,,,,,,,,
28,48,1.726367,0.338191,,,,,,,,,,,,,,,,,,,,
29,48,1.973172,0.401408,,,,,,,,,,,,,,,,,,,,
30,48,2.373559,0.503962,,,,,,,,,,,,,,,,,,,,
31,48,2.528435,0.543632,,,,,,,,,,,,,,,,,,,,
32,48,2.319196,0.490038,,,,,,,,,,,,,,,,,,,,
33,48,2.241588,0.470159,,,,,,,,,,,,,,,,,,,,
34,48,2.109409,0.436303,,,,,,,,,,,,,,,,,,,,
35,48,1.913708,0.386176,,,,,,,,,,,,,,,,,,,,
36,48,1.928331,0.389922,,,,,,,,,,,,,,,,,,,,
37,48,1.979082,0.402921,0.002418,0.19697778336020827,87.7477134019421,0.24020720623956526,0.291138,0.0848,0.024722,-0.826637,0.282,0.001,0.01,0.28208,0.0796,0.022446,-0.662833,66.84239688488923,0.001,0.0028199999999999996,1.0,945.6264775413713
38,48,1.961698,0.398468,0.00196,0.1596676821282085,88.18632858904343,0.1997984820182257,0.289108,0.0836,0.024195,-0.904508,0.282,0.001,0.01,0.28208,0.0796,0.022446,-0.662833,66.84239688488923,0.001,0.0028199999999999996,1.0,945.6264775413713
39,48,1.961734,0.398478,,,,,,,,,,,,,,,,,,,,
40,48,1.919966,0.387779,,,,,,,,,,,,,,,,,,,,
41,48,1.878836,0.377244,,,,,,,,,,,,,,,,,,,,
42,48,1.863107,0.373215,,,,,,,,,,,,,,,,,,,,
43,48,1.895913,0.381618,0.000416,0.03388865090068099,62.7554680450567,0.1053010626322326,0.289214,0.0837,0.024229,-1.007421,0.282,0.001,0.01,0.28208,0.0796,0.022446,-0.662833,66.84239688488923,0.001,0.0028199999999999996,1.0,945.6264775413713
44,48,1.775872,0.350871,0.00089,0.07250216178270692,79.2842718362326,0.13152264866034846,0.289804,0.084,0.024376,-1.192547,0.282,0.001,0.01,0.28208,0.0796,0.022446,-0.662833,66.84239688488923,0.001,0.0028199999999999996,1.0,945.6264775413713
45,48,1.589081,0.303027,0.00266,0.21669185431685442,93.90740214461336,0.2528825801454613,0.29211,0.0854,0.024953,-0.778817,0.282,0.001,0.01,0.28208,0.0796,0.022446,-0.662833,66.84239688488923,0.001,0.0028199999999999996,1.0,945.6264775413713
46,48,1.254518,0.217333,0.001849,0.1506252776811518,93.50121501495954,0.13711907213639896,0.290682,0.0845,0.024594,-0.603294,0.284,0.001,0.0277551020408163,0.284173,0.0808,0.022949,-0.611751,66.37167578006606,0.001,0.007882448979591828,1.0,338.30433581883494
47,48,1.187061,0.200054,0.001687,0.13742825497463662,92.96182723167087,0.12780009432005945,0.289672,0.0839,0.02434,-0.515472,0.299,0.001,0.0277551020408163,0.299164,0.0895,0.026776,-0.510638,63.04199304862462,0.001,0.008298775510204073,1.0,321.3325463964853
48,48,1.13451,0.186594,0.00117,0.09531183065816529,86.13292115163485,0.1251421137762272,0.290279,0.0843,0.024491,-1.016257,0.282,0.001,0.01,0.28208,0.0796,0.022446,-0.662833,66.84239688488923,0.001,0.0028199999999999996,1.0,945.6264775413713
49,48,1.057734,0.166929,0.001899,0.15469843283748366,94.30972496016615,0.16648468077689482,0.292244,0.0854,0.024989,-0.584002,0.286,0.001,0.0277551020408163,0.286176,0.0819,0.023438,-0.583495,65.90753818719845,0.001,0.007937959183673461,1.0,335.9385712326892
50,48,1.080766,0.172828,0.001167,0.09506744134878538,92.76182549436156,0.09462790697683077,0.28976,0.084,0.02436,-0.582587,0.286,0.001,0.0277551020408163,0.286176,0.0819,0.023438,-0.583495,65.90753818719845,0.001,0.007937959183673461,1.0,335.9385712326892
51,48,1.159011,0.19287,0.00184,0.1498921097530121,93.88880674175665,0.137711709914781,0.291734,0.0851,0.024864,-0.76269,0.282,0.001,0.01,0.28208,0.0796,0.022446,-0.662833,66.84239688488923,0.001,0.0028199999999999996,1.0,945.6264775413713
52,48,1.24295,0.21437,0.001986,0.16178572280950107,92.15239774177975,0.20266164813669163,0.290855,0.0846,0.024628,-0.898587,0.282,0.001,0.01,0.28208,0.0796,0.022446,-0.662833,66.84239688488923,0.001,0.0028199999999999996,1.0,945.6264775413713
53,48,1.287303,0.22573,0.001697,0.13824288600590298,89.27093528187454,0.19635151736093803,0.291797,0.0852,0.02487,-1.162511,0.282,0.001,0.01,0.28208,0.0796,0.022446,-0.662833,66.84239688488923,0.001,0.0028199999999999996,1.0,945.6264775413713
54,48,1.384188,0.250546,0.004544,0.37016834060743853,97.45112200941277,0.33825951815969146,0.291557,0.085,0.024815,-0.178327,0.292,0.001,0.0277551020408163,0.292136,0.0853,0.024933,-0.190204,64.55327370389986,0.001,0.008104489795918358,1.0,329.0357238785929
55,48,1.488875,0.277361,0.002963,0.24137517456422541,94.28235597450964,0.33682927173044974,0.291067,0.0847,0.024679,-1.072126,0.282,0.001,0.01,0.28208,0.0796,0.022446,-0.662833,66.84239688488923,0.001,0.0028199999999999996,1.0,945.6264775413713
56,48,1.63577,0.314986,0.004632,0.37733709368258256,96.34937120683783,0.4523567904691339,0.291877,0.0852,0.024887,-0.621869,0.282,0.001,0.0218367346938775,0.282126,0.0796,0.022457,-0.619904,66.84239688488923,0.001,0.006157959183673454,1.0,433.0439009301617
57,48,1.829166,0.364522,0.005539,0.4512241282184423,96.21833618979288,0.6106330845121544,0.290706,0.0845,0.024585,-0.69366,0.282,0.001,0.01,0.28208,0.0796,0.022446,-0.662833,66.84239688488923,0.001,0.0028199999999999996,1.0,945.6264775413713
58,48,1.891499,0.380488,0.004934,0.40193895082682696,96.09698988887229,0.5430211878949247,0.291692,0.0851,0.024839,-0.709489,0.282,0.001,0.01,0.28208,0.0796,0.022446,-0.662833,66.84239688488923,0.001,0.0028199999999999996,1.0,945.6264775413713
0,49,0.418671,0.00324,,,,,,,,,,,,,,,,,,,,
1,49,0.441176,0.009005,,,,,,,,,,,,,,,,,,,,
2,49,0.450874,0.011489,,,,,,,,,,,,,,,,,,,,
3,49,0.493655,0.022447,,,,,,,,,,,,,,,,,,,,
4,49,0.451536,0.011658,,,,,,,,,,,,,,,,,,,,
5,49,0.438816,0.0084,,,,,,,,,,,,,,,,,,,,
6,49,0.456853,0.01302,,,,,,,,,,,,,,,,,,,,
7,49,0.8826,0.12207,0.000616,0.05018127152600839,88.50635006083398,0.05784379694621533,0.287128,0.0825,0.023697,-0.063535,0.288,0.001,0.0514285714285714,0.288426,0.0832,0.023995,-0.067311,65.44984694978736,0.001,0.014811428571428562,1.0,180.04115226337458
8,49,2.272775,0.478147,,,,,,,,,,,,,,,,,,,,
9,49,2.78188,0.608548,,,,,,,,,,,,,,,,,,,,
10,49,2.742212,0.598388,,,,,,,,,,,,,,,,,,,,
11,49,2.859062,0.628318,,,,,,,,,,,,,,,,,,,,
12,49,3.07269,0.683036,0.002156,0.17563445034102937,91.05671247881084,0.25215944609382346,0.288293,0.0832,0.023993,-1.154798,0.282,0.001,0.01,0.28208,0.0796,0.022446,-0.662833,66.84239688488923,0.001,0.0028199999999999996,1.0,945.6264775413713
13,49,3.069749,0.682283,,,,,,,,,,,,,,,,,,,,
14,49,2.968152,0.65626,,,,,,,,,,,,,,,,,,,,
15,49,2.762155,0.603496,,,,,,,,,,,,,,,,,,,,
16,49,2.710068,0.590155,,,,,,,,,,,,,,,,,,,,
17,49,2.742982,0.598585,,,,,,,,,,,,,,,,,,,,
18,49,2.863668,0.629498,0.002985,0.24316736283301144,88.669897031577,0.37271379345155875,0.289251,0.0837,0.024223,-0.901023,0.282,0.001,0.01,0.28208,0.0796,0.022446,-0.662833,66.84239688488923,0.001,0.0028199999999999996,1.0,945.6264775413713
19,49,2.786114,0.609633,0.00331,0.2696428713491685,91.55651199320336,0.3333060039454776,0.289275,0.0837,0.024233,-0.791231,0.282,0.001,0.01,0.28208,0.0796,0.022446,-0.662833,66.84239688488923,0.001,0.0028199999999999996,1.0,945.6264775413713
20,49,2.755857,0.601883,0.003055,0.24886978005187602,89.53869533934721,0.34938250096322676,0.289878,0.0841,0.024391,-0.972853,0.282,0.001,0.01,0.28208,0.0796,0.022446,-0.662833,66.84239688488923,0.001,0.0028199999999999996,1.0,945.6264775413713
21,49,2.840382,0.623533,,,,,,,,,,,,,,,,,,,,
22,49,2.672232,0.580464,,,,,,,,,,,,,,,,,,,,
23,49,2.512994,0.539677,,,,,,,,,,,,,,,,,,,,
24,49,2.176179,0.453405,,,,,,,,,,,,,,,,,,,,
25,49,1.925008,0.389071,0.002402,0.19567437371018206,90.95135553745251,0.2319104780137129,0.289232,0.0837,0.024225,-0.674098,0.282,0.001,0.01,0.28208,0.0796,0.022446,-0.662833,66.84239688488923,0.001,0.0028199999999999996,1.0,945.6264775413713
26,49,2.148178,0.446233,,,,,,,,,,,,,,,,,,,,
27,49,2.083233,0.429598,0.003503,0.2853652502526094,96.21386294375252,0.2754896559379407,0.289404,0.0838,0.024275,-0.368112,0.29,0.001,0.0336734693877551,0.290211,0.0842,0.024443,-0.362406,64.99846869496125,0.001,0.00976530612244898,1.0,273.075583420411
28,49,1.68134,0.326658,0.003605,0.2936744867715264,96.69252426639555,0.2763899593842525,0.292398,0.0855,0.025032,-0.536269,0.297,0.001,0.01,0.297063,0.0882,0.026215,-0.540406,63.466518254339256,0.001,0.00297,1.0,897.8675645342312
29,49,1.802739,0.357753,0.001792,0.1459818808029335,92.41664246852574,0.1813408906254632,0.290761,0.0846,0.02461,-0.830743,0.282,0.001,0.01,0.28208,0.0796,0.022446,-0.662833,66.84239688488923,0.001,0.0028199999999999996,1.0,945.6264775413713
30,49,2.196675,0.458655,,,,,,,,,,,,,,,,,,,,
31,49,2.43385,0.519405,,,,,,,,,,,,,,,,,,,,
32,49,2.537252,0.54589,,,,,,,,,,,,,,,,,,,,
33,49,2.180016,0.454388,,,,,,,,,,,,,,,,,,,,
34,49,2.042809,0.419244,,,,,,,,,,,,,,,,,,,,
35,49,1.958154,0.397561,,,,,,,,,,,,,,,,,,,,
36,49,1.944736,0.394124,0.00176,0.14337506150288112,79.36897932138898,0.20861161856529176,0.292024,0.0853,0.024942,-1.53681,0.282,0.001,0.01,0.28208,0.0796,0.022446,-0.662833,66.84239688488923,0.001,0.0028199999999999996,1.0,945.6264775413713
37,49,1.958078,0.397541,,,,,,,,,,,,,,,,,,,,
38,49,2.043026,0.4193,0.002631,0.21432942432618196,91.0245944935473,0.2199520240032995,0.290796,0.0846,0.024624,-0.81988,0.282,0.001,0.01,0.28208,0.0796,0.022446,-0.662833,66.84239688488923,0.001,0.0028199999999999996,1.0,945.6264775413713
39,49,1.983818,0.404134,,,,,,,,,,,,,,,,,,,,
40,49,1.891547,0.3805,,,,,,,,,,,,,,,,,,,,
41,49,1.884799,0.378772,,,,,,,,,,,,,,,,,,,,
42,49,1.877393,0.376875,,,,,,,,,,,,,,,,,,,,
43,49,1.880316,0.377623,,,,,,,,,,,,,,,,,,,,
44,49,1.69589,0.330385,0.001414,0.11518882782106471,88.83081513263221,0.1656498883043649,0.289767,0.084,0.024361,-1.194875,0.282,0.001,0.01,0.28208,0.0796,0.022446,-0.662833,66.84239688488923,0.001,0.0028199999999999996,1.0,945.6264775413713
45,49,1.437727,0.264259,0.000828,0.06745144938885543,81.84900935427483,0.08713008579458381,0.288842,0.0835,0.024141,-0.685327,0.282,0.001,0.01,0.28208,0.0796,0.022446,-0.662833,66.84239688488923,0.001,0.0028199999999999996,1.0,945.6264775413713
46,49,1.183554,0.199156,0.001354,0.11030104163346649,93.37351892061989,0.12084158553364277,0.289554,0.0839,0.02431,-0.398302,0.288,0.001,0.0395918367346938,0.28828,0.0831,0.023959,-0.404771,65.44984694978736,0.001,0.011402448979591813,1.0,233.86788850706424
47,49,1.222588,0.209154,0.001531,0.12472001088688124,91.84159724874137,0.11845500078540727,0.289619,0.0839,0.024323,-0.383157,0.299,0.001,0.0336734693877551,0.29921,0.0895,0.026788,-0.380372,63.04199304862462,0.001,0.010068367346938776,1.0,264.85591702983004
48,49,1.219687,0.208411,0.001316,0.10720544371465428,90.75685252008611,0.09928032357190897,0.291519,0.085,0.024814,-0.766338,0.282,0.001,0.01,0.28208,0.0796,0.022446,-0.662833,66.84239688488923,0.001,0.0028199999999999996,1.0,945.6264775413713
49,49,1.223043,0.209271,0.002333,0.1900534195944441,90.69937048483767,0.19368594068902545,0.289216,0.0837,0.024218,-0.480176,0.288,0.001,0.0336734693877551,0.288221,0.0831,0.023944,-0.474252,65.44984694978736,0.001,0.00969795918367347,1.0,274.9719416386083
50,49,1.289701,0.226344,0.000911,0.07421288694836631,93.13555957386185,0.0848437777154667,0.291294,0.0849,0.024765,-0.882158,0.282,0.001,0.01,0.28208,0.0796,0.022446,-0.662833,66.84239688488923,0.001,0.0028199999999999996,1.0,945.6264775413713
51,49,1.389361,0.251871,0.000496,0.04040569915081195,71.72686199869982,0.0993905948735132,0.287752,0.0828,0.02386,-0.798665,0.282,0.001,0.01,0.28208,0.0796,0.022446,-0.662833,66.84239688488923,0.001,0.0028199999999999996,1.0,945.6264775413713
52,49,1.477161,0.27436,0.001156,0.09417134721439237,90.51212200258864,0.0797655909159567,0.29271,0.0857,0.025134,-0.490423,0.288,0.001,0.0277551020408163,0.28817,0.083,0.023931,-0.490155,65.44984694978736,0.001,0.007993469387755093,1.0,333.6056644880178
53,49,1.526434,0.286981,0.00056,0.045619337750916714,66.00430605825551,0.15013887426370798,0.289613,0.0839,0.024313,-1.653545,0.282,0.001,0.01,0.28208,0.0796,0.022446,-0.662833,66.84239688488923,0.001,0.0028199999999999996,1.0,945.6264775413713
54,49,1.685036,0.327605,0.001862,0.1516842980217981,78.93485828096824,0.27679013391110696,0.291802,0.0852,0.024869,-0.957939,0.282,0.001,0.01,0.28208,0.0796,0.022446,-0.662833,66.84239688488923,0.001,0.0028199999999999996,1.0,945.6264775413713
55,49,1.924817,0.389022,0.003206,0.2611707086239982,94.43085846886315,0.3682417633946302,0.290756,0.0846,0.024601,-0.787643,0.282,0.001,0.01,0.28208,0.0796,0.022446,-0.662833,66.84239688488923,0.001,0.0028199999999999996,1.0,945.6264775413713
56,49,2.094586,0.432506,0.003978,0.324060224237762,92.91205709109936,0.42688737950125244,0.29099,0.0847,0.024662,-0.884904,0.282,0.001,0.01,0.28208,0.0796,0.022446,-0.662833,66.84239688488923,0.001,0.0028199999999999996,1.0,945.6264775413713
57,49,2.250774,0.472512,0.005651,0.4603479957686257,96.75446239303974,0.532504495319164,0.29141,0.0849,0.024772,-0.103247,0.292,0.001,0.0159183673469387,0.292048,0.0853,0.02491,-0.099217,64.55327370389986,0.001,0.0046481632653061,1.0,573.7033134293436
58,49,2.356005,0.499466,0.005724,0.46629480229687015,96.74180808956962,0.5560811672164023,0.290674,0.0845,0.024582,-0.626755,0.299,0.001,0.0159183673469387,0.299098,0.0895,0.026758,-0.633265,63.04199304862462,0.001,0.004759591836734671,1.0,560.2721321784893
0,50,0.425051,0.004874,,,,,,,,,,,,,,,,,,,,
1,50,0.473478,0.017279,,,,,,,,,,,,,,,,,,,,
2,50,0.475527,0.017803,,,,,,,,,,,,,,,,,,,,
3,50,0.471946,0.016886,,,,,,,,,,,,,,,,,,,,
4,50,0.470879,0.016613,,,,,,,,,,,,,,,,,,,,
5,50,0.449895,0.011238,,,,,,,,,,,,,,,,,,,,
6,50,0.501105,0.024355,,,,,,,,,,,,,,,,,,,,
7,50,1.029901,0.1598,,,,,,,,,,,,,,,,,,,,
8,50,2.371204,0.503359,,,,,,,,,,,,,,,,,,,,
9,50,2.80794,0.615223,,,,,,,,,,,,,,,,,,,,
10,50,2.877365,0.633006,,,,,,,,,,,,,,,,,,,,
11,50,2.831885,0.621357,,,,,,,,,,,,,,,,,,,,
12,50,2.83728,0.622739,,,,,,,,,,,,,,,,,,,,
13,50,2.828006,0.620363,,,,,,,,,,,,,,,,,,,,
14,50,2.854454,0.627138,0.004221,0.3438557582975348,90.60772295649402,0.4234939572191996,0.289513,0.0838,0.024293,-0.746418,0.282,0.001,0.01,0.28208,0.0796,0.022446,-0.662833,66.84239688488923,0.001,0.0028199999999999996,1.0,945.6264775413713
15,50,2.89152,0.636631,0.003852,0.3137958732438057,76.68217138126252,0.40670911650328945,0.285836,0.0818,0.023397,-0.415112,0.288,0.001,0.01,0.288068,0.083,0.023906,-0.420267,65.44984694978736,0.001,0.0028799999999999997,1.0,925.9259259259259
16,50,2.849962,0.625987,,,,,,,,,,,,,,,,,,,,
17,50,2.896048,0.637791,0.002962,0.24129371146109876,91.08591652344589,0.30862718183753346,0.289839,0.084,0.024374,-0.971005,0.282,0.001,0.01,0.28208,0.0796,0.022446,-0.662833,66.84239688488923,0.001,0.0028199999999999996,1.0,945.6264775413713
18,50,2.911314,0.641701,0.003324,0.2707833547929414,91.82142697997959,0.3850416241749972,0.28994,0.0841,0.024401,-1.516424,0.282,0.001,0.01,0.28208,0.0796,0.022446,-0.662833,66.84239688488923,0.001,0.0028199999999999996,1.0,945.6264775413713
19,50,2.795083,0.61193,,,,,,,,,,,,,,,,,,,,
20,50,2.816205,0.617341,,,,,,,,,,,,,,,,,,,,
21,50,2.788768,0.610313,,,,,,,,,,,,,,,,,,,,
22,50,2.650277,0.57484,,,,,,,,,,,,,,,,,,,,
23,50,2.480963,0.531472,,,,,,,,,,,,,,,,,,,,
24,50,2.047741,0.420507,,,,,,,,,,,,,,,,,,,,
25,50,1.912948,0.385982,0.001979,0.1612154810876146,89.39194257780895,0.20956598069231314,0.294164,0.0866,0.025494,-0.774873,0.282,0.001,0.01,0.28208,0.0796,0.022446,-0.662833,66.84239688488923,0.001,0.0028199999999999996,1.0,945.6264775413713
26,50,2.313434,0.488561,,,,,,,,,,,,,,,,,,,,
27,50,2.425765,0.517334,0.00138,0.11241908231475906,77.51616342217727,0.2167664319220397,0.28883,0.0835,0.024128,-1.161767,0.282,0.001,0.01,0.28208,0.0796,0.022446,-0.662833,66.84239688488923,0.001,0.0028199999999999996,1.0,945.6264775413713
28,50,2.103099,0.434687,,,,,,,,,,,,,,,,,,,,
29,50,2.151232,0.447016,,,,,,,,,,,,,,,,,,,,
30,50,2.250348,0.472403,,,,,,,,,,,,,,,,,,,,
31,50,2.366914,0.50226,0.003658,0.2979920312372381,94.83666275095142,0.32364019340484207,0.291249,0.0849,0.024736,-1.26974,0.282,0.001,0.01,0.28208,0.0796,0.022446,-0.662833,66.84239688488923,0.001,0.0028199999999999996,1.0,945.6264775413713
32,50,2.436981,0.520207,,,,,,,,,,,,,,,,,,,,
33,50,2.452568,0.524199,,,,,,,,,,,,,,,,,,,,
34,50,2.323799,0.491216,0.00405,0.32992556766287984,95.13090293166655,0.34699820762662226,0.291322,0.0849,0.024757,-0.999016,0.282,0.001,0.01,0.28208,0.0796,0.022446,-0.662833,66.84239688488923,0.001,0.0028199999999999996,1.0,945.6264775413713
35,50,2.100787,0.434095,,,,,,,,,,,,,,,,,,,,
36,50,2.112337,0.437053,,,,,,,,,,,,,,,,,,,,
37,50,2.114962,0.437725,0.001857,0.1512769825061649,83.05047292676751,0.24185611511863803,0.289632,0.0839,0.024325,-1.307576,0.282,0.001,0.01,0.28208,0.0796,0.022446,-0.662833,66.84239688488923,0.001,0.0028199999999999996,1.0,945.6264775413713
38,50,2.133801,0.442551,,,,,,,,,,,,,,,,,,,,
39,50,2.067859,0.425661,0.00241,0.19632607853519515,90.13854707241384,0.1848173322313058,0.288228,0.0831,0.023977,-0.517932,0.284,0.001,0.0336734693877551,0.284218,0.0808,0.02296,-0.531033,66.37167578006606,0.001,0.009563265306122448,1.0,278.8447858870394
40,50,2.07815,0.428296,,,,,,,,,,,,,,,,,,,,
41,50,2.164715,0.450469,,,,,,,,,,,,,,,,,,,,
42,50,2.175188,0.453152,0.000998,0.08130017692038372,71.2628366687477,0.17150637750567266,0.288669,0.0834,0.024092,-1.234895,0.282,0.001,0.01,0.28208,0.0796,0.022446,-0.662833,66.84239688488923,0.001,0.0028199999999999996,1.0,945.6264775413713
43,50,2.050475,0.421208,0.001291,0.10516886613648836,86.38888116479437,0.11849096981484486,0.29008,0.0842,0.02447,-0.18383,0.292,0.001,0.0277551020408163,0.292136,0.0853,0.024933,-0.190204,64.55327370389986,0.001,0.008104489795918358,1.0,329.0357238785929
44,50,1.803967,0.358068,,,,,,,,,,,,,,,,,,,,
45,50,1.590244,0.303325,0.002574,0.20968602744796364,94.84611924277279,0.14324778490451529,0.289782,0.084,0.024377,0.031454,0.288,0.009625,0.1106122448979591,0.289425,0.0839,0.024329,0.031557,65.44984694978736,0.009625,0.03185632653061222,1.0,83.70917042503766
46,50,1.453409,0.268276,,,,,,,,,,,,,,,,,,,,
47,50,1.514443,0.283909,0.000929,0.07567922280464577,86.31978388266393,0.07330904724847853,0.290043,0.0842,0.024447,-0.658068,0.284,0.001,0.0159183673469387,0.284106,0.0807,0.022933,-0.653076,66.37167578006606,0.001,0.00452081632653059,1.0,589.8639701456631
48,50,1.490306,0.277727,,,,,,,,,,,,,,,,,,,,
49,50,1.463114,0.270762,0.002124,0.173027631040977,93.63041415079785,0.13160823962083557,0.289389,0.0838,0.024273,-0.177688,0.292,0.001,0.0277551020408163,0.292136,0.0853,0.024933,-0.190204,64.55327370389986,0.001,0.008104489795918358,1.0,329.0357238785929
50,50,1.506122,0.281778,0.002254,0.1836178344474398,95.69583966799976,0.1446479437700383,0.291134,0.0848,0.024717,-0.079216,0.295,0.001,0.0277551020408163,0.295121,0.0871,0.025705,-0.084105,63.8967997340297,0.001,0.008187755102040808,1.0,325.68959787304783
51,50,1.619437,0.310802,0.001451,0.11820296263675029,90.61056535839103,0.10736835244216447,0.289974,0.0841,0.024426,-0.494489,0.288,0.001,0.0277551020408163,0.28817,0.083,0.023931,-0.490155,65.44984694978736,0.001,0.007993469387755093,1.0,333.6056644880178
52,50,1.844653,0.368489,,,,,,,,,,,,,,,,,,,,
53,50,1.954828,0.396709,0.002119,0.1726203155253438,91.83966789619997,0.20944806804528948,0.291422,0.085,0.02478,-0.769928,0.282,0.001,0.01,0.28208,0.0796,0.022446,-0.662833,66.84239688488923,0.001,0.0028199999999999996,1.0,945.6264775413713
54,50,2.075835,0.427703,0.003776,0.3076046774061813,95.14187764586715,0.32584639887376143,0.290094,0.0842,0.024442,-0.550206,0.282,0.001,0.0277551020408163,0.282162,0.0796,0.022465,-0.554439,66.84239688488923,0.001,0.007826938775510196,1.0,340.70365734946495
55,50,2.208672,0.461728,0.004473,0.3643844602854473,96.93576400891662,0.4422688924515745,0.29141,0.0849,0.02477,-0.641901,0.284,0.001,0.0218367346938775,0.284135,0.0807,0.02294,-0.646345,66.37167578006606,0.001,0.00620163265306121,1.0,429.9942959940338
56,50,2.144918,0.445398,0.004608,0.3753819792075433,96.49365371982539,0.478516194057482,0.291199,0.0848,0.024715,-0.823764,0.282,0.001,0.01,0.28208,0.0796,0.022446,-0.662833,66.84239688488923,0.001,0.0028199999999999996,1.0,945.6264775413713
57,50,2.053433,0.421965,0.004824,0.3929780094828969,94.06660191477398,0.513507749437111,0.29176,0.0851,0.024856,-0.567854,0.286,0.001,0.01,0.286081,0.0818,0.023414,-0.559748,65.90753818719845,0.001,0.0028599999999999997,1.0,932.4009324009326
58,50,2.06961,0.426109,0.004719,0.3844243836546,96.16692595722097,0.44689381740071443,0.292087,0.0853,0.024941,-0.235769,0.29,0.001,0.0455102040816326,0.290344,0.0843,0.024477,-0.222346,64.99846869496125,0.001,0.013197959183673454,1.0,202.05144064738954
0,51,0.432103,0.006681,,,,,,,,,,,,,,,,,,,,
1,51,0.476312,0.018004,,,,,,,,,,,,,,,,,,,,
2,51,0.489794,0.021458,,,,,,,,,,,,,,,,,,,,
3,51,0.489024,0.02126,,,,,,,,,,,,,,,,,,,,
4,51,0.458111,0.013342,,,,,,,,,,,,,,,,,,,,
5,51,0.454706,0.01247,,,,,,,,,,,,,,,,,,,,
6,51,0.577938,0.044035,,,,,,,,,,,,,,,,,,,,
7,51,1.14413,0.189058,,,,,,,,,,,,,,,,,,,,
8,51,2.273212,0.478259,,,,,,,,,,,,,,,,,,,,
9,51,2.608267,0.56408,,,,,,,,,,,,,,,,,,,,
10,51,2.643703,0.573156,,,,,,,,,,,,,,,,,,,,
11,51,2.708645,0.58979,,,,,,,,,,,,,,,,,,,,
12,51,2.739797,0.59777,,,,,,,,,,,,,,,,,,,,
13,51,2.541293,0.546925,,,,,,,,,,,,,,,,,,,,
14,51,2.673659,0.580829,,,,,,,,,,,,,,,,,,,,
15,51,2.885021,0.634967,,,,,,,,,,,,,,,,,,,,
16,51,3.003599,0.665339,,,,,,,,,,,,,,,,,,,,
17,51,2.852299,0.626586,0.002987,0.2433302890392647,80.84293344449196,0.33670677244227765,0.287027,0.0824,0.023683,-0.732201,0.282,0.001,0.01,0.28208,0.0796,0.022446,-0.662833,66.84239688488923,0.001,0.0028199999999999996,1.0,945.6264775413713
18,51,2.770301,0.605583,,,,,,,,,,,,,,,,,,,,
19,51,2.713892,0.591134,,,,,,,,,,,,,,,,,,,,
20,51,2.78005,0.60808,0.003092,0.2518839148675616,88.74905374354596,0.39855395886383516,0.289946,0.0841,0.024394,-1.375773,0.282,0.001,0.01,0.28208,0.0796,0.022446,-0.662833,66.84239688488923,0.001,0.0028199999999999996,1.0,945.6264775413713
21,51,2.760326,0.603028,0.004257,0.34678843001009374,95.65455547509472,0.45268696900380334,0.2916,0.0851,0.024824,-0.568083,0.286,0.001,0.0159183673469387,0.286103,0.0819,0.02342,-0.576313,65.90753818719845,0.001,0.004552653061224468,1.0,585.7390472775116
22,51,2.78042,0.608175,,,,,,,,,,,,,,,,,,,,
23,51,2.649674,0.574686,,,,,,,,,,,,,,,,,,,,
24,51,2.405498,0.512143,,,,,,,,,,,,,,,,,,,,
25,51,2.303887,0.486116,0.002869,0.23371764287032154,94.06058835753227,0.26143341546222,0.292733,0.0857,0.02512,-0.597999,0.299,0.001,0.0218367346938775,0.299127,0.0895,0.026766,-0.591508,63.04199304862462,0.001,0.006529183673469372,1.0,408.4226757936641
26,51,2.288593,0.482199,,,,,,,,,,,,,,,,,,,,
27,51,2.192918,0.457693,0.001784,0.14533017597792042,86.3273426286671,0.20911962864332745,0.28746,0.0827,0.023777,-0.790897,0.282,0.001,0.01,0.28208,0.0796,0.022446,-0.662833,66.84239688488923,0.001,0.0028199999999999996,1.0,945.6264775413713
28,51,2.146572,0.445822,,,,,,,,,,,,,,,,,,,,
29,51,2.318231,0.48979,,,,,,,,,,,,,,,,,,,,
30,51,2.490096,0.533811,0.002154,0.1754715241347761,91.1170013540609,0.19072519880979066,0.290912,0.0847,0.024654,-0.182649,0.292,0.001,0.0277551020408163,0.292136,0.0853,0.024933,-0.190204,64.55327370389986,0.001,0.008104489795918358,1.0,329.0357238785929
31,51,2.382239,0.506185,,,,,,,,,,,,,,,,,,,,
32,51,2.439326,0.520807,0.00278,0.22646742669205086,94.10511731035692,0.2929972496482396,0.290713,0.0846,0.024605,-0.982524,0.282,0.001,0.01,0.28208,0.0796,0.022446,-0.662833,66.84239688488923,0.001,0.0028199999999999996,1.0,945.6264775413713
33,51,2.599981,0.561957,0.003216,0.2619853396552646,89.82020280079277,0.3513452125635488,0.290203,0.0842,0.024463,-1.162172,0.282,0.001,0.01,0.28208,0.0796,0.022446,-0.662833,66.84239688488923,0.001,0.0028199999999999996,1.0,945.6264775413713
34,51,2.713083,0.590927,,,,,,,,,,,,,,,,,,,,
35,51,2.470897,0.528894,,,,,,,,,,,,,,,,,,,,
36,51,2.451638,0.523961,0.002713,0.22100939878256617,92.6344232749851,0.2360088658536541,0.288947,0.0835,0.024159,-0.55913,0.286,0.001,0.01,0.286081,0.0818,0.023414,-0.559748,65.90753818719845,0.001,0.0028599999999999997,1.0,932.4009324009326
37,51,2.425484,0.517262,,,,,,,,,,,,,,,,,,,,
38,51,2.324235,0.491328,,,,,,,,,,,,,,,,,,,,
39,51,2.332393,0.493418,0.002413,0.1965704678445751,89.92963361430344,0.20603324898403352,0.289696,0.084,0.02435,-0.82253,0.282,0.001,0.01,0.28208,0.0796,0.022446,-0.662833,66.84239688488923,0.001,0.0028199999999999996,1.0,945.6264775413713
40,51,2.361397,0.500847,,,,,,,,,,,,,,,,,,,,
41,51,2.421423,0.516222,,,,,,,,,,,,,,,,,,,,
42,51,2.404734,0.511947,,,,,,,,,,,,,,,,,,,,
43,51,2.261314,0.475212,,,,,,,,,,,,,,,,,,,,
44,51,2.008933,0.410567,0.001251,0.10191034201142288,88.27290827060281,0.1120107106168482,0.290179,0.0842,0.02447,-0.928932,0.282,0.001,0.01,0.28208,0.0796,0.022446,-0.662833,66.84239688488923,0.001,0.0028199999999999996,1.0,945.6264775413713
45,51,1.751596,0.344653,0.002039,0.16610326727521285,94.1278618824324,0.14361919394999267,0.29215,0.0854,0.024977,-0.57368,0.286,0.001,0.0159183673469387,0.286103,0.0819,0.02342,-0.576313,65.90753818719845,0.001,0.004552653061224468,1.0,585.7390472775116
46,51,1.597396,0.305157,0.001415,0.11527029092419136,85.14135079895448,0.10136903804067265,0.288344,0.0832,0.024011,-0.141531,0.292,0.001,0.0218367346938775,0.292087,0.0853,0.02492,-0.144198,64.55327370389986,0.001,0.006376326530612229,1.0,418.21363035036165
47,51,1.586791,0.30244,0.000835,0.0680216911107419,82.65048799476831,0.08411058329957166,0.290584,0.0845,0.02458,-0.754704,0.282,0.001,0.01,0.28208,0.0796,0.022446,-0.662833,66.84239688488923,0.001,0.0028199999999999996,1.0,945.6264775413713
48,51,1.603468,0.306712,0.000279,0.022728205772331724,66.57752714779055,0.06465316222763051,0.287879,0.0829,0.0239,-0.747841,0.282,0.001,0.01,0.28208,0.0796,0.022446,-0.662833,66.84239688488923,0.001,0.0028199999999999996,1.0,945.6264775413713
49,51,1.743027,0.342459,,,,,,,,,,,,,,,,,,,,
50,51,1.934671,0.391546,,,,,,,,,,,,,,,,,,,,
51,51,2.062131,0.424193,0.000684,0.05572076253861971,75.65907138606815,0.08953092502064064,0.287054,0.0824,0.02369,-0.564107,0.286,0.001,0.01,0.286081,0.0818,0.023414,-0.559748,65.90753818719845,0.001,0.0028599999999999997,1.0,932.4009324009326
52,51,2.025433,0.414793,0.001107,0.09017965516118714,88.5635898024555,0.13408382021958531,0.288918,0.0835,0.024153,-1.181831,0.282,0.001,0.01,0.28208,0.0796,0.022446,-0.662833,66.84239688488923,0.001,0.0028199999999999996,1.0,945.6264775413713
53,51,1.924579,0.388961,0.002121,0.17278324173159706,91.75819331051231,0.21533565929093368,0.291013,0.0847,0.024674,-0.778801,0.282,0.001,0.01,0.28208,0.0796,0.022446,-0.662833,66.84239688488923,0.001,0.0028199999999999996,1.0,945.6264775413713
54,51,1.878713,0.377213,0.003043,0.24789222281435638,93.90982713863183,0.31749721604106695,0.291147,0.0848,0.0247,-0.812786,0.282,0.001,0.01,0.28208,0.0796,0.022446,-0.662833,66.84239688488923,0.001,0.0028199999999999996,1.0,945.6264775413713
55,51,1.951769,0.395925,0.005178,0.4218159479897264,96.94891899653946,0.41887387350226746,0.291873,0.0852,0.024893,-0.434764,0.297,0.001,0.0218367346938775,0.297108,0.0883,0.026228,-0.437238,63.466518254339256,0.001,0.006485510204081618,1.0,411.1729968427797
56,51,1.908914,0.384948,0.004557,0.37122736094808484,97.38391426326841,0.48811046453453244,0.291364,0.0849,0.024758,-1.095285,0.282,0.001,0.01,0.28208,0.0796,0.022446,-0.662833,66.84239688488923,0.001,0.0028199999999999996,1.0,945.6264775413713
57,51,1.937055,0.392156,0.006517,0.5308950430762933,96.97772267757789,0.5908873333190532,0.291267,0.0849,0.024732,-0.479162,0.288,0.001,0.0336734693877551,0.288221,0.0831,0.023944,-0.474252,65.44984694978736,0.001,0.00969795918367347,1.0,274.9719416386083
58,51,1.952732,0.396172,0.005077,0.41358817457393604,97.05821264131806,0.5080113160871167,0.291314,0.0849,0.024745,-0.483914,0.288,0.001,0.0277551020408163,0.28817,0.083,0.023931,-0.490155,65.44984694978736,0.001,0.007993469387755093,1.0,333.6056644880178
0,52,0.442955,0.00946,,,,,,,,,,,,,,,,,,,,
1,52,0.45847,0.013434,,,,,,,,,,,,,,,,,,,,
2,52,0.530437,0.031868,,,,,,,,,,,,,,,,,,,,
3,52,0.493479,0.022402,,,,,,,,,,,,,,,,,,,,
4,52,0.471285,0.016717,,,,,,,,,,,,,,,,,,,,
5,52,0.475045,0.01768,,,,,,,,,,,,,,,,,,,,
6,52,0.673595,0.068536,,,,,,,,,,,,,,,,,,,,
7,52,1.486836,0.276838,,,,,,,,,,,,,,,,,,,,
8,52,2.329335,0.492635,,,,,,,,,,,,,,,,,,,,
9,52,2.549166,0.548942,,,,,,,,,,,,,,,,,,,,
10,52,2.582975,0.557601,0.0014,0.11404834437729179,80.24672182613179,0.15730238850921419,0.28575,0.0817,0.023359,-0.459933,0.288,0.001,0.0218367346938775,0.288127,0.083,0.02392,-0.47349,65.44984694978736,0.001,0.0062889795918367195,1.0,424.02215299411665
11,52,2.830262,0.620941,0.002588,0.21082651089173654,76.6799888222229,0.2711789006175125,0.285869,0.0818,0.0234,-0.434314,0.286,0.001,0.0395918367346938,0.28628,0.082,0.023463,-0.43265,65.90753818719845,0.001,0.011323265306122425,1.0,235.50332828683395
12,52,3.04711,0.676484,0.001483,0.12080978193680267,77.48940723773143,0.17283570660417702,0.286044,0.0819,0.023435,-0.032954,0.286,0.001375,0.0159183673469387,0.286033,0.0818,0.023403,-0.031648,65.90753818719845,0.001375,0.004552653061224468,1.0,585.7390472775116
13,52,2.855884,0.627504,,,,,,,,,,,,,,,,,,,,
14,52,2.789108,0.6104,0.003158,0.2572604796739197,92.42609108149551,0.3531909160749853,0.290093,0.0842,0.024443,-0.749787,0.282,0.001,0.01,0.28208,0.0796,0.022446,-0.662833,66.84239688488923,0.001,0.0028199999999999996,1.0,945.6264775413713
15,52,2.783174,0.60888,,,,,,,,,,,,,,,,,,,,
16,52,2.848992,0.625738,,,,,,,,,,,,,,,,,,,,
17,52,2.888476,0.635852,,,,,,,,,,,,,,,,,,,,
18,52,2.902079,0.639336,,,,,,,,,,,,,,,,,,,,
19,52,2.867628,0.630512,,,,,,,,,,,,,,,,,,,,
20,52,2.862041,0.629081,0.002739,0.22312743946385874,85.7884090965256,0.347361969229945,0.289756,0.084,0.024349,-1.15636,0.282,0.001,0.01,0.28208,0.0796,0.022446,-0.662833,66.84239688488923,0.001,0.0028199999999999996,1.0,945.6264775413713
21,52,2.985438,0.660687,,,,,,,,,,,,,,,,,,,,
22,52,2.992811,0.662576,,,,,,,,,,,,,,,,,,,,
23,52,2.782655,0.608747,0.003046,0.2481366121237363,92.88200080935081,0.29402528680595097,0.290508,0.0844,0.024548,-0.755594,0.282,0.001,0.01,0.28208,0.0796,0.022446,-0.662833,66.84239688488923,0.001,0.0028199999999999996,1.0,945.6264775413713
24,52,2.586784,0.558577,,,,,,,,,,,,,,,,,,,,
25,52,2.427498,0.517778,,,,,,,,,,,,,,,,,,,,
26,52,2.155307,0.448059,,,,,,,,,,,,,,,,,,,,
27,52,2.100648,0.434059,,,,,,,,,,,,,,,,,,,,
28,52,2.125442,0.44041,,,,,,,,,,,,,,,,,,,,
29,52,2.234591,0.468367,0.000803,0.06541487181068951,68.88059665016337,0.15982870760427725,0.28942,0.0838,0.024276,-1.31369,0.282,0.001,0.01,0.28208,0.0796,0.022446,-0.662833,66.84239688488923,0.001,0.0028199999999999996,1.0,945.6264775413713
30,52,2.458445,0.525704,0.002502,0.20382068402284576,91.45060274357785,0.25347322268109984,0.291441,0.085,0.024785,-1.499309,0.282,0.001,0.01,0.28208,0.0796,0.022446,-0.662833,66.84239688488923,0.001,0.0028199999999999996,1.0,945.6264775413713
31,52,2.399607,0.510634,,,,,,,,,,,,,,,,,,,,
32,52,2.460709,0.526284,0.002185,0.17799688033170183,91.13469413017954,0.20924892993591415,0.291572,0.0851,0.024822,-1.116168,0.282,0.001,0.01,0.28208,0.0796,0.022446,-0.662833,66.84239688488923,0.001,0.0028199999999999996,1.0,945.6264775413713
33,52,2.520894,0.5417,,,,,,,,,,,,,,,,,,,,
34,52,2.642102,0.572746,0.002903,0.23648738837662722,90.86016092385573,0.32037179763744916,0.289895,0.0841,0.024397,-0.87443,0.282,0.001,0.01,0.28208,0.0796,0.022446,-0.662833,66.84239688488923,0.001,0.0028199999999999996,1.0,945.6264775413713
35,52,2.453316,0.524391,0.001702,0.13865020152153618,82.18668466893617,0.2444826426754947,0.289941,0.0841,0.024404,-1.342349,0.282,0.001,0.01,0.28208,0.0796,0.022446,-0.662833,66.84239688488923,0.001,0.0028199999999999996,1.0,945.6264775413713
36,52,2.395921,0.50969,,,,,,,,,,,,,,,,,,,,
37,52,2.345055,0.496661,0.001993,0.16235596453138754,89.97818764266368,0.1868636630489542,0.2899,0.0841,0.024408,-0.896921,0.282,0.001,0.01,0.28208,0.0796,0.022446,-0.662833,66.84239688488923,0.001,0.0028199999999999996,1.0,945.6264775413713
38,52,2.291935,0.483055,,,,,,,,,,,,,,,,,,,,
39,52,2.29159,0.482967,0.001959,0.15958621902508185,88.51567884336272,0.16376660050537195,0.290081,0.0842,0.024454,-0.50494,0.297,0.001,0.0159183673469387,0.297081,0.0883,0.02622,-0.503788,63.466518254339256,0.001,0.0047277551020407935,1.0,564.0450084894557
40,52,2.282298,0.480586,0.001902,0.15494282214686358,90.27433753832601,0.14808717365863533,0.289895,0.0841,0.024415,-0.543166,0.286,0.001,0.0336734693877551,0.286224,0.0819,0.023449,-0.536849,65.90753818719845,0.001,0.009630612244897958,1.0,276.8948223493678
41,52,2.260824,0.475086,,,,,,,,,,,,,,,,,,,,
42,52,2.218251,0.464182,,,,,,,,,,,,,,,,,,,,
43,52,2.1339,0.442576,0.000944,0.07690116935154533,73.42224425296214,0.12374295042280692,0.286091,0.0819,0.023443,-0.388426,0.284,0.001,0.0395918367346938,0.284272,0.0808,0.022973,-0.393613,66.37167578006606,0.001,0.011244081632653037,1.0,237.16180242969895
44,52,1.929529,0.390229,,,,,,,,,,,,,,,,,,,,
45,52,1.740365,0.341777,0.000129,0.010508740303336171,55.18794254723502,0.0853471156672343,0.289739,0.084,0.024369,-1.353325,0.282,0.001,0.01,0.28208,0.0796,0.022446,-0.662833,66.84239688488923,0.001,0.0028199999999999996,1.0,945.6264775413713
46,52,1.73793,0.341153,,,,,,,,,,,,,,,,,,,,
47,52,1.946888,0.394675,0.001386,0.11290786093351889,85.96778294150913,0.11629344586136203,0.289074,0.0836,0.024189,-0.720604,0.282,0.001,0.01,0.28208,0.0796,0.022446,-0.662833,66.84239688488923,0.001,0.0028199999999999996,1.0,945.6264775413713
48,52,2.110211,0.436508,0.000457,0.03722863812887311,70.92437966114198,0.08315434368055197,0.285263,0.0814,0.023245,-0.391651,0.284,0.001,0.0395918367346938,0.284272,0.0808,0.022973,-0.393613,66.37167578006606,0.001,0.011244081632653037,1.0,237.16180242969895
49,52,2.043949,0.419536,0.002052,0.1671622876158591,93.10606150703195,0.1432031155485627,0.28861,0.0833,0.02408,-0.196737,0.284,0.001,0.0455102040816326,0.284337,0.0808,0.022989,-0.200278,66.37167578006606,0.001,0.012924897959183657,1.0,206.320133055433
50,52,1.86387,0.373411,0.000292,0.023787226112978004,66.92915607112097,0.06577259153901083,0.288546,0.0833,0.024081,-0.7352,0.282,0.001,0.01,0.28208,0.0796,0.022446,-0.662833,66.84239688488923,0.001,0.0028199999999999996,1.0,945.6264775413713
51,52,1.772654,0.350047,0.001736,0.14141994702784183,93.37440994391534,0.13947410125927373,0.292362,0.0855,0.02503,-0.610851,0.284,0.001,0.0277551020408163,0.284173,0.0808,0.022949,-0.611751,66.37167578006606,0.001,0.007882448979591828,1.0,338.30433581883494
52,52,1.764314,0.347911,0.001686,0.13734679187150997,93.07806246542279,0.1694127969642325,0.290866,0.0846,0.024642,-0.572466,0.286,0.001,0.0159183673469387,0.286103,0.0819,0.02342,-0.576313,65.90753818719845,0.001,0.004552653061224468,1.0,585.7390472775116
53,52,1.782282,0.352513,0.002249,0.18321051893180662,93.43518820626247,0.22446130686642918,0.290316,0.0843,0.024496,-0.870597,0.282,0.001,0.01,0.28208,0.0796,0.022446,-0.662833,66.84239688488923,0.001,0.0028199999999999996,1.0,945.6264775413713
54,52,1.799291,0.35687,0.002567,0.20911578572607717,93.84158043733349,0.3094740644602709,0.291324,0.0849,0.024745,-0.933668,0.282,0.001,0.01,0.28208,0.0796,0.022446,-0.662833,66.84239688488923,0.001,0.0028199999999999996,1.0,945.6264775413713
55,52,1.858664,0.372078,0.005062,0.41236622802703643,96.63589237591358,0.4226959976737723,0.291718,0.0851,0.024852,-0.359988,0.29,0.001,0.0336734693877551,0.290211,0.0842,0.024443,-0.362406,64.99846869496125,0.001,0.00976530612244898,1.0,273.075583420411
56,52,1.912397,0.385841,0.004771,0.3886604650171851,94.51045381751128,0.4900295511519088,0.292595,0.0856,0.025073,-0.249075,0.29,0.001,0.01,0.290047,0.0841,0.024402,-0.250628,64.99846869496125,0.001,0.0029,1.0,919.5402298850574
57,52,1.900998,0.382921,0.00764,0.6223781078875067,97.86063050427803,0.6565851405449921,0.291612,0.0851,0.024825,-0.055925,0.294,0.001,0.0336734693877551,0.294173,0.0865,0.025458,-0.0583,64.1141357875468,0.001,0.009899999999999999,1.0,269.3602693602694
58,52,1.846264,0.368901,,,,,,,,,,,,,,,,,,,,
0,53,0.487978,0.020992,,,,,,,,,,,,,,,,,,,,
1,53,0.473079,0.017176,,,,,,,,,,,,,,,,,,,,
2,53,0.489073,0.021273,,,,,,,,,,,,,,,,,,,,
3,53,0.485513,0.020361,,,,,,,,,,,,,,,,,,,,
4,53,0.49341,0.022384,,,,,,,,,,,,,,,,,,,,
5,53,0.511634,0.027052,,,,,,,,,,,,,,,,,,,,
6,53,0.748748,0.087786,0.000454,0.03698424881949319,87.59753125472545,0.05282056229955079,0.284337,0.0809,0.023022,0.623399,0.278,0.009625,0.2053061224489795,0.283327,0.0804,0.022873,0.62478,67.80415799114661,0.009625,0.057075102040816304,1.0,46.72206568741033
7,53,1.714313,0.335104,,,,,,,,,,,,,,,,,,,,
8,53,2.5604,0.551819,,,,,,,,,,,,,,,,,,,,
9,53,2.744742,0.599036,5e-05,0.00407315515633185,50.832497808386,0.13145690684238032,0.279742,0.0783,0.021912,0.322486,0.279,0.0055,0.1283673469387755,0.281156,0.0791,0.022259,0.322092,67.56113233526436,0.0055,0.035814489795918364,1.0,74.45775946724714
10,53,2.890155,0.636282,0.001394,0.11355956575853197,75.44787567349003,0.2341456892824878,0.288859,0.0835,0.024136,-0.641257,0.284,0.001,0.0218367346938775,0.284135,0.0807,0.02294,-0.646345,66.37167578006606,0.001,0.00620163265306121,1.0,429.9942959940338
11,53,3.211176,0.718508,,,,,,,,,,,,,,,,,,,,
12,53,3.427705,0.773969,,,,,,,,,,,,,,,,,,,,
13,53,3.158665,0.705057,0.00132,0.10753129612716084,67.16845524784452,0.3330950756198563,0.288588,0.0833,0.024054,-1.522617,0.282,0.001,0.01,0.28208,0.0796,0.022446,-0.662833,66.84239688488923,0.001,0.0028199999999999996,1.0,945.6264775413713
14,53,3.046357,0.676291,,,,,,,,,,,,,,,,,,,,
15,53,3.099847,0.689992,,,,,,,,,,,,,,,,,,,,
16,53,2.890736,0.636431,,,,,,,,,,,,,,,,,,,,
17,53,2.996911,0.663626,,,,,,,,,,,,,,,,,,,,
18,53,3.089923,0.68745,,,,,,,,,,,,,,,,,,,,
19,53,3.053116,0.678023,0.003539,0.28829792196516835,91.89921441552225,0.40311598491830436,0.290551,0.0845,0.024554,-1.129243,0.282,0.001,0.01,0.28208,0.0796,0.022446,-0.662833,66.84239688488923,0.001,0.0028199999999999996,1.0,945.6264775413713
20,53,2.989875,0.661824,0.003432,0.27958136993061816,92.20489358392489,0.37308474527099467,0.289277,0.0837,0.024236,-0.572711,0.286,0.001,0.0159183673469387,0.286103,0.0819,0.02342,-0.576313,65.90753818719845,0.001,0.004552653061224468,1.0,585.7390472775116
21,53,2.967399,0.656067,,,,,,,,,,,,,,,,,,,,
22,53,3.007963,0.666457,,,,,,,,,,,,,,,,,,,,
23,53,2.829101,0.620644,,,,,,,,,,,,,,,,,,,,
24,53,2.624431,0.56822,,,,,,,,,,,,,,,,,,,,
25,53,2.707517,0.589501,0.001259,0.10256204683643598,81.49190692133321,0.19160853405687917,0.28739,0.0826,0.023764,-1.21121,0.282,0.001,0.01,0.28208,0.0796,0.022446,-0.662833,66.84239688488923,0.001,0.0028199999999999996,1.0,945.6264775413713
26,53,2.509337,0.53874,,,,,,,,,,,,,,,,,,,,
27,53,2.281957,0.480499,0.001579,0.12863023983695984,91.5851121017113,0.1554929628932178,0.290187,0.0843,0.024473,-1.034425,0.282,0.001,0.01,0.28208,0.0796,0.022446,-0.662833,66.84239688488923,0.001,0.0028199999999999996,1.0,945.6264775413713
28,53,2.122267,0.439596,,,,,,,,,,,,,,,,,,,,
29,53,2.209846,0.462029,,,,,,,,,,,,,,,,,,,,
30,53,2.334307,0.493908,,,,,,,,,,,,,,,,,,,,
31,53,2.352033,0.498448,,,,,,,,,,,,,,,,,,,,
32,53,2.302,0.485633,0.001185,0.09653377720506486,77.61944763385777,0.1501893888738226,0.293237,0.086,0.025265,-1.179973,0.282,0.001,0.01,0.28208,0.0796,0.022446,-0.662833,66.84239688488923,0.001,0.0028199999999999996,1.0,945.6264775413713
33,53,2.258256,0.474428,,,,,,,,,,,,,,,,,,,,
34,53,2.464166,0.52717,,,,,,,,,,,,,,,,,,,,
35,53,2.343334,0.49622,0.002662,0.21685478052310767,92.44645626333846,0.2603864718228506,0.290015,0.0842,0.024431,-0.390422,0.284,0.001,0.0395918367346938,0.284272,0.0808,0.022973,-0.393613,66.37167578006606,0.001,0.011244081632653037,1.0,237.16180242969895
36,53,2.21302,0.462842,0.001433,0.11673662678047082,82.670226988964,0.13891873118520515,0.290309,0.0843,0.024525,-0.954111,0.282,0.001,0.01,0.28208,0.0796,0.022446,-0.662833,66.84239688488923,0.001,0.0028199999999999996,1.0,945.6264775413713
37,53,2.122374,0.439624,0.001083,0.08822454068614786,80.26411930166356,0.15991430876563317,0.289282,0.0837,0.024262,-1.054229,0.282,0.001,0.01,0.28208,0.0796,0.022446,-0.662833,66.84239688488923,0.001,0.0028199999999999996,1.0,945.6264775413713
38,53,2.035302,0.417321,,,,,,,,,,,,,,,,,,,,
39,53,2.066965,0.425431,,,,,,,,,,,,,,,,,,,,
40,53,2.095825,0.432824,0.002619,0.21335186708866227,92.12344856507934,0.26136555179207344,0.290053,0.0842,0.024432,-0.535479,0.286,0.001,0.0336734693877551,0.286224,0.0819,0.023449,-0.536849,65.90753818719845,0.001,0.009630612244897958,1.0,276.8948223493678
41,53,2.099401,0.43374,0.000735,0.05987538079807819,68.02265726456223,0.11911976357195342,0.28988,0.0841,0.024412,-0.977797,0.282,0.001,0.01,0.28208,0.0796,0.022446,-0.662833,66.84239688488923,0.001,0.0028199999999999996,1.0,945.6264775413713
42,53,2.096246,0.432931,,,,,,,,,,,,,,,,,,,,
43,53,2.108001,0.435942,0.000918,0.07478312867025276,77.65295632892132,0.12321340065570974,0.289023,0.0836,0.024186,-1.203501,0.282,0.001,0.01,0.28208,0.0796,0.022446,-0.662833,66.84239688488923,0.001,0.0028199999999999996,1.0,945.6264775413713
44,53,2.056675,0.422796,,,,,,,,,,,,,,,,,,,,
45,53,2.041119,0.418811,0.002013,0.16398522659392029,92.20011370795103,0.14179671886996092,0.29215,0.0854,0.02498,-0.803842,0.282,0.001,0.01,0.28208,0.0796,0.022446,-0.662833,66.84239688488923,0.001,0.0028199999999999996,1.0,945.6264775413713
46,53,1.987542,0.405088,,,,,,,,,,,,,,,,,,,,
47,53,1.900017,0.38267,0.000639,0.05205492289792105,69.03894694627807,0.06405302588175243,0.286782,0.0823,0.02362,-0.138232,0.292,0.001,0.0455102040816326,0.292334,0.0855,0.024984,-0.135857,64.55327370389986,0.001,0.01328897959183672,1.0,200.6675266703526
48,53,1.776592,0.351056,,,,,,,,,,,,,,,,,,,,
49,53,1.79315,0.355297,0.002524,0.2056128722916318,93.98954825338978,0.2056763306360423,0.289198,0.0837,0.024218,-0.195299,0.292,0.001,0.0277551020408163,0.292136,0.0853,0.024933,-0.190204,64.55327370389986,0.001,0.008104489795918358,1.0,329.0357238785929
50,53,1.76263,0.34748,0.001558,0.12691951467130044,92.0211959341964,0.11772190796484105,0.292469,0.0856,0.025057,-0.595107,0.299,0.001,0.0218367346938775,0.299127,0.0895,0.026766,-0.591508,63.04199304862462,0.001,0.006529183673469372,1.0,408.4226757936641
51,53,1.73317,0.339934,0.000733,0.05971245459182492,76.70790417129568,0.1101579565731643,0.290592,0.0845,0.024579,-1.008986,0.282,0.001,0.01,0.28208,0.0796,0.022446,-0.662833,66.84239688488923,0.001,0.0028199999999999996,1.0,945.6264775413713
52,53,1.767213,0.348653,0.000448,0.036495470200733376,68.14946741794536,0.0973099338126382,0.287564,0.0827,0.023815,-0.807259,0.282,0.001,0.01,0.28208,0.0796,0.022446,-0.662833,66.84239688488923,0.001,0.0028199999999999996,1.0,945.6264775413713
53,53,1.825165,0.363497,0.002101,0.17115397966906434,92.9543601196885,0.2051293779326624,0.29055,0.0845,0.024555,-0.743985,0.282,0.001,0.01,0.28208,0.0796,0.022446,-0.662833,66.84239688488923,0.001,0.0028199999999999996,1.0,945.6264775413713
54,53,1.838308,0.366864,0.001936,0.15771256765316924,88.74467816702155,0.24145888522012604,0.290347,0.0843,0.024498,-1.097437,0.282,0.001,0.01,0.28208,0.0796,0.022446,-0.662833,66.84239688488923,0.001,0.0028199999999999996,1.0,945.6264775413713
55,53,1.858404,0.372011,0.004822,0.3928150832766436,96.45700072562467,0.46599687078957364,0.29177,0.0852,0.024863,-0.438229,0.297,0.001,0.0218367346938775,0.297108,0.0883,0.026228,-0.437238,63.466518254339256,0.001,0.006485510204081618,1.0,411.1729968427797
56,53,1.854758,0.371077,,,,,,,,,,,,,,,,,,,,
57,53,1.903639,0.383597,0.004749,0.3868682767483991,95.71674048884137,0.5273091379224275,0.291655,0.0851,0.024825,-0.691015,0.282,0.001,0.01,0.28208,0.0796,0.022446,-0.662833,66.84239688488923,0.001,0.0028199999999999996,1.0,945.6264775413713
58,53,1.858428,0.372017,0.00517,0.4211642431647133,96.8898268408695,0.5425740795281024,0.291388,0.0849,0.024761,-0.512004,0.299,0.001,0.0277551020408163,0.299164,0.0895,0.026776,-0.510638,63.04199304862462,0.001,0.008298775510204073,1.0,321.3325463964853
0,54,0.857498,0.115641,,,,,,,,,,,,,,,,,,,,
1,54,0.809775,0.103417,7.2e-05,0.005865343425117864,55.50700376467271,0.03183480956220919,0.284838,0.0812,0.023138,0.715783,0.281,0.008125,0.193469387755102,0.285858,0.0818,0.023457,0.715821,67.08027018341195,0.008125,0.054364897959183665,1.0,49.05125856520064
2,54,0.780038,0.0958,,,,,,,,,,,,,,,,,,,,
3,54,0.750925,0.088343,,,,,,,,,,,,,,,,,,,,
4,54,0.767689,0.092637,0.000803,0.06541487181068951,87.542037961132,0.0657871908071268,0.289865,0.0841,0.024406,-0.194492,0.292,0.001,0.0277551020408163,0.292136,0.0853,0.024933,-0.190204,64.55327370389986,0.001,0.008104489795918358,1.0,329.0357238785929
5,54,0.828504,0.108214,,,,,,,,,,,,,,,,,,,,
6,54,0.988474,0.149189,,,,,,,,,,,,,,,,,,,,
7,54,1.970927,0.400833,,,,,,,,,,,,,,,,,,,,
8,54,2.908999,0.641108,,,,,,,,,,,,,,,,,,,,
9,54,3.094444,0.688608,,,,,,,,,,,,,,,,,,,,
10,54,3.093717,0.688422,,,,,,,,,,,,,,,,,,,,
11,54,3.307454,0.743168,0.004108,0.33465042764422476,92.2321268185753,0.35363085394255744,0.289123,0.0836,0.024197,-0.5278,0.284,0.001,0.0336734693877551,0.284218,0.0808,0.02296,-0.531033,66.37167578006606,0.001,0.009563265306122448,1.0,278.8447858870394
12,54,3.36955,0.759073,0.0029,0.23624299906724727,81.93105672731446,0.4164079933438498,0.289739,0.084,0.024354,-1.494233,0.282,0.001,0.01,0.28208,0.0796,0.022446,-0.662833,66.84239688488923,0.001,0.0028199999999999996,1.0,945.6264775413713
13,54,3.30106,0.74153,,,,,,,,,,,,,,,,,,,,
14,54,3.264693,0.732215,0.003963,0.32283827769086243,91.43816636596534,0.45727250161697786,0.289124,0.0836,0.024191,-0.838353,0.282,0.001,0.01,0.28208,0.0796,0.022446,-0.662833,66.84239688488923,0.001,0.0028199999999999996,1.0,945.6264775413713
15,54,3.293855,0.739685,,,,,,,,,,,,,,,,,,,,
16,54,3.218935,0.720495,0.000908,0.07396849763898639,62.822529372791614,0.24324857903775987,0.286552,0.0822,0.023571,-0.976141,0.282,0.001,0.01,0.28208,0.0796,0.022446,-0.662833,66.84239688488923,0.001,0.0028199999999999996,1.0,945.6264775413713
17,54,3.077793,0.684343,0.003333,0.2715165227210811,92.07249478351807,0.3484439446148224,0.288807,0.0834,0.024116,-1.152407,0.282,0.001,0.01,0.28208,0.0796,0.022446,-0.662833,66.84239688488923,0.001,0.0028199999999999996,1.0,945.6264775413713
18,54,3.061317,0.680123,0.002862,0.23314740114843507,87.48332617118345,0.26404864945650974,0.287979,0.083,0.023909,-0.477155,0.288,0.001,0.0336734693877551,0.288221,0.0831,0.023944,-0.474252,65.44984694978736,0.001,0.00969795918367347,1.0,274.9719416386083
19,54,3.128038,0.697213,,,,,,,,,,,,,,,,,,,,
20,54,3.169386,0.707804,0.004217,0.34352990588502824,94.32246791262759,0.4025149888240822,0.29023,0.0843,0.024478,-0.518133,0.299,0.001,0.0277551020408163,0.299164,0.0895,0.026776,-0.510638,63.04199304862462,0.001,0.008298775510204073,1.0,321.3325463964853
21,54,3.123391,0.696023,,,,,,,,,,,,,,,,,,,,
22,54,3.090735,0.687658,,,,,,,,,,,,,,,,,,,,
23,54,2.777873,0.607522,,,,,,,,,,,,,,,,,,,,
24,54,2.499149,0.53613,,,,,,,,,,,,,,,,,,,,
25,54,2.471226,0.528978,0.000992,0.0808113983016239,80.57503217204017,0.12879341939216227,0.287215,0.0825,0.023727,-0.649297,0.284,0.001,0.01,0.284085,0.0807,0.022928,-0.648781,66.37167578006606,0.001,0.0028399999999999996,1.0,938.9671361502348
26,54,2.397895,0.510195,,,,,,,,,,,,,,,,,,,,
27,54,2.262951,0.475631,,,,,,,,,,,,,,,,,,,,
28,54,2.324642,0.491432,,,,,,,,,,,,,,,,,,,,
29,54,2.415602,0.514731,0.001435,0.1168995529867241,84.62181401776878,0.17066359853441915,0.289504,0.0838,0.024296,-1.291319,0.282,0.001,0.01,0.28208,0.0796,0.022446,-0.662833,66.84239688488923,0.001,0.0028199999999999996,1.0,945.6264775413713
30,54,2.310318,0.487763,,,,,,,,,,,,,,,,,,,,
31,54,2.181074,0.454659,,,,,,,,,,,,,,,,,,,,
32,54,2.197884,0.458965,0.003342,0.27224969064922083,94.97879754549575,0.29680941877931555,0.290159,0.0842,0.02446,-0.741762,0.282,0.001,0.01,0.28208,0.0796,0.022446,-0.662833,66.84239688488923,0.001,0.0028199999999999996,1.0,945.6264775413713
33,54,2.39479,0.5094,0.003644,0.29685154779346523,94.58485660705914,0.26817684363426864,0.288681,0.0834,0.024093,-0.332075,0.29,0.001,0.0395918367346938,0.290273,0.0843,0.024459,-0.32442,64.99846869496125,0.001,0.011481632653061201,1.0,232.25500651736036
34,54,2.553576,0.550071,0.002169,0.17669347068167565,78.3856990503052,0.2280415419792483,0.287555,0.0827,0.023814,-0.674814,0.282,0.001,0.01,0.28208,0.0796,0.022446,-0.662833,66.84239688488923,0.001,0.0028199999999999996,1.0,945.6264775413713
35,54,2.360968,0.500737,0.001902,0.15494282214686358,86.80350428965988,0.15264705421704727,0.287851,0.0829,0.023887,-0.448746,0.288,0.001,0.0159183673469387,0.288092,0.083,0.023912,-0.445267,65.44984694978736,0.001,0.004584489795918345,1.0,581.6714150047512
36,54,2.27358,0.478354,,,,,,,,,,,,,,,,,,,,
37,54,2.20236,0.460111,,,,,,,,,,,,,,,,,,,,
38,54,2.166342,0.450886,,,,,,,,,,,,,,,,,,,,
39,54,2.213869,0.463059,0.001657,0.1349843618808375,87.90871638285016,0.16358254156030982,0.28805,0.083,0.023938,-0.276947,0.29,0.001,0.0159183673469387,0.290073,0.0841,0.024408,-0.280966,64.99846869496125,0.001,0.004616326530612222,1.0,577.6598880047184
40,54,2.236383,0.468826,,,,,,,,,,,,,,,,,,,,
41,54,2.336995,0.494596,,,,,,,,,,,,,,,,,,,,
42,54,2.53029,0.544107,0.001068,0.08700259413924831,73.57628816721923,0.13472005113365215,0.290417,0.0844,0.02454,-1.189697,0.282,0.001,0.01,0.28208,0.0796,0.022446,-0.662833,66.84239688488923,0.001,0.0028199999999999996,1.0,945.6264775413713
43,54,2.536881,0.545795,,,,,,,,,,,,,,,,,,,,
44,54,2.253039,0.473092,0.001806,0.14712236424670644,93.33988095695507,0.12918616521974946,0.290526,0.0845,0.024574,-0.627105,0.299,0.001,0.0159183673469387,0.299098,0.0895,0.026758,-0.633265,63.04199304862462,0.001,0.004759591836734671,1.0,560.2721321784893
45,54,2.017978,0.412884,0.00154,0.12545317881502097,93.63678618628254,0.1233945519327928,0.288679,0.0834,0.024103,-0.282406,0.29,0.001,0.0159183673469387,0.290073,0.0841,0.024408,-0.280966,64.99846869496125,0.001,0.004616326530612222,1.0,577.6598880047184
46,54,1.886119,0.37911,0.002972,0.24210834249236515,94.54039901346783,0.19303284481565086,0.291267,0.0849,0.024751,-0.451824,0.288,0.001,0.0159183673469387,0.288092,0.083,0.023912,-0.445267,65.44984694978736,0.001,0.004584489795918345,1.0,581.6714150047512
47,54,1.858848,0.372125,0.00226,0.1841066130661996,94.01671087037913,0.14455786086958367,0.290412,0.0844,0.024533,-0.31373,0.29,0.001,0.0218367346938775,0.29011,0.0842,0.024418,-0.319376,64.99846869496125,0.001,0.006332653061224475,1.0,421.09786228381233
48,54,1.83462,0.365919,,,,,,,,,,,,,,,,,,,,
49,54,1.783366,0.352791,0.000907,0.07388703453585976,85.48121909614618,0.06502113321994951,0.291694,0.0852,0.024876,-0.472774,0.288,0.001,0.0218367346938775,0.288127,0.083,0.02392,-0.47349,65.44984694978736,0.001,0.0062889795918367195,1.0,424.02215299411665
50,54,1.764752,0.348023,0.000919,0.0748645917733794,87.2722565080943,0.09491661040915167,0.290095,0.0842,0.024445,-1.069751,0.282,0.001,0.01,0.28208,0.0796,0.022446,-0.662833,66.84239688488923,0.001,0.0028199999999999996,1.0,945.6264775413713
51,54,1.730518,0.339255,0.000428,0.034866208138200634,63.653268044853895,0.1286712900642062,0.290032,0.0842,0.024435,-1.265794,0.282,0.001,0.01,0.28208,0.0796,0.022446,-0.662833,66.84239688488923,0.001,0.0028199999999999996,1.0,945.6264775413713
52,54,1.803535,0.357957,0.003153,0.25685316415828646,95.15851465767855,0.2098309886157761,0.289851,0.0841,0.024387,-0.459612,0.288,0.001,0.0218367346938775,0.288127,0.083,0.02392,-0.47349,65.44984694978736,0.001,0.0062889795918367195,1.0,424.02215299411665
53,54,1.822429,0.362796,0.001498,0.12203172848370222,90.98352567387131,0.17642152199091665,0.290726,0.0846,0.024598,-1.37264,0.282,0.001,0.01,0.28208,0.0796,0.022446,-0.662833,66.84239688488923,0.001,0.0028199999999999996,1.0,945.6264775413713
54,54,1.846335,0.36892,0.004666,0.3801068391888882,96.68011067309638,0.4004926363474359,0.291891,0.0852,0.024898,-0.078779,0.295,0.001,0.0277551020408163,0.295121,0.0871,0.025705,-0.084105,63.8967997340297,0.001,0.008187755102040808,1.0,325.68959787304783
55,54,1.868979,0.37472,0.004813,0.39208191534850384,97.09535468011862,0.44250353528486297,0.291747,0.0851,0.024858,-0.55169,0.286,0.001,0.01,0.286081,0.0818,0.023414,-0.559748,65.90753818719845,0.001,0.0028599999999999997,1.0,932.4009324009326
56,54,1.887333,0.379421,0.005242,0.42702958658983114,96.83466032577951,0.49573022505965536,0.291464,0.085,0.024784,-0.285975,0.29,0.001,0.0159183673469387,0.290073,0.0841,0.024408,-0.280966,64.99846869496125,0.001,0.004616326530612222,1.0,577.6598880047184
57,54,1.935206,0.391683,0.006859,0.5587554243456031,97.37126498579507,0.6138522087250828,0.291953,0.0853,0.024909,-0.254322,0.29,0.001,0.01,0.290047,0.0841,0.024402,-0.250628,64.99846869496125,0.001,0.0029,1.0,919.5402298850574
58,54,1.995996,0.407254,0.007765,0.6325609957783364,97.94118159777126,0.7004960387191312,0.291733,0.0851,0.024852,-0.176976,0.292,0.001,0.0277551020408163,0.292136,0.0853,0.024933,-0.190204,64.55327370389986,0.001,0.008104489795918358,1.0,329.0357238785929
