x,y,total SAXS intensity,total_SAXS_norm_0_1,area under third order curve,collagen_third_norm_0_1,peak_position,peak_position2,peak_width,peak_width2,peak_amplitude,peak_amplitude2,peak_height,peak_height2,rsq_gaussian_fit,SM,AP,area_fit,area_peaks,bg_c,FailReason
0,0,0.407685,0.000426,,,,,,,,,,,,,,,,,nan_exist
1,0,0.409929,0.001001,,,,,,,,,,,,,,,,,nan_exist
2,0,0.414687,0.00222,,,,,,,,,,,,,,,,,nan_exist
3,0,0.411174,0.00132,,,,,,,,,,,,,,,,,nan_exist
4,0,0.410341,0.001107,,,,,,,,,,,,,,,,,nan_exist
5,0,0.407818,0.00046,,,,,,,,,,,,,,,,,nan_exist
6,0,0.406084,1.6e-05,,,,,,,,,,,,,,,,,nan_exist
7,0,0.406021,0.0,,,,,,,,,,,,,,,,,nan_exist
8,0,0.412529,0.001667,,,,,,,,,,,,,,,,,nan_exist
9,0,0.419765,0.00352,,,,,,,,,,,,,,,,,nan_exist
10,0,0.458841,0.013529,,,,,,,,,,,,,,,,,nan_exist
11,0,0.537837,0.033763,,,,,,,,,,,,,,,,,nan_exist
12,0,0.465833,0.01532,,,,,,,,,,,,,,,,,nan_exist
13,0,0.429871,0.006109,,,,,,,,,,,,,,,,,nan_exist
14,0,0.466652,0.01553,,,,,,,,,,,,,,,,,nan_exist
15,0,0.661721,0.065495,,,,,,,,,,,,,,,,,nan_exist
16,0,0.712094,0.078397,0.000397,0.0323408519412748,341.0257296996299,161.0257296996299,7.475623761082145,7.475623761082145,1.1077951725272905,1.1077951725272905,0.05911832195816143,0.05911832195816143,0.3276876083778649,0.05080759257508105,0.015710865320542104,104.3868243530436,1.6400073386497525,0.2854078250399829,
17,0,0.633517,0.058271,0.000574,0.0467598211946896,339.02619162502174,159.02619162502174,9.116170514603983,9.116170514603983,0.9697029074683459,0.9697029074683459,0.04243618398729863,0.04243618398729863,0.22182027453640496,0.04255034020156209,0.01447514179246252,96.91092309271775,1.4027993530055198,0.26530034372142286,
18,0,0.87957,0.121294,0.000442,0.0360066915819735,15.017876967967549,195.01787696796754,6.761320880853464,6.761320880853464,3.210767370305203,3.210767370305203,0.18944683725561962,0.18944683725561962,0.5842624425954865,0.1298668156651844,0.04560735725569606,125.47771900616368,5.722707158343951,0.33265281068838815,
19,0,1.407478,0.256512,0.000593,0.0483076201540957,11.018800818751352,191.01880081875134,6.038548110215923,6.038548110215923,7.1873808085934945,7.1873808085934945,0.47484097792362423,0.47484097792362423,0.675697972358986,0.20517958399693328,0.06968592285760962,189.5521287210537,13.209115019551035,0.48984170472639627,
20,0,2.402684,0.511422,,,,,,,,,,,,,,,,,nan_exist
21,0,3.502264,0.793066,,,,,,,,,,,,,,,,,nan_exist
22,0,3.94161,0.9056,0.016358,1.0,11.018800818751352,191.01880081875134,15.97007351176851,15.97007351176851,54.29085866382313,54.29085866382313,1.3562191147296099,1.3562191147296099,0.9147931337715275,0.3153983518092369,0.20686075927698216,503.8405825081137,104.22484545218538,1.1100437140442454,
23,0,4.321955,1.0,,,,,,,,,,,,,,,,,nan_exist
24,0,4.763569,1.0,0.021508,1.0,185.06175988019808,5.061759880198082,17.311628751965117,17.311628751965117,68.68062675234371,68.68062675234371,1.5827283641852243,1.5827283641852243,0.9271309071701912,0.3303552295414206,0.23037037028293283,572.4910427630082,131.88497350497653,1.2239057479389768,
25,0,4.875161,1.0,,,,,,,,,,,,,,,,,nan_exist
26,0,4.533124,1.0,0.017347,1.0,9.01926274414324,189.01926274414325,19.349560659779527,19.349560659779527,51.26966413925124,51.26966413925124,1.05705949022625,1.05705949022625,0.8781534329845658,0.23588375448155485,0.17859177821613428,549.5054191341455,98.13714994256924,1.2538007477543787,
27,0,3.923374,0.900929,0.011593,0.9444017545471026,11.018800818751352,191.01880081875134,20.345580890352263,20.345580890352263,31.23276761361012,31.23276761361012,0.6124215180766904,0.6124215180766904,0.7783392806550755,0.15451259175409918,0.12020709822443147,490.8981196549769,59.00943848755452,1.1996907810206177,
28,0,3.707379,0.845604,0.011321,0.9222437904966574,15.017876967967549,195.01787696796754,8.204487066719858,8.204487066719858,22.008051484906225,22.008051484906225,1.0701390806251627,1.0701390806251627,0.7175601709425811,0.21658799179913865,0.08968984126353412,460.25118110264066,41.27985537444994,1.1638092381338632,
29,0,3.496322,0.791544,,,,,,,,,,,,,,,,,nan_exist
30,0,3.192633,0.713758,,,,,,,,,,,,,,,,,nan_exist
31,0,2.608305,0.564089,,,,,,,,,,,,,,,,,nan_exist
32,0,2.007249,0.410136,,,,,,,,,,,,,,,,,nan_exist
33,0,1.521283,0.285661,,,,,,,,,,,,,,,,,nan_exist
34,0,1.412082,0.257691,0.002932,0.2388498183672996,19.016953117183746,199.01695311718373,10.235671500698153,10.235671500698153,7.604579229134416,7.604579229134416,0.29639366395818045,0.29639366395818045,0.7636307930234142,0.1539434949052091,0.07208207301198644,195.5318142683621,14.094338512258247,0.5039929882113996,
35,0,1.37411,0.247965,0.003649,0.2972588633090984,15.017876967967549,195.01787696796754,8.89606789360873,8.89606789360873,9.055809403497037,9.055809403497037,0.4061058545773215,0.4061058545773215,0.7659881107646435,0.2125646952843839,0.09243587828328971,183.77075945709174,16.987011553203445,0.4632881886219119,
36,0,1.342931,0.239979,0.003514,0.2862613443870024,15.017876967967549,195.01787696796754,8.717263066949155,8.717263066949155,6.593774718105954,6.593774718105954,0.30176163117848087,0.30176163117848087,0.7081765449371578,0.15408313765675485,0.06461678356538848,186.90875505321668,12.077442571749913,0.48564253467074103,
37,0,1.259016,0.218485,0.005012,0.4082930728707046,11.018800818751352,191.01880081875134,6.344493346902224,6.344493346902224,4.951537816860426,4.951537816860426,0.31135311838836305,0.31135311838836305,0.5606629012355931,0.15252646437723047,0.0518849915333881,170.79745206465918,8.861824354299102,0.4498211880843336,
38,0,1.340871,0.239451,0.004157,0.33864211969743,9.01926274414324,189.01926274414325,4.674324746682739,4.674324746682739,5.138150834336529,5.138150834336529,0.43852871205652827,0.43852871205652827,0.4717489116651664,0.18189478358042668,0.05217521430317063,176.37390872422077,9.202346485174075,0.46436545066401863,
39,0,1.698204,0.330978,0.004461,0.3634069030479276,11.018800818751352,191.01880081875134,18.443532878584467,18.443532878584467,21.85149873330468,21.85149873330468,0.47265818280270017,0.47265818280270017,0.854791901035949,0.24735740104084647,0.18037002693469317,232.0568667100962,41.856103298880555,0.5283354539200434,
40,0,1.955959,0.396999,,,,,,,,,,,,,,,,,nan_exist
41,0,1.883992,0.378565,,,,,,,,,,,,,,,,,nan_exist
42,0,1.867077,0.374232,0.004652,0.3789663557451153,5.020186594927044,185.02018659492705,20.122824644312146,20.122824644312146,29.594945403766598,29.594945403766598,0.5867305021251966,0.5867305021251966,0.8796379321696688,0.2646024971262459,0.20771354860867006,273.6903386635016,56.849191463704614,0.6023365199994362,
43,0,1.904731,0.383877,,,,,,,,,,,,,,,,,nan_exist
44,0,1.889135,0.379882,,,,,,,,,,,,,,,,,nan_exist
45,0,1.666482,0.322852,0.005913,0.4816913287878046,181.0626837309819,1.0626837309818882,18.53025848238792,18.53025848238792,22.187397260699576,22.187397260699576,0.47767767879594814,0.47767767879594814,0.9143227610572686,0.2723757588626599,0.19945869371593494,212.95428123186025,42.475582755722684,0.4735519402114932,
46,0,1.318828,0.233805,0.002717,0.2213352511950727,181.0626837309819,1.0626837309818882,17.855656375524788,17.855656375524788,16.0990109454982,16.0990109454982,0.3596942057872636,0.3596942057872636,0.8873229821982056,0.24948378542133592,0.17669292505498496,173.6735608725999,30.686889475294663,0.39718519832584787,
47,0,1.290405,0.226525,0.002572,0.2095231012417103,178.97999908583176,358.97999908583176,20.376427767681143,20.376427767681143,15.195054534957238,15.195054534957238,0.2974981569936794,0.2974981569936794,0.8738195645731929,0.2153451376487632,0.16969290537168413,170.94607640173575,29.00833636650043,0.3942715000978759,
48,0,1.268071,0.220804,0.003222,0.2624741182740244,178.97999908583176,358.97999908583176,22.009703089237885,22.009703089237885,12.231256596565162,12.231256596565162,0.221700646257002,0.221700646257002,0.798610157087712,0.16853073268151977,0.14109391374081687,164.67431695049342,23.234543871140858,0.39288825855375714,
49,0,1.296145,0.227995,0.004942,0.40259065565184,176.98046101122364,356.9804610112236,25.195617927224223,25.195617927224223,11.414022819696918,11.414022819696918,0.18072731160618685,0.18072731160618685,0.755450703813157,0.13407839182961792,0.12706285562896372,170.33827997073297,21.643668276007247,0.41304058804090477,
50,0,1.335255,0.238012,0.004209,0.3428782010600151,174.98092293661554,354.98092293661557,22.111127565908795,22.111127565908795,14.492578454186281,14.492578454186281,0.26148382890812155,0.26148382890812155,0.8642928450022694,0.188759153277565,0.1594739634312643,173.4845565579144,27.666269828405945,0.4050507964708568,
51,0,1.505149,0.281529,0.004806,0.3915116736266174,176.98046101122364,356.9804610112236,18.865786838193966,18.865786838193966,16.727749130330483,16.727749130330483,0.3537306151751249,0.3537306151751249,0.8851345715967162,0.22654822540787886,0.16739995574105698,190.42774593246048,31.87759624096313,0.44041708247638156,
52,0,1.558974,0.295315,0.004518,0.3680502999261459,176.98046101122364,356.9804610112236,20.04854243080564,20.04854243080564,17.7520201303209,17.7520201303209,0.35324420301200776,0.35324420301200776,0.8695308526918359,0.22024429396981823,0.17126639724657985,197.9115697641094,33.89560152691416,0.45559991176998677,
53,0,1.551741,0.293463,0.007103,0.5786324215085026,174.98092293661554,354.98092293661557,18.366872098663052,18.366872098663052,20.315330193775186,20.315330193775186,0.44126425616056314,0.44126425616056314,0.9034326632282877,0.27784515407629773,0.2022231551528294,192.50531790136554,38.92903276971259,0.4266007920323693,
54,0,1.565137,0.296894,0.006662,0.5427071930296558,174.98092293661554,354.98092293661557,17.359676346937242,17.359676346937242,22.365728471163017,22.365728471163017,0.5139862368862216,0.5139862368862216,0.8984320316424081,0.3251306012844989,0.2271257121766617,189.0408766419813,42.93604373781045,0.40584675806714127,
55,0,1.460928,0.270202,0.005486,0.4469065837527306,176.98046101122364,356.9804610112236,17.075521707470962,17.075521707470962,20.885559989712938,20.885559989712938,0.4879577369581329,0.4879577369581329,0.9186115621437447,0.3253569658773478,0.22422344493502702,178.58427264800378,40.042780824351524,0.38483747728792295,
56,0,1.446058,0.266393,0.004567,0.3720419919793511,176.98046101122364,356.9804610112236,18.56716595440435,18.56716595440435,20.045159737403406,20.045159737403406,0.43069910379907766,0.43069910379907766,0.9109294545667949,0.29198138315986466,0.2146622657994505,179.166102414978,38.46020149885558,0.39084972476700675,
57,0,1.397546,0.253968,0.004033,0.328540694909727,178.97999908583176,358.97999908583176,18.43284665065225,18.43284665065225,17.235174622585017,17.235174622585017,0.3730210529803146,0.3730210529803146,0.8999894165334898,0.257969134884724,0.18775796528734112,175.41376407590695,32.935331426285984,0.3957734240267249,
58,0,1.328012,0.236157,0.003253,0.2649994744709501,178.97999908583176,358.97999908583176,18.574635154266286,18.574635154266286,15.728840677189,15.728840677189,0.3378208786182998,0.3378208786182998,0.8956367736572419,0.24687592493050647,0.18056637700195619,166.2950995927646,30.02730364664498,0.3785216554058878,
0,1,0.411501,0.001404,,,,,,,,,,,,,,,,,nan_exist
1,1,0.414221,0.002101,,,,,,,,,,,,,,,,,nan_exist
2,1,0.414129,0.002077,,,,,,,,,,,,,,,,,nan_exist
3,1,0.415638,0.002463,,,,,,,,,,,,,,,,,nan_exist
4,1,0.408278,0.000578,,,,,,,,,,,,,,,,,nan_exist
5,1,0.414305,0.002122,,,,,,,,,,,,,,,,,nan_exist
6,1,0.409989,0.001016,,,,,,,,,,,,,,,,,nan_exist
7,1,0.414834,0.002257,,,,,,,,,,,,,,,,,nan_exist
8,1,0.413928,0.002025,,,,,,,,,,,,,,,,,nan_exist
9,1,0.420441,0.003694,,,,,,,,,,,,,,,,,nan_exist
10,1,0.450249,0.011329,,,,,,,,,,,,,,,,,nan_exist
11,1,0.534465,0.0329,,,,,,,,,,,,,,,,,nan_exist
12,1,0.489492,0.02138,,,,,,,,,,,,,,,,,nan_exist
13,1,0.435047,0.007435,,,,,,,,,,,,,,,,,nan_exist
14,1,0.446334,0.010326,,,,,,,,,,,,,,,,,nan_exist
15,1,0.645364,0.061305,,,,,,,,,,,,,,,,,nan_exist
16,1,0.733341,0.083839,,,,,,,,,,,,,,,,,nan_exist
17,1,0.679574,0.070067,0.000559,0.04553787464779,341.0257296996299,161.0257296996299,6.985546280693781,6.985546280693781,0.9618076420780284,0.9618076420780284,0.054928522211440456,0.054928522211440456,0.19321138139494298,0.04694908586974143,0.013344218697170743,102.03387987355373,1.3615624075535493,0.27964532629444494,
18,1,1.018375,0.156847,,,,,,,,,,,,,,,,,nan_exist
19,1,1.594771,0.304485,0.001217,0.0991405965051172,11.018800818751352,191.01880081875134,6.230928808741772,6.230928808741772,8.20670264869992,8.20670264869992,0.5254434402549292,0.5254434402549292,0.6991795428130347,0.20670049012574598,0.0715467543771786,211.0259275052198,15.098220202432259,0.5442436313966321,
20,1,2.643829,0.573188,,,,,,,,,,,,,,,,,nan_exist
21,1,3.572692,0.811106,,,,,,,,,,,,,,,,,nan_exist
22,1,4.033294,0.929084,,,,,,,,,,,,,,,,,nan_exist
23,1,4.25711,0.986411,0.017758,1.0,9.01926274414324,189.01926274414325,16.779009721816664,16.779009721816664,59.546133258983815,59.546133258983815,1.4157849947806453,1.4157849947806453,0.9182756757868412,0.3193180801152965,0.21738016736884364,526.0675509870732,114.35665228088766,1.1436413852949598,
24,1,4.642743,1.0,0.020325,1.0,185.06175988019808,5.061759880198082,17.236174242996,17.236174242996,65.83878721521549,65.83878721521549,1.5238808531525505,1.5238808531525505,0.9232196834629129,0.3244560625925818,0.22535685907780367,560.6661850344856,126.34997045050636,1.2064339293999422,
25,1,4.79793,1.0,,,,,,,,,,,,,,,,,nan_exist
26,1,4.527698,1.0,,,,,,,,,,,,,,,,,nan_exist
27,1,3.983326,0.916285,,,,,,,,,,,,,,,,,nan_exist
28,1,3.665712,0.834932,0.010824,0.8817566282427189,15.017876967967549,195.01787696796754,8.373894457892883,8.373894457892883,24.594642412473682,24.594642412473682,1.171717983672676,1.171717983672676,0.7540659210843961,0.24355212311710403,0.1028310429147824,451.805291275913,46.45960929631917,1.125960227721094,
29,1,3.478024,0.786858,,,,,,,,,,,,,,,,,nan_exist
30,1,3.245986,0.727424,,,,,,,,,,,,,,,,,nan_exist
31,1,2.624768,0.568306,0.006066,0.49415518356618,15.017876967967549,195.01787696796754,19.66462968387206,19.66462968387206,27.276399700411176,27.276399700411176,0.5533645572053473,0.5533645572053473,0.8422689966704625,0.20449435418059997,0.1565811102582509,333.15171625506866,52.16526561566042,0.7805179184428007,
32,1,1.960968,0.398282,,,,,,,,,,,,,,,,,nan_exist
33,1,1.583067,0.301487,,,,,,,,,,,,,,,,,nan_exist
34,1,1.540721,0.29064,,,,,,,,,,,,,,,,,nan_exist
35,1,1.400899,0.254826,0.004882,0.3977028694642418,15.017876967967549,195.01787696796754,8.095485649465088,8.095485649465088,6.680054077156432,6.680054077156432,0.3291903811751878,0.3291903811751878,0.6573884499162488,0.16024530665802064,0.0643580045197797,190.34895550111943,12.250478938476391,0.4947179904517862,
36,1,1.350715,0.241972,0.003182,0.2592155941489589,15.017876967967549,195.01787696796754,8.27848861455773,8.27848861455773,5.54775989790861,5.54775989790861,0.2673478321754653,0.2673478321754653,0.6150717210209423,0.13289449590667096,0.05316973975852919,188.09743097951497,10.001091454428717,0.4947120542363507,
37,1,1.214124,0.206986,0.005162,0.4205125383397002,11.018800818751352,191.01880081875134,6.8952865225362805,6.8952865225362805,5.118363542447834,5.118363542447834,0.2961344125257052,0.2961344125257052,0.5796849143430884,0.15699097733606107,0.05634463081768744,163.4826536404952,9.211369764469566,0.42853134410007115,
38,1,1.312703,0.232236,0.003267,0.266139957914723,7.019724669535155,187.01972466953515,18.67856422589943,18.67856422589943,14.760288493681195,14.760288493681195,0.3152545923678272,0.3152545923678272,0.8253589408174342,0.21322215058579114,0.15603636060997322,180.02058658342563,28.089757165350306,0.4220300817168759,
39,1,1.704476,0.332584,0.005867,0.4779440260439792,9.01926274414324,189.01926274414325,18.628437595833514,18.628437595833514,25.599134916340386,25.599134916340386,0.548225110522041,0.548225110522041,0.8925902778322446,0.2815199865703354,0.20764120717205503,236.85751791197293,49.18138094701871,0.5213226026804284,
40,1,1.934392,0.391474,0.004424,0.3603927682322421,7.019724669535155,187.01972466953515,18.808747223479976,18.808747223479976,32.136410305978686,32.136410305978686,0.6816282158004987,0.6816282158004987,0.8718526047898209,0.30583591394073384,0.2277706390198857,271.4924613193088,61.83801140378057,0.5823734719875784,
41,1,1.813032,0.360389,,,,,,,,,,,,,,,,,nan_exist
42,1,1.900614,0.382823,,,,,,,,,,,,,,,,,nan_exist
43,1,1.933701,0.391297,,,,,,,,,,,,,,,,,nan_exist
44,1,1.864078,0.373464,,,,,,,,,,,,,,,,,nan_exist
45,1,1.575223,0.299477,0.0032,0.2606819300052384,181.0626837309819,1.0626837309818882,18.180091109397807,18.180091109397807,19.597385648382385,19.597385648382385,0.4300432639983039,0.4300432639983039,0.9034865601326357,0.25472945026816224,0.183221146026308,204.18602052296296,37.41119668276852,0.4632633995560957,
46,1,1.270436,0.22141,0.002115,0.1722944631128372,181.0626837309819,1.0626837309818882,17.174048349066044,17.174048349066044,14.512288725243707,14.512288725243707,0.3371112879280774,0.3371112879280774,0.8889046136838225,0.2369322857646478,0.16229426854227424,169.8311268520531,27.56261850816415,0.3951903009552471,
47,1,1.244611,0.214795,0.002005,0.1633335217689071,178.97999908583176,358.97999908583176,19.257024238186567,19.257024238186567,14.294730030801786,14.294730030801786,0.2961398462023194,0.2961398462023194,0.8817292977629787,0.21888827997340854,0.1643399719256592,165.69232060879636,27.229871317146916,0.38461791469902623,
48,1,1.267029,0.220537,0.005016,0.4086189252832111,178.97999908583176,358.97999908583176,24.161948620195894,24.161948620195894,11.986559399716915,11.986559399716915,0.19791223863017737,0.19791223863017737,0.7804084479162933,0.1496312320862162,0.13645913281918395,166.91792680703574,22.777475544064117,0.4003901423971434,
49,1,1.258202,0.218276,0.001843,0.150136499062392,176.98046101122364,356.9804610112236,28.074821306676387,28.074821306676387,11.21411002258173,11.21411002258173,0.15935213179851732,0.15935213179851732,0.7279892811179782,0.12045885196665597,0.12812703068843337,166.2908761048422,21.306356185891588,0.4027347775526406,
50,1,1.316408,0.233185,0.004184,0.3408416234818492,174.98092293661554,354.98092293661557,24.515533081597287,24.515533081597287,11.765979873040385,11.765979873040385,0.19146827548415118,0.19146827548415118,0.7585865866044412,0.14215739652533516,0.13131623152831234,170.09847087187006,22.33669018362238,0.41044939080068804,
51,1,1.452808,0.268122,0.005289,0.4308583524367831,176.98046101122364,356.9804610112236,18.84902688472204,18.84902688472204,16.423458931099365,16.423458931099365,0.3476047966891463,0.3476047966891463,0.8781871921078438,0.22984579552462736,0.16979750535853108,184.40446773489413,31.31141859835276,0.42525846982372606,
52,1,1.538147,0.289981,0.00454,0.3698424881949319,176.98046101122364,356.9804610112236,20.089495957718977,20.089495957718977,16.753340066349786,16.753340066349786,0.33269205481694686,0.33269205481694686,0.8680732744425436,0.21124545395595382,0.16431627146596806,194.4258185937845,31.947325588049353,0.45132914723815315,
53,1,1.558373,0.295162,0.005783,0.4711011253813417,176.98046101122364,356.9804610112236,17.943639036062716,17.943639036062716,19.035879456736907,19.035879456736907,0.4232261440756094,0.4232261440756094,0.8915316579664639,0.2647454058821908,0.1886748964406751,192.76589358258872,36.37008500898912,0.4344328015933322,
54,1,1.490973,0.277898,0.005996,0.4884527663473154,174.98092293661554,354.98092293661557,17.10371640502991,17.10371640502991,20.57323199676438,20.57323199676438,0.4798683451979599,0.4798683451979599,0.911495433124204,0.3100791457941229,0.21377336166415703,184.4183499738669,39.42373062647053,0.40276283152054543,
55,1,1.447896,0.266864,0.006147,0.5007536949194376,176.98046101122364,356.9804610112236,15.882827621759825,15.882827621759825,20.40947285786723,20.40947285786723,0.5126418190520247,0.5126418190520247,0.9268641823264138,0.3354026270443459,0.21864755037490777,178.5496465412322,39.039442836546044,0.3875283436241282,
56,1,1.405436,0.255989,0.004387,0.3573786334165565,176.98046101122364,356.9804610112236,17.913890436229764,17.913890436229764,18.79010116243363,18.79010116243363,0.41845549035816026,0.41845549035816026,0.9185255923256941,0.2870113576060725,0.20479083753805347,175.69446876446426,35.98061740907801,0.3880940315427396,
57,1,1.42703,0.26152,0.003807,0.310130033603107,178.97999908583176,358.97999908583176,18.52241465079366,18.52241465079366,17.9468485784513,17.9468485784513,0.3865455359298841,0.3865455359298841,0.9010409073428085,0.2633497556615157,0.1925753699100326,178.23533047243194,34.323734696765484,0.3997544327101846,
58,1,1.384376,0.250594,0.003762,0.3064641939624083,178.97999908583176,358.97999908583176,18.746321986969654,18.746321986969654,16.532545692975287,16.532545692975287,0.3518306942653029,0.3518306942653029,0.8860091444236365,0.24998165331413763,0.1843249530727653,171.36712856768915,31.587237931453842,0.3882774739895425,
0,2,0.41316,0.001829,,,,,,,,,,,,,,,,,nan_exist
1,2,0.410485,0.001144,,,,,,,,,,,,,,,,,nan_exist
2,2,0.412808,0.001739,,,,,,,,,,,,,,,,,nan_exist
3,2,0.413581,0.001936,,,,,,,,,,,,,,,,,nan_exist
4,2,0.42697,0.005366,,,,,,,,,,,,,,,,,nan_exist
5,2,0.426322,0.0052,,,,,,,,,,,,,,,,,nan_exist
6,2,0.414467,0.002164,,,,,,,,,,,,,,,,,nan_exist
7,2,0.418809,0.003276,,,,,,,,,,,,,,,,,nan_exist
8,2,0.416981,0.002807,,,,,,,,,,,,,,,,,nan_exist
9,2,0.42924,0.005947,,,,,,,,,,,,,,,,,nan_exist
10,2,0.476384,0.018023,,,,,,,,,,,,,,,,,nan_exist
11,2,0.539113,0.03409,,,,,,,,,,,,,,,,,nan_exist
12,2,0.518292,0.028757,,,,,,,,,,,,,,,,,nan_exist
13,2,0.452121,0.011808,,,,,,,,,,,,,,,,,nan_exist
14,2,0.447831,0.010709,,,,,,,,,,,,,,,,,nan_exist
15,2,0.60993,0.052229,,,,,,,,,,,,,,,,,nan_exist
16,2,0.743217,0.086369,,,,,,,,,,,,,,,,,nan_exist
17,2,0.844852,0.112402,,,,,,,,,,,,,,,,,nan_exist
18,2,1.252733,0.216876,,,,,,,,,,,,,,,,,nan_exist
19,2,1.848456,0.369463,,,,,,,,,,,,,,,,,nan_exist
20,2,2.851593,0.626405,,,,,,,,,,,,,,,,,nan_exist
21,2,3.77168,0.862074,,,,,,,,,,,,,,,,,nan_exist
22,2,4.150789,0.959178,,,,,,,,,,,,,,,,,nan_exist
23,2,4.319105,1.0,0.019055,1.0,11.018800818751352,191.01880081875134,16.48645185904401,16.48645185904401,57.3424858119534,57.3424858119534,1.3875843176746467,1.3875843176746467,0.9031963653600954,0.30462234397432236,0.20450747418574425,538.3058909651379,110.087578100587,1.1894953135126414,
24,2,4.595648,1.0,0.012105,0.9861108633479408,7.019724669535155,187.01972466953515,17.812628775550305,17.812628775550305,60.75329895010344,60.75329895010344,1.36066719463284,1.36066719463284,0.9191433476679522,0.29120864686300213,0.20713576924615423,562.5006411163783,116.51400299909596,1.2388517725480066,
25,2,4.701877,1.0,,,,,,,,,,,,,,,,,nan_exist
26,2,4.417172,1.0,,,,,,,,,,,,,,,,,nan_exist
27,2,3.987713,0.917408,,,,,,,,,,,,,,,,,nan_exist
28,2,3.658516,0.833088,,,,,,,,,,,,,,,,,nan_exist
29,2,3.353716,0.755018,0.007613,0.6201786041030874,13.018338893359438,193.01833889335944,7.086057476271506,7.086057476271506,18.574562586786353,18.574562586786353,1.0457406506573697,1.0457406506573697,0.692500047856063,0.22223599908414898,0.08397912392160911,412.6294983800191,34.652263778167026,1.0499367627829224,
30,2,3.10745,0.691939,0.007271,0.5923182228337776,15.017876967967549,195.01787696796754,7.985064223663287,7.985064223663287,20.983892960011104,20.983892960011104,1.04837755523097,1.04837755523097,0.8119368115521594,0.24851538300379827,0.10204620180707906,388.6789929676254,39.66321495454656,0.9694882722585523,
31,2,2.419543,0.51574,,,,,,,,,,,,,,,,,nan_exist
32,2,1.796615,0.356184,,,,,,,,,,,,,,,,,nan_exist
33,2,1.427516,0.261644,0.002215,0.1804407734255009,17.01741504257566,197.01741504257566,7.9189480101621,7.9189480101621,3.5799746255908613,3.5799746255908613,0.18035264773549745,0.18035264773549745,0.5445578346295052,0.08220140450010607,0.029955534181179744,201.53495992994365,6.037087380884117,0.5430496459696098,
34,2,1.539344,0.290287,0.003728,0.3036944484561027,15.017876967967549,195.01787696796754,7.6880539791868525,7.6880539791868525,6.838594391134178,6.838594391134178,0.3548628103451574,0.3548628103451574,0.7090846869905906,0.15201738468924383,0.05883466280140571,211.8094135543896,12.461735424636004,0.5537435503604267,
35,2,1.278281,0.223419,0.002815,0.2293186353014831,15.017876967967549,195.01787696796754,8.417343399206906,8.417343399206906,5.488617381385629,5.488617381385629,0.2601345140067868,0.2601345140067868,0.6440441801541961,0.13820021084525294,0.0561072080645986,177.16953876915417,9.940488174429902,0.4645251405409007,
36,2,1.241152,0.213909,0.002158,0.1757973765472826,13.018338893359438,193.01833889335944,6.789773045855905,6.789773045855905,4.118990386775647,4.118990386775647,0.24201684014383912,0.24201684014383912,0.5589359656668766,0.1211020941310027,0.04206586949426452,172.16756087929483,7.242378147094257,0.45812550758944603,
37,2,1.224023,0.209522,0.003447,0.2808033164775177,9.01926274414324,189.01926274414325,4.585344012574467,4.585344012574467,2.965372576329866,2.965372576329866,0.2579986353470346,0.2579986353470346,0.4059483312808946,0.11242823174964506,0.029756951285330353,166.47032663007352,4.95364939998413,0.44865743675024833,
38,2,1.323249,0.234937,0.003282,0.2673619044616226,5.020186594927044,185.02018659492705,19.141892050814672,19.141892050814672,14.661675141385732,14.661675141385732,0.3055686501565285,0.3055686501565285,0.8319970132215231,0.20298187357601546,0.15127073269703686,184.20731912412182,27.8651761320628,0.4342837305334973,
39,2,1.682019,0.326832,,,,,,,,,,,,,,,,,nan_exist
40,2,1.796114,0.356056,0.004065,0.3311475142097794,7.019724669535155,187.01972466953515,18.069968917680324,18.069968917680324,29.539264012701445,29.539264012701445,0.6521572560690316,0.6521572560690316,0.8825764722528511,0.30730924407966564,0.2214922679838883,256.27119517433977,56.7620882381062,0.5541919637117599,
41,2,1.669832,0.32371,,,,,,,,,,,,,,,,,nan_exist
42,2,1.790794,0.354694,,,,,,,,,,,,,,,,,nan_exist
43,2,1.809343,0.359444,,,,,,,,,,,,,,,,,nan_exist
44,2,1.778223,0.351474,0.005305,0.4321617620868092,183.06222180558999,3.062221805589985,17.306670504942566,17.306670504942566,27.120853179961784,27.120853179961784,0.6251725316522577,0.6251725316522577,0.9272704495540874,0.31841971909688416,0.22166320832857353,234.58355195133637,51.998542746645825,0.5071805811241404,
45,2,1.505692,0.281668,0.003427,0.279174054414985,181.0626837309819,1.0626837309818882,19.570713851192465,19.570713851192465,19.212531805256436,19.212531805256436,0.39164086241070045,0.39164086241070045,0.8918217450529663,0.2472199180093307,0.18898249725062774,194.555738377485,36.76762929301691,0.43830030301241135,
46,2,1.236923,0.212826,0.003835,0.3124110004906529,181.0626837309819,1.0626837309818882,18.741477905192767,18.741477905192767,13.983855080057054,13.983855080057054,0.297668682409267,0.297668682409267,0.8723755141451677,0.22073079798721618,0.16201118201290285,164.24637736292777,26.60974973790522,0.38232396562506266,
47,2,1.166081,0.19468,0.002354,0.1917641447601035,178.97999908583176,358.97999908583176,19.67351386745488,19.67351386745488,12.835293911434189,12.835293911434189,0.260275894644367,0.260275894644367,0.8719741182208948,0.20467160024208092,0.15612320546387998,156.4048439569288,24.41842558863368,0.36662893991193085,
48,2,1.189409,0.200656,0.002422,0.1973036357727148,178.97999908583176,358.97999908583176,23.71557206173593,23.71557206173593,12.451493836661287,12.451493836661287,0.20945846605221774,0.20945846605221774,0.8262849888734438,0.1676954761132955,0.1508073640260057,157.43498322060134,23.742354824977326,0.37136841221006667,
49,2,1.156463,0.192217,0.00183,0.1490774787217457,176.98046101122364,356.9804610112236,26.127582749976032,26.127582749976032,9.992970192467647,9.992970192467647,0.1525827457792759,0.1525827457792759,0.7675929708908539,0.1252028392079606,0.1229694424131339,153.96590620398808,18.933101636537288,0.3750911237984744,
50,2,1.155395,0.191944,0.003788,0.3085822346437009,174.98092293661554,354.98092293661557,26.01095806146172,26.01095806146172,10.315743033409255,10.315743033409255,0.1582173959167197,0.1582173959167197,0.7431517289556386,0.13135137087068693,0.12868322402672017,152.192908681117,19.58467416309034,0.3683562069945185,
51,2,1.309543,0.231427,0.003897,0.3174617128845043,174.98092293661554,354.98092293661557,19.242603051136477,19.242603051136477,14.292916838622705,14.292916838622705,0.2963241938751843,0.2963241938751843,0.8775407601996109,0.2145722055864992,0.16096599773479073,169.13977191435504,27.225752142829094,0.39420561047646097,
52,2,1.443999,0.265866,0.00504,0.4105740397582504,176.98046101122364,356.9804610112236,19.333802788096705,19.333802788096705,15.648235691382379,15.648235691382379,0.3228926507320465,0.3228926507320465,0.87212406940602,0.2134121812543849,0.1606527494971415,185.46173762027337,29.79493807521436,0.43240777651405277,
53,2,1.576529,0.299812,0.005249,0.4275998283117176,176.98046101122364,356.9804610112236,19.671675333993157,19.671675333993157,19.85949754749,19.85949754749,0.4027513216188319,0.4027513216188319,0.8886585056467902,0.25214489534840623,0.19375432661878306,196.35629458325866,38.04488163433868,0.43975392485811104,
54,2,1.616623,0.310082,,,,,,,,,,,,,,,,,nan_exist
55,2,1.507374,0.282099,0.005195,0.4232008207428792,176.98046101122364,356.9804610112236,16.388834544616184,16.388834544616184,21.763832002995997,21.763832002995997,0.5297821968921612,0.5297821968921612,0.922602732921691,0.34051483003124094,0.22752724621985534,183.2826783681604,41.701803088906985,0.39328020910903727,
56,2,1.374466,0.248056,0.005018,0.4087818514894644,178.97999908583176,358.97999908583176,16.63432903302053,16.63432903302053,17.947512389409667,17.947512389409667,0.4304364489815501,0.4304364489815501,0.909159303413339,0.2989755640027002,0.2012616877276952,170.33452842339102,34.28181466879275,0.3779242048738841,
57,2,1.442787,0.265555,0.005302,0.4319173727774293,178.97999908583176,358.97999908583176,18.907478345114473,18.907478345114473,18.378289500098205,18.378289500098205,0.38777655006233963,0.38777655006233963,0.9050039255828957,0.2624272597280821,0.19520244079784593,180.21206618692304,35.177835180910336,0.40287286390559085,
58,2,1.503782,0.281179,0.006049,0.4927703108130272,178.97999908583176,358.97999908583176,19.225986112740912,19.225986112740912,17.48372482990126,17.48372482990126,0.3627900807090297,0.3627900807090297,0.8952022932705158,0.2389665820934972,0.17972301748675243,185.82696679894553,33.39738320351705,0.4234155099873013,
0,3,0.414919,0.002279,,,,,,,,,,,,,,,,,nan_exist
1,3,0.416278,0.002627,,,,,,,,,,,,,,,,,nan_exist
2,3,0.418144,0.003105,,,,,,,,,,,,,,,,,nan_exist
3,3,0.424542,0.004744,,,,,,,,,,,,,,,,,nan_exist
4,3,0.418423,0.003177,,,,,,,,,,,,,,,,,nan_exist
5,3,0.418473,0.00319,,,,,,,,,,,,,,,,,nan_exist
6,3,0.420781,0.003781,,,,,,,,,,,,,,,,,nan_exist
7,3,0.424175,0.00465,,,,,,,,,,,,,,,,,nan_exist
8,3,0.430002,0.006142,,,,,,,,,,,,,,,,,nan_exist
9,3,0.42812,0.00566,,,,,,,,,,,,,,,,,nan_exist
10,3,0.478828,0.018649,,,,,,,,,,,,,,,,,nan_exist
11,3,0.546846,0.036071,,,,,,,,,,,,,,,,,nan_exist
12,3,0.538839,0.03402,,,,,,,,,,,,,,,,,nan_exist
13,3,0.476986,0.018177,,,,,,,,,,,,,,,,,nan_exist
14,3,0.467903,0.01585,,,,,,,,,,,,,,,,,nan_exist
15,3,0.593159,0.047933,,,,,,,,,,,,,,,,,nan_exist
16,3,0.738751,0.085225,0.001021,0.0831738282922963,341.0257296996299,161.0257296996299,7.237483232024664,7.237483232024664,1.3951229663000941,1.3951229663000941,0.07690153051456135,0.07690153051456135,0.4193876700555652,0.06267331099052076,0.020200528291672785,108.61130381240392,2.1940057154579335,0.29560360582484996,
17,3,1.015125,0.156015,,,,,,,,,,,,,,,,,nan_exist
18,3,1.46055,0.270105,,,,,,,,,,,,,,,,,nan_exist
19,3,2.139706,0.444063,,,,,,,,,,,,,,,,,nan_exist
20,3,3.119365,0.694991,,,,,,,,,,,,,,,,,nan_exist
21,3,3.852859,0.882867,,,,,,,,,,,,,,,,,nan_exist
22,3,4.297379,0.996726,0.020846,1.0,13.018338893359438,193.01833889335944,17.174818225005904,17.174818225005904,55.70327228106837,55.70327228106837,1.293893779747628,1.293893779747628,0.9135525475706399,0.28402742550999205,0.1966709880967752,544.2414399143065,107.03650175115837,1.2144581615643004,
23,3,4.388559,1.0,,,,,,,,,,,,,,,,,nan_exist
24,3,4.575706,1.0,0.021045,1.0,7.019724669535155,187.01972466953515,20.004166780490426,20.004166780490426,62.24288488882064,62.24288488882064,1.2413073090615983,1.2413073090615983,0.9155131325755116,0.26819469702774423,0.20963321433176016,570.748939295976,119.6479347210581,1.2530583460414386,
25,3,4.710213,1.0,,,,,,,,,,,,,,,,,nan_exist
26,3,4.385842,1.0,0.017701,1.0,181.0626837309819,1.0626837309818882,19.311617671480047,19.311617671480047,61.28996733282725,61.28996733282725,1.2661372935938762,1.2661372935938762,0.9101279391098545,0.2898152049355324,0.22010983378771018,534.9058416730518,117.73803590273064,1.1587994604731142,
27,3,4.063135,0.936727,0.01107,0.9017965516118716,3.020648520318958,183.02064852031896,20.09023659773816,20.09023659773816,55.39076635280591,55.39076635280591,1.0999232654362663,1.0999232654362663,0.8966064158347892,0.27180372875151915,0.21317377704426022,499.2508727639812,106.42719423974125,1.0911768847895553,
28,3,3.7074,0.84561,,,,,,,,,,,,,,,,,nan_exist
29,3,3.241583,0.726296,,,,,,,,,,,,,,,,,nan_exist
30,3,2.983454,0.660179,0.007632,0.6217264030624936,15.017876967967549,195.01787696796754,8.073171022773892,8.073171022773892,21.22746685798589,21.22746685798589,1.0489724560004416,1.0489724560004416,0.8308207507664981,0.2598622808462844,0.10767472661538831,373.56294672255217,40.22328816198967,0.9259434960015626,
31,3,2.307601,0.487067,,,,,,,,,,,,,,,,,nan_exist
32,3,1.784602,0.353108,0.004336,0.353224015157098,13.018338893359438,193.01833889335944,7.605320014082148,7.605320014082148,7.362267465592,7.362267465592,0.3861927921783863,0.3861927921783863,0.5998455420592304,0.1484089172827206,0.05664363010687858,234.9980932428929,13.31114506947219,0.615797078259502,
33,3,1.421375,0.260071,0.004239,0.3453220941538142,13.018338893359438,193.01833889335944,6.466764473681675,6.466764473681675,3.7497758336181755,3.7497758336181755,0.2313280664768271,0.2313280664768271,0.44079238284469624,0.09908405008140268,0.03236706655584706,197.0263137493369,6.3771638103779935,0.5295809720526636,
34,3,1.53561,0.289331,0.004655,0.3792107450544952,11.018800818751352,191.01880081875134,6.120195291485499,6.120195291485499,6.3730508426483015,6.3730508426483015,0.415424560032834,0.415424560032834,0.6465764480317153,0.16585280641908218,0.05569662493466428,206.3650191828899,11.493835073064218,0.5413088447495158,
35,3,1.317228,0.233395,0.003813,0.3106188122218669,13.018338893359438,193.01833889335944,7.346058069325041,7.346058069325041,5.7775787916239825,5.7775787916239825,0.31376289658723083,0.31376289658723083,0.6617707137665658,0.15316822961280352,0.05739441484109296,182.3661003712734,10.466795617661262,0.4774980687600337,
36,3,1.248436,0.215775,0.004344,0.3538757199821111,15.017876967967549,195.01787696796754,7.920198717191957,7.920198717191957,5.1433902466586545,5.1433902466586545,0.2590737817654128,0.2590737817654128,0.6377171596969599,0.13599313394107307,0.05302980588632869,174.96874013777455,9.278558325681672,0.46025050503359133,
37,3,1.279518,0.223736,0.004764,0.3880902232952986,11.018800818751352,191.01880081875134,5.751276990938927,5.751276990938927,3.7268198887161668,3.7268198887161668,0.2585140704216222,0.2585140704216222,0.5272641244653857,0.11706448987465005,0.03623856826596606,177.13813455055373,6.419232381416123,0.47421917269204894,
38,3,1.627096,0.312764,,,,,,,,,,,,,,,,,nan_exist
39,3,1.861642,0.37284,0.005333,0.4344427289743551,7.019724669535155,187.01972466953515,20.570176700402147,20.570176700402147,27.142572436768045,27.142572436768045,0.5264086887339973,0.5264086887339973,0.882332012079375,0.24863703733373646,0.19867384119632214,262.3647167969458,52.125006080434446,0.5839991964347537,
40,3,1.879939,0.377527,0.004571,0.3723678443918577,187.06129795480618,7.061297954806179,17.048583100093797,17.048583100093797,30.152479002103778,30.152479002103778,0.7055776226230447,0.7055776226230447,0.9166519713690625,0.3054536057031395,0.21009827818680132,275.1287886615672,57.804084777415625,0.6036797330115322,
41,3,1.796323,0.35611,,,,,,,,,,,,,,,,,nan_exist
42,3,1.876481,0.376641,,,,,,,,,,,,,,,,,nan_exist
43,3,1.901352,0.383012,0.002868,0.2336361797671949,183.06222180558999,3.062221805589985,16.90550979172786,16.90550979172786,32.89072963526972,32.89072963526972,0.7761672286973594,0.7761672286973594,0.9297989901674838,0.3374017868614129,0.2309324972714294,273.1959855645782,63.089831190957426,0.5836282065933911,
44,3,1.865942,0.373942,,,,,,,,,,,,,,,,,nan_exist
45,3,1.617489,0.310303,0.003654,0.2976661788247316,181.0626837309819,1.0626837309818882,19.82984021563876,19.82984021563876,20.20663275346733,20.20663275346733,0.40652269822855286,0.40652269822855286,0.8938787476641444,0.24059711897687336,0.18584803096995,208.02901983102151,38.66178372020403,0.4704645447522708,
46,3,1.346801,0.24097,0.002951,0.2403976173267057,178.97999908583176,358.97999908583176,18.7610940289745,18.7610940289745,15.45642673026254,15.45642673026254,0.3286707116922674,0.3286707116922674,0.8766313414672026,0.2252229176088812,0.16557623371326133,177.76509989204413,29.433675725786344,0.41203173379516056,
47,3,1.233259,0.211887,0.003182,0.2592155941489589,178.97999908583176,358.97999908583176,19.97131207518149,19.97131207518149,13.80162696662462,13.80162696662462,0.2756980870654738,0.2756980870654738,0.8647220312025528,0.2056205602641624,0.15893471390464237,165.35667784970502,26.280916286264983,0.3863215598984445,
48,3,1.230489,0.211178,0.00343,0.2794184437243649,178.97999908583176,358.97999908583176,22.84948733049255,22.84948733049255,12.450651783148924,12.450651783148924,0.21738305735310887,0.21738305735310887,0.8064275632343034,0.16695936069863065,0.14477263378468155,163.6371124503367,23.69017575435535,0.3887414908221704,
49,3,1.255244,0.217519,,,,,,,,,,,,,,,,,nan_exist
50,3,1.222559,0.209147,0.003696,0.3010876291560503,172.98138486200742,352.9813848620074,2.2944234487487782,2.2944234487487782,1.6813756653358345,1.6813756653358345,0.29234875650627923,0.29234875650627923,0.009810203734965217,0.10088129555921736,0.016539927790350857,152.40376011773202,2.5207471873252416,0.4163417025844633,
51,3,1.290813,0.226629,0.003347,0.272657006164854,174.98092293661554,354.98092293661557,19.141914042650537,19.141914042650537,14.090473878757605,14.090473878757605,0.29366372498609405,0.29366372498609405,0.8690549586342896,0.2151576340897961,0.1607034797127067,166.99068261691946,26.83598377613916,0.3893186078910564,
52,3,1.472932,0.273277,0.005914,0.4817727918909312,174.98092293661554,354.98092293661557,19.70175287436352,19.70175287436352,15.969454169307758,15.969454169307758,0.3233666823300676,0.3233666823300676,0.8812388096959132,0.21118487099112548,0.1615634604643279,188.3875663489326,30.436547127786724,0.43875283116984964,
53,3,1.628165,0.313038,0.006227,0.5072707431695685,176.98046101122364,356.9804610112236,18.61988829975477,18.61988829975477,18.225968462851473,18.225968462851473,0.3905023115090505,0.3905023115090505,0.8884680837139838,0.23479840860527212,0.17181779944371336,202.26124148700467,34.75208142505065,0.4653032223943167,
54,3,1.604289,0.306922,,,,,,,,,,,,,,,,,nan_exist
55,3,1.546536,0.29213,0.006022,0.4905708070286079,176.98046101122364,356.9804610112236,16.23168597167171,16.23168597167171,22.254608434425435,22.254608434425435,0.5469736325459641,0.5469736325459641,0.926964192682138,0.3413115651875814,0.22637588076612408,188.30307219617126,42.62727381937532,0.40465499549109984,
56,3,1.386638,0.251174,0.003656,0.2978291050309848,176.98046101122364,356.9804610112236,16.884107857133348,16.884107857133348,19.301826489186503,19.301826489186503,0.4560687920656434,0.4560687920656434,0.9278122467677187,0.31429924425084077,0.21446169002550122,172.31973120704197,36.955980779402324,0.3760104178545546,
57,3,1.380075,0.249493,0.005201,0.423689599361639,178.97999908583176,358.97999908583176,18.137545460098483,18.137545460098483,17.219406260195978,17.219406260195978,0.37874745597268866,0.37874745597268866,0.9143591010007304,0.2632911739497824,0.18922213381231395,173.87401766877187,32.90081263780499,0.39159223619713024,
58,3,1.462911,0.27071,0.00447,0.3641400709760674,178.97999908583176,358.97999908583176,19.03244862026022,19.03244862026022,18.31414449769188,18.31414449769188,0.38388578975239895,0.38388578975239895,0.9017176999008834,0.2598606184778723,0.19430606476064297,180.41369503070354,35.05547511034277,0.40377283311211326,
0,4,0.414065,0.00206,,,,,,,,,,,,,,,,,nan_exist
1,4,0.414761,0.002239,,,,,,,,,,,,,,,,,nan_exist
2,4,0.421421,0.003945,,,,,,,,,,,,,,,,,nan_exist
3,4,0.435737,0.007612,,,,,,,,,,,,,,,,,nan_exist
4,4,0.434294,0.007242,,,,,,,,,,,,,,,,,nan_exist
5,4,0.424304,0.004683,,,,,,,,,,,,,,,,,nan_exist
6,4,0.425007,0.004863,,,,,,,,,,,,,,,,,nan_exist
7,4,0.427279,0.005445,,,,,,,,,,,,,,,,,nan_exist
8,4,0.430362,0.006235,,,,,,,,,,,,,,,,,nan_exist
9,4,0.439499,0.008575,,,,,,,,,,,,,,,,,nan_exist
10,4,0.478785,0.018638,,,,,,,,,,,,,,,,,nan_exist
11,4,0.549049,0.036635,,,,,,,,,,,,,,,,,nan_exist
12,4,0.544795,0.035545,,,,,,,,,,,,,,,,,nan_exist
13,4,0.506115,0.025638,,,,,,,,,,,,,,,,,nan_exist
14,4,0.489103,0.021281,,,,,,,,,,,,,,,,,nan_exist
15,4,0.587816,0.046565,,,,,,,,,,,,,,,,,nan_exist
16,4,0.768365,0.09281,,,,,,,,,,,,,,,,,nan_exist
17,4,1.246817,0.21536,,,,,,,,,,,,,,,,,nan_exist
18,4,1.810853,0.359831,,,,,,,,,,,,,,,,,nan_exist
19,4,2.592549,0.560054,,,,,,,,,,,,,,,,,nan_exist
20,4,3.416775,0.771169,,,,,,,,,,,,,,,,,nan_exist
21,4,3.983509,0.916332,,,,,,,,,,,,,,,,,nan_exist
22,4,4.506997,1.0,0.018784,1.0,11.018800818751352,191.01880081875134,17.451350885814666,17.451350885814666,57.67648062316063,57.67648062316063,1.318498886182851,1.318498886182851,0.9032281405828984,0.2821489438827784,0.19758415775663374,560.2495443419856,110.69643435234906,1.2487586388601015,
23,4,4.564927,1.0,0.021474,1.0,11.018800818751352,191.01880081875134,19.986409411105726,19.986409411105726,56.249556898456206,56.249556898456206,1.122779286617184,1.122779286617184,0.8774970570954074,0.24000139537237694,0.18704859587537578,577.2017633866569,107.96477937826506,1.3034360666899774,
24,4,4.439858,1.0,,,,,,,,,,,,,,,,,nan_exist
25,4,4.572561,1.0,0.017569,1.0,181.0626837309819,1.0626837309818882,21.89308378805184,21.89308378805184,58.10649713131148,58.10649713131148,1.0588338626080547,1.0588338626080547,0.8887065711702943,0.2384965741150993,0.20115410225149483,554.9864414541541,111.63779939246217,1.231524005726922,
26,4,4.281614,0.992688,,,,,,,,,,,,,,,,,nan_exist
27,4,4.0334,0.929111,,,,,,,,,,,,,,,,,nan_exist
28,4,3.693191,0.84197,,,,,,,,,,,,,,,,,nan_exist
29,4,3.152157,0.703391,0.007447,0.6066557289840657,9.01926274414324,189.01926274414325,17.526701382823575,17.526701382823575,34.10915148097451,34.10915148097451,0.776391539808712,0.776391539808712,0.8765014968402917,0.2316031654765322,0.16149849878852798,402.38799941432694,64.98505783593288,0.9372303932733168,
30,4,2.594246,0.560488,,,,,,,,,,,,,,,,,nan_exist
31,4,2.0183,0.412966,,,,,,,,,,,,,,,,,nan_exist
32,4,1.681317,0.326652,,,,,,,,,,,,,,,,,nan_exist
33,4,1.443816,0.265819,0.00293,0.2386868921610463,9.01926274414324,189.01926274414325,4.238274687717849,4.238274687717849,2.1695737643351922,2.1695737643351922,0.20421864291883823,0.20421864291883823,0.1619871160113685,0.07170439794614171,0.01605981854948434,199.41311158942432,3.2025383885142276,0.545029370002528,
34,4,1.649567,0.31852,,,,,,,,,,,,,,,,,nan_exist
35,4,1.586943,0.302479,,,,,,,,,,,,,,,,,nan_exist
36,4,1.277972,0.22334,0.003678,0.2996212932997709,15.017876967967549,195.01787696796754,7.538745428424755,7.538745428424755,4.112643876758614,4.112643876758614,0.21763668003522194,0.21763668003522194,0.5251982947336669,0.11020006036161903,0.04059492020104932,177.76543999240263,7.216373850996007,0.47374740594835174,
37,4,1.323675,0.235047,0.003325,0.270864817896068,11.018800818751352,191.01880081875134,6.4382757188159605,6.4382757188159605,4.82931978735569,4.82931978735569,0.2992446942160095,0.2992446942160095,0.5231918908431542,0.14120821645279458,0.048046980711652816,178.43114464089626,8.573077764919276,0.47182796354438056,
38,4,1.680614,0.326472,0.004868,0.3965623860204689,9.01926274414324,189.01926274414325,4.553781371860481,4.553781371860481,6.761193086713777,6.761193086713777,0.5923265892639865,0.5923265892639865,0.3824498858937514,0.20567112981662883,0.058852338259183325,208.22881084009123,12.254752410868548,0.5443723845256185,
39,4,1.849714,0.369785,,,,,,,,,,,,,,,,,nan_exist
40,4,1.89431,0.381208,,,,,,,,,,,,,,,,,nan_exist
41,4,1.790925,0.354727,,,,,,,,,,,,,,,,,nan_exist
42,4,1.824355,0.36329,,,,,,,,,,,,,,,,,nan_exist
43,4,1.867008,0.374215,,,,,,,,,,,,,,,,,nan_exist
44,4,1.802321,0.357646,,,,,,,,,,,,,,,,,nan_exist
45,4,1.589928,0.303244,0.003987,0.3247933921659017,181.0626837309819,1.0626837309818882,19.812494023456473,19.812494023456473,19.61363398371047,19.61363398371047,0.3949380557115444,0.3949380557115444,0.8995047764984261,0.23524026961708483,0.1814372603303995,206.6825707883568,37.49991940188332,0.46995180940687076,
46,4,1.298727,0.228656,0.003913,0.3187651225345305,181.0626837309819,1.0626837309818882,20.160037810065976,20.160037810065976,14.98716963907814,14.98716963907814,0.29657760014674217,0.29657760014674217,0.8741570192859374,0.21146722717630695,0.16497384309569604,173.2355514386955,28.57933468164373,0.40182282432514377,
47,4,1.169605,0.195583,0.002953,0.240560543532959,178.97999908583176,358.97999908583176,18.599036345471987,18.599036345471987,12.659311384452474,12.659311384452474,0.27153743119894563,0.27153743119894563,0.87108878847288,0.2082619121566486,0.15154638742497195,158.56538795908213,24.030011715838043,0.3737093784534558,
48,4,1.185646,0.199692,0.003504,0.285446713355736,178.97999908583176,358.97999908583176,21.876275288172586,21.876275288172586,10.060843994760395,10.060843994760395,0.18347255157292602,0.18347255157292602,0.7806499576576277,0.14542097056106573,0.12026088471198662,157.85892825574535,18.98425437172196,0.38576298301117606,
49,4,1.205838,0.204864,0.004125,0.3360353003973776,174.98092293661554,354.98092293661557,25.842194080006607,25.842194080006607,10.017594922625243,10.017594922625243,0.15464794321244826,0.15464794321244826,0.7333100443296587,0.12147479842981243,0.1177420047461475,160.89062428038812,18.943584647632093,0.39429733231321124,
50,4,1.211651,0.206353,0.003637,0.2962813060715787,176.98046101122364,356.9804610112236,26.626792887936453,26.626792887936453,10.185872239725795,10.185872239725795,0.15261226225389324,0.15261226225389324,0.7005647384471065,0.12032365629535248,0.12044330468666603,160.12922849350687,19.286493456684212,0.39122981954672964,
51,4,1.295058,0.227717,0.003914,0.3188465856376572,174.98092293661554,354.98092293661557,19.968475766615754,19.968475766615754,13.294760999993988,13.294760999993988,0.26561077233530506,0.26561077233530506,0.8524799036934376,0.19482160593637077,0.15033124657311994,168.17512591623512,25.281976321579037,0.3969254155407113,
52,4,1.417903,0.259182,0.003904,0.3180319546063908,174.98092293661554,354.98092293661557,18.176204061130182,18.176204061130182,14.951294063608398,14.951294063608398,0.32816001232313724,0.32816001232313724,0.8836024900788377,0.2190674226470703,0.15679429780509163,181.27581148029708,28.423013570101347,0.4245911053060992,
53,4,1.561285,0.295907,,,,,,,,,,,,,,,,,nan_exist
54,4,1.565915,0.297093,0.00756,0.6158610596373757,176.98046101122364,356.9804610112236,16.99822088475827,16.99822088475827,21.14026302471324,21.14026302471324,0.49615455620578763,0.49615455620578763,0.9043524968276206,0.30636326705328826,0.21000125407382952,192.66710520030009,40.46033371083746,0.4227965874707295,
55,4,1.541805,0.290918,0.005658,0.4609182374905121,176.98046101122364,356.9804610112236,16.589253030902327,16.589253030902327,22.31904559164393,22.31904559164393,0.5367336870519519,0.5367336870519519,0.9266805743161672,0.3349974830384019,0.22586597770994551,189.36134842163955,42.770286101727265,0.4071973953330897,
56,4,1.399893,0.254569,0.005519,0.4495948661559095,176.98046101122364,356.9804610112236,16.31891744935667,16.31891744935667,19.784777993950446,19.784777993950446,0.48367083629397445,0.48367083629397445,0.9248389701579178,0.3295718600716009,0.2192752918332615,172.71328325096744,37.87175558833664,0.37455979906286335,
57,4,1.35937,0.244189,0.003628,0.295548138143439,178.97999908583176,358.97999908583176,18.112765287496956,18.112765287496956,17.54663107472991,17.54663107472991,0.3864729047832072,0.3864729047832072,0.9121695915316993,0.2743032786016681,0.19717512847399674,170.2234351871931,33.563827702319855,0.3796100207913146,
58,4,1.375138,0.248228,0.004297,0.3500469541351591,178.97999908583176,358.97999908583176,18.88353555967994,18.88353555967994,17.68364521425969,17.68364521425969,0.3735928436330498,0.3735928436330498,0.9053998896699809,0.26581584152801646,0.1975930150544381,171.35573503149195,33.858696331741896,0.38193621861041677,
0,5,0.41545,0.002415,,,,,,,,,,,,,,,,,nan_exist
1,5,0.422525,0.004227,,,,,,,,,,,,,,,,,nan_exist
2,5,0.428644,0.005795,,,,,,,,,,,,,,,,,nan_exist
3,5,0.456352,0.012892,,,,,,,,,,,,,,,,,nan_exist
4,5,0.463622,0.014754,,,,,,,,,,,,,,,,,nan_exist
5,5,0.4371,0.007961,,,,,,,,,,,,,,,,,nan_exist
6,5,0.42413,0.004638,,,,,,,,,,,,,,,,,nan_exist
7,5,0.424524,0.004739,,,,,,,,,,,,,,,,,nan_exist
8,5,0.430375,0.006238,,,,,,,,,,,,,,,,,nan_exist
9,5,0.442362,0.009308,,,,,,,,,,,,,,,,,nan_exist
10,5,0.489926,0.021491,,,,,,,,,,,,,,,,,nan_exist
11,5,0.559103,0.03921,,,,,,,,,,,,,,,,,nan_exist
12,5,0.548947,0.036609,,,,,,,,,,,,,,,,,nan_exist
13,5,0.548663,0.036536,,,,,,,,,,,,,,,,,nan_exist
14,5,0.521661,0.02962,,,,,,,,,,,,,,,,,nan_exist
15,5,0.5911,0.047406,,,,,,,,,,,,,,,,,nan_exist
16,5,0.873402,0.119714,,,,,,,,,,,,,,,,,nan_exist
17,5,1.500031,0.280218,,,,,,,,,,,,,,,,,nan_exist
18,5,2.002776,0.40899,0.000366,0.0298154957443491,15.017876967967549,195.01787696796754,8.732431223971478,8.732431223971478,14.055380271363175,14.055380271363175,0.6421219146821703,0.6421219146821703,0.7194507860712426,0.23628209539301268,0.10219676582733969,259.4934250053219,26.519388789003216,0.6471501006008853,
19,5,2.98996,0.661846,,,,,,,,,,,,,,,,,nan_exist
20,5,3.601157,0.818397,0.00933,0.7600507521715232,13.018338893359438,193.01833889335944,15.463957703520103,15.463957703520103,33.22052409234189,33.22052409234189,0.8570297391923658,0.8570297391923658,0.8413965587950336,0.2082421849874585,0.1314871102930117,478.59648612527224,62.92926895700151,1.154631158800752,
21,5,4.074203,0.939562,,,,,,,,,,,,,,,,,nan_exist
22,5,4.4999,1.0,,,,,,,,,,,,,,,,,nan_exist
23,5,4.656023,1.0,,,,,,,,,,,,,,,,,nan_exist
24,5,4.373017,1.0,,,,,,,,,,,,,,,,,nan_exist
25,5,4.260013,0.987155,0.016684,1.0,9.01926274414324,189.01926274414325,23.906360461440187,23.906360461440187,49.009872696840375,49.009872696840375,0.817862275915986,0.817862275915986,0.8647038187275422,0.192246992989196,0.17528539607318386,536.4952549330148,94.03978325231725,1.2290429768908266,
26,5,4.210912,0.974578,0.012831,1.0,3.020648520318958,183.02064852031896,21.14572351825761,21.14572351825761,50.63676373478949,50.63676373478949,0.955330092113587,0.955330092113587,0.8761515455506121,0.22903446433876196,0.18694939512300168,519.0725201844523,97.04029367345544,1.1723117403083245,
27,5,4.09797,0.945649,,,,,,,,,,,,,,,,,nan_exist
28,5,3.764765,0.860303,0.009348,0.7615170880278027,183.06222180558999,3.062221805589985,19.302514571361527,19.302514571361527,47.73410513925735,47.73410513925735,0.9865633146797745,0.9865633146797745,0.8875253650239008,0.26013733571894504,0.1968849108906615,464.4861847696807,91.45032109832192,1.036210732420441,
29,5,3.233516,0.72423,,,,,,,,,,,,,,,,,nan_exist
30,5,2.550772,0.549353,,,,,,,,,,,,,,,,,nan_exist
31,5,1.805218,0.358388,,,,,,,,,,,,,,,,,nan_exist
32,5,1.444163,0.265908,0.002876,0.234287884592208,11.018800818751352,191.01880081875134,5.673039074174898,5.673039074174898,3.586537170096775,3.586537170096775,0.25221425389018864,0.25221425389018864,0.42131472562390804,0.10106624643643365,0.030257745517306332,198.99458975653664,6.021127656174059,0.5360373947232294,
33,5,1.430681,0.262455,0.003969,0.3233270563096223,5.020186594927044,185.02018659492705,2.253639298601406,2.253639298601406,1.0302705201483495,1.0302705201483495,0.1823798826162768,0.1823798826162768,-0.12586764650731208,0.04913127815466318,0.004901967061193033,193.51783750564493,0.9486180652059772,0.5349144984456637,
34,5,1.530488,0.288019,0.004159,0.3388050459036833,5.020186594927044,185.02018659492705,2.3209934127340803,2.3209934127340803,1.8230653740072582,1.8230653740072582,0.3133562782371731,0.3133562782371731,-0.21233736117704827,0.08491359370162073,0.012793521768052638,195.069739873949,2.495628963365732,0.5349280858627313,
35,5,1.506193,0.281796,,,,,,,,,,,,,,,,,nan_exist
36,5,1.249512,0.21605,0.003295,0.2684209248022689,15.017876967967549,195.01787696796754,7.924706465712136,7.924706465712136,4.22807499993999,4.22807499993999,0.2128479949992407,0.2128479949992407,0.5741322043683892,0.11242334394901903,0.042885222937387835,173.93228907590367,7.459124993030315,0.46242545578575933,
37,5,1.383154,0.250281,0.004037,0.3288665473222335,11.018800818751352,191.01880081875134,6.403127218517514,6.403127218517514,5.649191785293195,5.649191785293195,0.35196887026269286,0.35196887026269286,0.5959706457426016,0.15890859171772448,0.05459275615027769,186.04740448859874,10.15684058563815,0.4885848997304461,
38,5,1.637015,0.315305,0.00505,0.4113886707895168,11.018800818751352,191.01880081875134,17.97117711374808,17.97117711374808,17.843223787325073,17.843223787325073,0.3961018436562463,0.3961018436562463,0.8503638823276016,0.21463193427163965,0.1524434638464075,222.9082996501969,33.980913318788964,0.5247982953650221,
39,5,1.848047,0.369358,,,,,,,,,,,,,,,,,nan_exist
40,5,1.900348,0.382754,0.005677,0.4624660364499182,183.06222180558999,3.062221805589985,18.116320174678503,18.116320174678503,30.864051680253013,30.864051680253013,0.6796620417957654,0.6796620417957654,0.9164288465984994,0.2986710787733642,0.2153296437018654,274.8898047780891,59.19192372014126,0.5991607807165218,
41,5,1.786967,0.353713,,,,,,,,,,,,,,,,,nan_exist
42,5,1.894534,0.381265,0.003253,0.2649994744709501,183.06222180558999,3.062221805589985,15.640870501072467,15.640870501072467,31.10372527158733,31.10372527158733,0.7933440205886165,0.7933440205886165,0.9498560711400377,0.3277534597418422,0.21101569496904993,281.5890792166148,59.41971524658882,0.617137122138961,
43,5,1.896583,0.38179,,,,,,,,,,,,,,,,,nan_exist
44,5,1.870644,0.375146,0.003971,0.3234899825158755,181.0626837309819,1.0626837309818882,18.635372213859824,18.635372213859824,26.542130354765373,26.542130354765373,0.5682085599860954,0.5682085599860954,0.9213263415635382,0.28281237233719997,0.20831657035019596,244.23149739578756,50.87746790898328,0.5370945263522341,
45,5,1.586057,0.302252,0.004979,0.4056047904675256,181.0626837309819,1.0626837309818882,20.826892323634198,20.826892323634198,19.82123737220815,19.82123737220815,0.37967880732131204,0.37967880732131204,0.8910488855670309,0.2291519893892054,0.18449642085787962,205.71281612149238,37.953278299010464,0.46599871617356087,
46,5,1.246706,0.215332,0.001792,0.1459818808029335,181.0626837309819,1.0626837309818882,19.642845809864635,19.642845809864635,13.765485533908391,13.765485533908391,0.27957426550548237,0.27957426550548237,0.8733578890341434,0.2047287647057522,0.15595801677530155,167.90586364537478,26.186265499076853,0.3936655504063831,
47,5,1.147649,0.18996,0.002835,0.2309478973640158,178.97999908583176,358.97999908583176,21.23051265979542,21.23051265979542,12.927643593721982,12.927643593721982,0.24292317845263553,0.24292317845263553,0.8645861228873959,0.19450263065909065,0.1584124733486817,155.56519164264708,24.643466775073392,0.36367145796548245,
48,5,1.135432,0.18683,0.004347,0.354120109291491,178.97999908583176,358.97999908583176,23.44207967416935,23.44207967416935,10.774816836000094,10.774816836000094,0.18336811661800403,0.18336811661800403,0.7865961322060524,0.15280734048259173,0.13534094823161863,151.15689571535802,20.457717597864445,0.36305327254859326,
49,5,1.161865,0.193601,0.002675,0.2179138008637539,172.98138486200742,352.9813848620074,2.257601642069719,2.257601642069719,1.428286038494574,1.428286038494574,0.25239337119730765,0.25239337119730765,-0.04855410362328705,0.08993598303609376,0.013978564835599104,146.45397789538453,2.0472164254420306,0.4011298929720625,
50,5,1.194647,0.201997,0.004089,0.3331026286848186,176.98046101122364,356.9804610112236,26.301928551786386,26.301928551786386,10.260418892491378,10.260418892491378,0.15562793818654952,0.15562793818654952,0.735388814273909,0.12417766523548775,0.12280679869337986,158.30276573024219,19.440655883639124,0.3857280829072307,
51,5,1.250373,0.216271,0.003765,0.3067085832717883,174.98092293661554,354.98092293661557,22.847253547036757,22.847253547036757,11.948511851183722,11.948511851183722,0.20863630525661228,0.20863630525661228,0.7747362970873151,0.16266906954898216,0.14093630953303712,161.21462621495272,22.720994461483457,0.3847045326485257,
52,5,1.331637,0.237086,0.00395,0.3217792573502162,174.98092293661554,354.98092293661557,18.018268053978957,18.018268053978957,14.203094692963102,14.203094692963102,0.3144705677922758,0.3144705677922758,0.8607980939792484,0.22192954187933828,0.15778347542327648,171.13192636873913,27.00179009833991,0.40036148963999785,
53,5,1.49461,0.278829,,,,,,,,,,,,,,,,,nan_exist
54,5,1.535959,0.289421,0.005624,0.4581484919842064,176.98046101122364,356.9804610112236,16.312690630342217,16.312690630342217,20.371750002079935,20.371750002079935,0.49821041701611457,0.49821041701611457,0.9127659524520415,0.30988233829601836,0.20572929054985803,189.2356011168277,38.93130596454088,0.4175119309785745,
55,5,1.54497,0.291728,0.004608,0.3753819792075433,176.98046101122364,356.9804610112236,16.745424044106144,16.745424044106144,21.40608858466491,21.40608858466491,0.5099777570247337,0.5099777570247337,0.916672859921121,0.3191926250524063,0.21648979816103528,189.32462489247547,40.98684982988573,0.4120493751738604,
56,5,1.401161,0.254894,0.003704,0.3017393339810634,176.98046101122364,356.9804610112236,16.44680277912434,16.44680277912434,18.0865245612569,18.0865245612569,0.43871623256544673,0.43871623256544673,0.9234400315578448,0.29622399496816365,0.19764082161078544,174.7283373365304,34.53345214987834,0.38943023662958903,
57,5,1.400042,0.254607,0.004701,0.3829580477983205,178.97999908583176,358.97999908583176,18.170582884464295,18.170582884464295,18.019080666728026,18.019080666728026,0.39561598973624673,0.39561598973624673,0.9193298297645405,0.2734503318476947,0.19705719333116942,174.920915274363,34.469424618885256,0.39014302959854935,
58,5,1.33563,0.238109,0.002951,0.2403976173267057,178.97999908583176,358.97999908583176,19.62807636607459,19.62807636607459,17.294641754165998,17.294641754165998,0.35151502834267084,0.35151502834267084,0.8906324631194872,0.2593212377526498,0.1990325389069324,166.54234607733054,33.14734597528809,0.37054166695011787,
0,6,0.418542,0.003207,,,,,,,,,,,,,,,,,nan_exist
1,6,0.417089,0.002835,,,,,,,,,,,,,,,,,nan_exist
2,6,0.423852,0.004567,,,,,,,,,,,,,,,,,nan_exist
3,6,0.447175,0.010541,,,,,,,,,,,,,,,,,nan_exist
4,6,0.467567,0.015764,,,,,,,,,,,,,,,,,nan_exist
5,6,0.466488,0.015488,,,,,,,,,,,,,,,,,nan_exist
6,6,0.433511,0.007041,,,,,,,,,,,,,,,,,nan_exist
7,6,0.435179,0.007469,,,,,,,,,,,,,,,,,nan_exist
8,6,0.446951,0.010484,,,,,,,,,,,,,,,,,nan_exist
9,6,0.437012,0.007938,,,,,,,,,,,,,,,,,nan_exist
10,6,0.472261,0.016967,,,,,,,,,,,,,,,,,nan_exist
11,6,0.50539,0.025452,,,,,,,,,,,,,,,,,nan_exist
12,6,0.514725,0.027843,,,,,,,,,,,,,,,,,nan_exist
13,6,0.559078,0.039204,,,,,,,,,,,,,,,,,nan_exist
14,6,0.54898,0.036617,,,,,,,,,,,,,,,,,nan_exist
15,6,0.599558,0.049572,,,,,,,,,,,,,,,,,nan_exist
16,6,1.132919,0.186186,,,,,,,,,,,,,,,,,nan_exist
17,6,1.78033,0.352013,,,,,,,,,,,,,,,,,nan_exist
18,6,2.282407,0.480614,0.001048,0.0853733320767155,17.01741504257566,197.01741504257566,9.260256374431412,9.260256374431412,16.86881642191887,16.86881642191887,0.726727621668753,0.726727621668753,0.7751828549817359,0.24054779890928854,0.10838221069706303,295.2717753853613,32.0022077727121,0.7313043544795812,
19,6,3.338598,0.751145,0.003347,0.272657006164854,15.017876967967549,195.01787696796754,16.326261202060874,16.326261202060874,43.09559562490389,43.09559562490389,1.0530675076843024,1.0530675076843024,0.9035923953436199,0.27562333599540473,0.1835841975581433,450.8355931387065,82.76629059701901,1.0224147292824652,
20,6,3.856016,0.883676,0.011761,0.9580875558723778,13.018338893359438,193.01833889335944,15.106521117242691,15.106521117242691,39.123989138592485,39.123989138592485,1.033210315215172,1.033210315215172,0.890807818281346,0.2292452221350633,0.14281334467328782,520.5637386499984,74.34344863223754,1.2395008056048913,
21,6,4.055585,0.934793,,,,,,,,,,,,,,,,,nan_exist
22,6,4.369082,1.0,,,,,,,,,,,,,,,,,nan_exist
23,6,4.535422,1.0,,,,,,,,,,,,,,,,,nan_exist
24,6,4.279719,0.992202,,,,,,,,,,,,,,,,,nan_exist
25,6,4.052212,0.933929,,,,,,,,,,,,,,,,,nan_exist
26,6,3.994888,0.919246,,,,,,,,,,,,,,,,,nan_exist
27,6,4.014998,0.924397,,,,,,,,,,,,,,,,,nan_exist
28,6,3.881305,0.890153,,,,,,,,,,,,,,,,,nan_exist
29,6,3.300282,0.741331,,,,,,,,,,,,,,,,,nan_exist
30,6,2.37093,0.503288,,,,,,,,,,,,,,,,,nan_exist
31,6,1.67948,0.326182,,,,,,,,,,,,,,,,,nan_exist
32,6,1.342239,0.239801,,,,,,,,,,,,,,,,,nan_exist
33,6,1.421193,0.260024,0.003785,0.308337845334321,181.0626837309819,1.0626837309818882,30.641626544969593,30.641626544969593,10.26876571136135,10.26876571136135,0.13369540953664158,0.13369540953664158,0.6417014690105206,0.08294129734573819,0.09658163162134019,199.51375375051813,19.26936386812332,0.50067886078443,
34,6,1.554625,0.294202,0.004927,0.4013687091049405,7.019724669535155,187.01972466953515,3.329767715986978,3.329767715986978,3.3890369790657404,3.3890369790657404,0.40604338083460373,0.40604338083460373,0.03168654175875096,0.128692828451316,0.028377153151027398,197.67042264258436,5.60932385675693,0.533503052182854,
35,6,1.475655,0.273974,0.004312,0.3512689006820587,9.01926274414324,189.01926274414325,4.600811873019805,4.600811873019805,4.714049927427683,4.714049927427683,0.408761296892548,0.408761296892548,0.3108785856222953,0.15614656542229371,0.043590665213209485,190.16984878053518,8.289630211838983,0.5052228293574894,
36,6,1.25167,0.216603,,,,,,,,,,,,,,,,,nan_exist
37,6,1.456732,0.269127,0.003445,0.2806403902712645,13.018338893359438,193.01833889335944,8.020775926622074,8.020775926622074,8.534386562623192,8.534386562623192,0.42448856173870597,0.42448856173870597,0.7814198332394418,0.1991088050111645,0.08048898185410955,196.71097594857804,15.833066173629277,0.5024386382637466,
38,6,1.574708,0.299346,,,,,,,,,,,,,,,,,nan_exist
39,6,1.791883,0.354972,,,,,,,,,,,,,,,,,nan_exist
40,6,1.909121,0.385002,,,,,,,,,,,,,,,,,nan_exist
41,6,1.815654,0.361061,0.002821,0.2298074139202429,185.06175988019808,5.061759880198082,16.281181792792168,16.281181792792168,31.794079834873646,31.794079834873646,0.7790590925165535,0.7790590925165535,0.933247818733319,0.3363577863473413,0.22364347114433458,272.4463893327399,60.93085621111476,0.5875431475600699,
42,6,1.918057,0.38729,0.001958,0.1595047559219552,183.06222180558999,3.062221805589985,16.825134145321357,16.825134145321357,30.98637073049515,30.98637073049515,0.7347206443536998,0.7347206443536998,0.9230420079439001,0.3083092335099668,0.20967252662108876,282.76712828534824,59.2884982329785,0.6207739723676937,
43,6,1.856954,0.37164,,,,,,,,,,,,,,,,,nan_exist
44,6,1.823967,0.36319,,,,,,,,,,,,,,,,,nan_exist
45,6,1.520222,0.28539,0.00293,0.2386868921610463,181.0626837309819,1.0626837309818882,20.539585975878044,20.539585975878044,18.214699760836822,18.214699760836822,0.35378580015924754,0.35378580015924754,0.8974011353164313,0.2194270061578425,0.1742457604266621,199.7608940244781,34.807488882805046,0.45820390317131404,
46,6,1.2447,0.214818,0.002735,0.2228015870513522,181.0626837309819,1.0626837309818882,19.156166778531063,19.156166778531063,13.475559276744798,13.475559276744798,0.2806391492464075,0.2806391492464075,0.8698648162045121,0.20568607083562884,0.15337815068937377,166.94981806751605,25.606454353123013,0.39262045476220286,
47,6,1.172111,0.196225,0.002143,0.174575430000383,181.0626837309819,1.0626837309818882,19.965757938788396,19.965757938788396,13.002650430164863,13.002650430164863,0.2598101724851137,0.2598101724851137,0.8622938065837223,0.20510250748135428,0.15848081239308623,156.21428567213633,24.756966900725814,0.36515921880947366,
48,6,1.158513,0.192742,0.002808,0.2287483935795967,178.97999908583176,358.97999908583176,22.720484136138346,22.720484136138346,11.068018480959013,11.068018480959013,0.19434007241491222,0.19434007241491222,0.8044975979037494,0.15846508352551603,0.13636641260687213,154.0642083231234,21.00918340014215,0.3695972914527257,
49,6,1.094126,0.17625,0.002446,0.199258750247754,174.98092293661554,354.98092293661557,25.94629632654506,25.94629632654506,8.951610777760632,8.951610777760632,0.1376372169654241,0.1376372169654241,0.7239357733952083,0.11732606353031823,0.11402145262829624,148.25103325300233,16.903798165153177,0.364853430799581,
50,6,1.125898,0.184388,0.003748,0.3053237105186355,174.98092293661554,354.98092293661557,28.437120742425165,28.437120742425165,9.962380175732212,9.962380175732212,0.13976150052361772,0.13976150052361772,0.7195534844296211,0.11589045987841914,0.12495694151416809,151.36528179216617,18.91414266417928,0.36791983091107466,
51,6,1.214626,0.207115,0.003015,0.2456112559268105,174.98092293661554,354.98092293661557,26.25422159661685,26.25422159661685,11.337758464527221,11.337758464527221,0.17228129197561085,0.17228129197561085,0.7394353096828798,0.13728219993864194,0.13612338267900626,158.51046438777047,21.576980602483474,0.3803707882924639,
52,6,1.267957,0.220775,0.004798,0.3908599688016043,172.98138486200742,352.9813848620074,19.59977376630834,19.59977376630834,13.214161684191987,13.214161684191987,0.26896676761375304,0.26896676761375304,0.8568886432937888,0.19983817133232934,0.15195797668116792,165.4748264518691,25.14521981929343,0.38980446286826576,
53,6,1.456758,0.269134,0.005269,0.4292290903742504,174.98092293661554,354.98092293661557,17.413531298401036,17.413531298401036,17.216792022235456,17.216792022235456,0.39443500303574236,0.39443500303574236,0.8994862826060845,0.25596013460153205,0.17791423174006735,184.55868160568957,32.83561604883596,0.4214529598801489,
54,6,1.508941,0.2825,0.004544,0.3701683406074385,176.98046101122364,356.9804610112236,16.3418350382869,16.3418350382869,20.51213963354097,20.51213963354097,0.5007491350968426,0.5007491350968426,0.9191978077397012,0.31735604198517736,0.2111386287623372,185.7917405843255,39.22781334234236,0.40712202011661985,
55,6,1.493704,0.278597,0.004802,0.3911858212141108,174.98092293661554,354.98092293661557,16.444625985735527,16.444625985735527,21.12661455725902,21.12661455725902,0.5125260857830353,0.5125260857830353,0.9189093024963967,0.32855201313693533,0.22000236434873632,183.9973146936124,40.47984426641321,0.3986596400755533,
56,6,1.461853,0.270439,0.004225,0.3441816107100413,176.98046101122364,356.9804610112236,15.593574089853318,15.593574089853318,18.344559689207717,18.344559689207717,0.46932283985714307,0.46932283985714307,0.9130549792599176,0.3037674261367018,0.19465201741590357,179.63616681468545,34.96654227133831,0.4018600681759643,
57,6,1.377527,0.24884,0.005807,0.473056239856381,176.98046101122364,356.9804610112236,17.30483391815921,17.30483391815921,16.97018956890425,16.97018956890425,0.39122745456452407,0.39122745456452407,0.9208494221498337,0.2710669247591156,0.18774368182759432,172.537678673632,32.392859048174074,0.38929116562627203,
58,6,1.365616,0.245789,0.005117,0.4168466986990015,176.98046101122364,356.9804610112236,20.153079991580988,20.153079991580988,17.730372863114205,17.730372863114205,0.3509833427611756,0.3509833427611756,0.8954244362355792,0.2548690122530056,0.2000491205567732,170.0194852036401,34.01224849250352,0.37779787975315715,
0,7,0.414708,0.002225,,,,,,,,,,,,,,,,,nan_exist
1,7,0.417421,0.00292,,,,,,,,,,,,,,,,,nan_exist
2,7,0.419103,0.003351,,,,,,,,,,,,,,,,,nan_exist
3,7,0.442844,0.009432,,,,,,,,,,,,,,,,,nan_exist
4,7,0.443992,0.009726,,,,,,,,,,,,,,,,,nan_exist
5,7,0.465986,0.015359,,,,,,,,,,,,,,,,,nan_exist
6,7,0.44788,0.010722,,,,,,,,,,,,,,,,,nan_exist
7,7,0.470689,0.016564,,,,,,,,,,,,,,,,,nan_exist
8,7,0.501441,0.024441,,,,,,,,,,,,,,,,,nan_exist
9,7,0.462824,0.01455,,,,,,,,,,,,,,,,,nan_exist
10,7,0.464984,0.015103,,,,,,,,,,,,,,,,,nan_exist
11,7,0.493315,0.022359,,,,,,,,,,,,,,,,,nan_exist
12,7,0.501652,0.024495,,,,,,,,,,,,,,,,,nan_exist
13,7,0.56003,0.039448,,,,,,,,,,,,,,,,,nan_exist
14,7,0.559762,0.039379,,,,,,,,,,,,,,,,,nan_exist
15,7,0.661822,0.065521,,,,,,,,,,,,,,,,,nan_exist
16,7,1.35842,0.243946,,,,,,,,,,,,,,,,,nan_exist
17,7,2.024724,0.414612,,,,,,,,,,,,,,,,,nan_exist
18,7,2.812767,0.61646,,,,,,,,,,,,,,,,,nan_exist
19,7,3.582253,0.813555,,,,,,,,,,,,,,,,,nan_exist
20,7,4.025712,0.927142,,,,,,,,,,,,,,,,,nan_exist
21,7,4.022996,0.926446,,,,,,,,,,,,,,,,,nan_exist
22,7,4.204835,0.973022,,,,,,,,,,,,,,,,,nan_exist
23,7,4.438076,1.0,,,,,,,,,,,,,,,,,nan_exist
24,7,4.224094,0.977955,0.016624,1.0,15.017876967967549,195.01787696796754,7.918116000290392,7.918116000290392,20.803629705382743,20.803629705382743,1.0481593696010516,1.0481593696010516,0.6281651743934094,0.18126175258866292,0.07253390153582677,531.0119658993096,38.516369648886325,1.3680433229178426,
25,7,3.943946,0.906198,0.013769,1.0,13.018338893359438,193.01833889335944,6.791835302121586,6.791835302121586,14.222382696275536,14.222382696275536,0.8354015568990113,0.8354015568990113,0.3594152584580639,0.14313211212887678,0.05074563712489326,502.87057481927263,25.518487710565296,1.3259780197464093,
26,7,3.919532,0.899945,,,,,,,,,,,,,,,,,nan_exist
27,7,3.859563,0.884584,,,,,,,,,,,,,,,,,nan_exist
28,7,3.701872,0.844194,0.010554,0.8597615903985268,181.0626837309819,1.0626837309818882,19.14489346809047,19.14489346809047,51.53543983947775,51.53543983947775,1.073898161163429,1.073898161163429,0.9216222137025892,0.2798500671730058,0.2107744606341295,469.0947053524734,98.87318350699348,1.0283931162374442,
29,7,3.164933,0.706663,,,,,,,,,,,,,,,,,nan_exist
30,7,2.339165,0.495152,,,,,,,,,,,,,,,,,nan_exist
31,7,1.649893,0.318603,0.003066,0.249765874186269,9.01926274414324,189.01926274414325,4.5369297057774585,4.5369297057774585,5.01873428567433,5.01873428567433,0.44130842452906677,0.44130842452906677,0.40803548958671054,0.14654223854271242,0.04023291791313634,217.40505292122083,8.746839648080538,0.5796061479809452,
32,7,1.230986,0.211305,0.002634,0.2145738136355618,15.017876967967549,195.01787696796754,6.786037150695557,6.786037150695557,2.8617766307678596,2.8617766307678596,0.16824011860309934,0.16824011860309934,0.5004606096484194,0.08203863685081093,0.026819860536929845,176.66709794669654,4.738186928394526,0.47758030838417226,
33,7,1.329635,0.236573,0.003168,0.258075110705186,9.01926274414324,189.01926274414325,4.266726460354116,4.266726460354116,2.071278119167495,2.071278119167495,0.19366613348297249,0.19366613348297249,0.19034465860361616,0.07370099405341164,0.016739003482010066,184.54429274643246,3.089087558867618,0.5040422366321246,
34,7,1.664832,0.32243,,,,,,,,,,,,,,,,,nan_exist
35,7,1.513197,0.28359,0.005046,0.4110628183770103,9.01926274414324,189.01926274414325,4.886377313409871,4.886377313409871,5.111144785246074,5.111144785246074,0.41729314486053143,0.41729314486053143,0.29557711422118715,0.16089570161284641,0.04669479704304561,193.5385486666242,9.037243249993622,0.5125036261573072,
36,7,1.249363,0.216012,0.004331,0.3528166996414648,13.018338893359438,193.01833889335944,7.564222562190675,7.564222562190675,5.024796061956845,5.024796061956845,0.26501118694326853,0.26501118694326853,0.6108047894114512,0.13875088812318448,0.05241412713026177,172.10531848018096,9.020750042614395,0.4530126901043516,
37,7,1.510071,0.282789,0.005148,0.4193720548959272,11.018800818751352,191.01880081875134,5.932258208974693,5.932258208974693,8.074916621622714,8.074916621622714,0.5430353058820035,0.5430353058820035,0.6834005286887171,0.22335745685975267,0.0755751538349664,197.60677338925512,14.9341622977243,0.5074239196986967,
38,7,1.504005,0.281236,0.004653,0.3790478188482419,9.01926274414324,189.01926274414325,20.304018349514234,20.304018349514234,17.916919888742715,17.916919888742715,0.3520395202142738,0.3520395202142738,0.8232873390698378,0.2075997349518867,0.16310249959889633,209.81320022076397,34.22105740485031,0.4877559522664268,
39,7,1.701182,0.33174,,,,,,,,,,,,,,,,,nan_exist
40,7,1.891357,0.380451,,,,,,,,,,,,,,,,,nan_exist
41,7,1.834363,0.365853,0.003806,0.3100485704999804,183.06222180558999,3.062221805589985,17.090940630556723,17.090940630556723,31.57802474709616,31.57802474709616,0.7371044973765761,0.7371044973765761,0.9364671335296686,0.3209196281597814,0.22123548101618576,273.5738870356371,60.524250491796835,0.5918045459551118,
42,7,1.910656,0.385395,0.003798,0.3093968656749673,183.06222180558999,3.062221805589985,16.801500256825175,16.801500256825175,31.511582605679475,31.511582605679475,0.7482250056009804,0.7482250056009804,0.9283359306569697,0.31345802403451184,0.2130448331742647,283.11528299931945,60.31624823567475,0.6188862076767908,
43,7,1.84044,0.36741,,,,,,,,,,,,,,,,,nan_exist
44,7,1.752667,0.344928,,,,,,,,,,,,,,,,,nan_exist
45,7,1.480504,0.275216,0.001881,0.1532320969812041,178.97999908583176,358.97999908583176,20.372880993581397,20.372880993581397,18.136115204161506,18.136115204161506,0.35514187509615364,0.35514187509615364,0.891969620726166,0.22604846847382384,0.17839923919268993,194.37760622933075,34.67681706740888,0.44361330322756076,
46,7,1.274556,0.222465,0.001172,0.0954747568644185,178.97999908583176,358.97999908583176,20.14752437457359,20.14752437457359,14.902313797103409,14.902313797103409,0.2950815662978938,0.2950815662978938,0.8802606854234634,0.2138746352350466,0.16682943956399493,170.3987149203149,28.427522112581073,0.3943644244659273,
47,7,1.211413,0.206292,0.003309,0.2695614082460418,178.97999908583176,358.97999908583176,20.229666191776815,20.229666191776815,13.431081469492263,13.431081469492263,0.2648697323475729,0.2648697323475729,0.8776806977691417,0.20295872394076356,0.1585752794085225,161.31117578708924,25.579964772154966,0.3770311417081508,
48,7,1.16219,0.193684,0.002471,0.20129532782592,178.97999908583176,358.97999908583176,25.02558883648739,25.02558883648739,10.83067678187115,10.83067678187115,0.1726558732296746,0.1726558732296746,0.7637557222806015,0.14166767585059659,0.13362062256882656,153.98583016346277,20.57568249321949,0.3705837435284536,
49,7,1.047979,0.16443,0.002506,0.2041465364353523,176.98046101122364,356.9804610112236,26.566868678337123,26.566868678337123,9.003031139417597,9.003031139417597,0.13519432104593732,0.13519432104593732,0.7186847541769295,0.11976100593563631,0.11955314265062521,142.53612407395428,17.04064157428067,0.3485985624990934,
50,7,1.084353,0.173747,0.001724,0.1404423897903222,345.0248058488461,165.02480584884609,7.069791020566125,7.069791020566125,4.182147756145438,4.182147756145438,0.23599503266205363,0.23599503266205363,0.5271979238942336,0.14440969933055176,0.052779196281112925,143.22652630930477,7.559380944740781,0.3768531815682333,
51,7,1.188236,0.200355,0.003147,0.2563643855395266,176.98046101122364,356.9804610112236,23.63056057652516,23.63056057652516,10.689731172775081,10.689731172775081,0.18046908862507713,0.18046908862507713,0.7617096965652451,0.14695293029858508,0.13097973617815614,154.79286724208288,20.274728913628365,0.3736614953568181,
52,7,1.289623,0.226324,0.00451,0.3673985951011329,176.98046101122364,356.9804610112236,20.61696772991635,20.61696772991635,13.991188018562577,13.991188018562577,0.2707321720037054,0.2707321720037054,0.8456271739715122,0.20247916603039556,0.16088584826360314,165.79915360945984,26.674737469845383,0.3864567114989291,
53,7,1.496231,0.279245,,,,,,,,,,,,,,,,,nan_exist
54,7,1.495575,0.279077,0.005203,0.4238525255678923,176.98046101122364,356.9804610112236,16.709922627385897,16.709922627385897,20.663488263097513,20.663488263097513,0.49333197481226054,0.49333197481226054,0.9209352049011381,0.3170492671998738,0.21463448583910524,184.28740382411502,39.55443216641248,0.402036032382507,
55,7,1.487908,0.277113,0.004283,0.3489064706913863,176.98046101122364,356.9804610112236,15.757175440032116,15.757175440032116,19.462013069485977,19.462013069485977,0.49274185622238637,0.49274185622238637,0.902683165266069,0.3171612265575595,0.2051485764555374,181.13234160412273,37.159042030143894,0.3999258321499412,
56,7,1.357527,0.243717,0.004545,0.3702498037105652,176.98046101122364,356.9804610112236,15.484484267305417,15.484484267305417,17.36151111981727,17.36151111981727,0.4473020035920141,0.4473020035920141,0.9100511160868894,0.30730766317930364,0.19594136557846903,168.89282308665526,33.09309039200201,0.37722147970737013,
57,7,1.324717,0.235313,0.003648,0.2971774002059718,176.98046101122364,356.9804610112236,17.114538608840444,17.114538608840444,16.874384268072806,16.874384268072806,0.39334424924535727,0.39334424924535727,0.9255797149640081,0.281613045564445,0.19357315267235578,166.50040109368604,32.23000756091656,0.37297331536880407,
58,7,1.389177,0.251824,0.004067,0.3313104404160327,176.98046101122364,356.9804610112236,20.00961200017543,20.00961200017543,18.580198489268913,18.580198489268913,0.37044330272647,0.37044330272647,0.8917785165598294,0.26476143281693887,0.20676861589995033,172.50679400017052,35.66899102875311,0.3801050082539372,
0,8,0.409889,0.000991,,,,,,,,,,,,,,,,,nan_exist
1,8,0.420467,0.0037,,,,,,,,,,,,,,,,,nan_exist
2,8,0.445886,0.010211,,,,,,,,,,,,,,,,,nan_exist
3,8,0.442893,0.009444,,,,,,,,,,,,,,,,,nan_exist
4,8,0.435947,0.007665,,,,,,,,,,,,,,,,,nan_exist
5,8,0.450297,0.011341,,,,,,,,,,,,,,,,,nan_exist
6,8,0.482814,0.01967,,,,,,,,,,,,,,,,,nan_exist
7,8,0.508824,0.026332,,,,,,,,,,,,,,,,,nan_exist
8,8,0.525477,0.030597,,,,,,,,,,,,,,,,,nan_exist
9,8,0.504846,0.025313,,,,,,,,,,,,,,,,,nan_exist
10,8,0.485813,0.020438,,,,,,,,,,,,,,,,,nan_exist
11,8,0.494371,0.02263,,,,,,,,,,,,,,,,,nan_exist
12,8,0.501183,0.024375,,,,,,,,,,,,,,,,,nan_exist
13,8,0.551643,0.0373,,,,,,,,,,,,,,,,,nan_exist
14,8,0.579017,0.044311,,,,,,,,,,,,,,,,,nan_exist
15,8,0.737207,0.084829,0.000911,0.0742128869483663,17.01741504257566,197.01741504257566,6.28989508514055,6.28989508514055,1.2360468744529525,1.2360468744529525,0.07839739011581709,0.07839739011581709,0.3096357755712076,0.06076082050935559,0.017472264074184844,107.62193319648958,1.8803988369833462,0.29372648433196175,
16,8,1.400344,0.254684,,,,,,,,,,,,,,,,,nan_exist
17,8,2.041287,0.418854,,,,,,,,,,,,,,,,,nan_exist
18,8,3.096778,0.689206,,,,,,,,,,,,,,,,,nan_exist
19,8,3.903419,0.895818,,,,,,,,,,,,,,,,,nan_exist
20,8,4.251554,0.984988,0.015312,1.0,13.018338893359438,193.01833889335944,16.144910315285,16.144910315285,49.82976533053452,49.82976533053452,1.23129827447919,1.23129827447919,0.8852929343431981,0.2621985671481839,0.17261535461418182,552.3366040382327,95.34177877245247,1.269430070182723,
21,8,4.173014,0.964871,,,,,,,,,,,,,,,,,nan_exist
22,8,4.184534,0.967822,,,,,,,,,,,,,,,,,nan_exist
23,8,4.155418,0.960364,,,,,,,,,,,,,,,,,nan_exist
24,8,4.038445,0.930403,0.014998,1.0,15.017876967967549,195.01787696796754,7.869869557615997,7.869869557615997,18.550382580919212,18.550382580919212,0.9403627182091125,0.9403627182091125,0.5943155092663521,0.16536088586303854,0.06543084264772199,520.9258471812525,34.084617138047804,1.352336750120013,
25,8,3.867126,0.886521,,,,,,,,,,,,,,,,,nan_exist
26,8,3.827167,0.876287,0.012398,1.0,9.01926274414324,189.01926274414325,4.092770488657911,4.092770488657911,7.488880679350402,7.488880679350402,0.7299776872790086,0.7299776872790086,0.09899776114126013,0.10425995578839839,0.02533053608622111,482.48495708476423,12.221602616494465,1.3062870957451937,
27,8,3.785805,0.865692,0.011828,0.9635455837818624,181.0626837309819,1.0626837309818882,19.745004377451206,19.745004377451206,39.87971050871156,39.87971050871156,0.8057583755343833,0.8057583755343833,0.8725570415206509,0.20109446061071468,0.15377296830797976,493.1589537191044,75.83451616104429,1.1592345487723892,
28,8,3.73374,0.852356,0.009251,0.7536151670245189,181.0626837309819,1.0626837309818882,18.83821917346565,18.83821917346565,52.440344882682716,52.440344882682716,1.110543973392273,1.110543973392273,0.9136408773185806,0.28712873665079724,0.21350852878221316,471.2129844609286,100.60799105532874,1.0294583150155552,
29,8,3.239434,0.725746,0.008958,0.7297464778084143,185.06175988019808,5.061759880198082,16.46236392254795,16.46236392254795,44.27199567059399,44.27199567059399,1.0728696676762266,1.0728696676762266,0.9067891326685813,0.304536484555739,0.20362509264525983,415.7696340406962,84.66113025062253,0.9197458438613156,
30,8,2.268232,0.476984,,,,,,,,,,,,,,,,,nan_exist
31,8,1.576015,0.29968,0.002361,0.1923343864819899,7.019724669535155,187.01972466953515,3.3139135999079476,3.3139135999079476,3.2902478734874827,3.2902478734874827,0.3960933048379784,0.3960933048379784,0.19409754750315444,0.11876377914107958,0.0256823713208182,208.49091609522253,5.354541124175057,0.5642677082529096,
32,8,1.120859,0.183097,0.001404,0.1143741967897983,13.018338893359438,193.01833889335944,6.106137705366779,6.106137705366779,2.3570830926534545,2.3570830926534545,0.15399916435758584,0.15399916435758584,0.43300525919171884,0.07789910027148983,0.023329697433791645,162.7849911600713,3.7977245905269115,0.44163129602651224,
33,8,1.182892,0.198986,0.003582,0.2918008353996137,11.018800818751352,191.01880081875134,6.000065891162826,6.000065891162826,2.916429914464539,2.916429914464539,0.19391240393227618,0.19391240393227618,0.38532712065375385,0.09524098917032756,0.029223902939831334,166.3504246480843,4.861408663915341,0.4485805999560249,
34,8,1.582512,0.301345,0.003546,0.2888681636870548,181.0626837309819,1.0626837309818882,24.098219901591353,24.098219901591353,14.374437456566767,14.374437456566767,0.23796657520051212,0.23796657520051212,0.7838311891773735,0.1397250147360978,0.12670327783689278,214.92255337879757,27.231391994168206,0.521364337179526,
35,8,1.506819,0.281957,0.004232,0.3447518524319277,181.0626837309819,1.0626837309818882,21.851288458890195,21.851288458890195,15.151348268438221,15.151348268438221,0.27662045836513743,0.27662045836513743,0.8466999218911964,0.16904624396411444,0.14059312360304538,204.66031075403544,28.77383236647978,0.4885735510765435,
36,8,1.24481,0.214846,0.005638,0.4592889754279793,13.018338893359438,193.01833889335944,7.897343868319182,7.897343868319182,4.937900694397441,4.937900694397441,0.24944302746158645,0.24944302746158645,0.4734297706567858,0.13570161711439008,0.052546928356307074,168.57821396260215,8.85826733152706,0.443666518419653,
37,8,1.520788,0.285535,0.00411,0.334813353850478,11.018800818751352,191.01880081875134,18.799328518635463,18.799328518635463,18.0158426073049,18.0158426073049,0.3823158537809942,0.3823158537809942,0.8360966189607363,0.22958817430522802,0.16964523057446515,203.0791818034321,34.45141462191697,0.4684104643930976,
38,8,1.510239,0.282833,,,,,,,,,,,,,,,,,nan_exist
39,8,1.721437,0.336928,,,,,,,,,,,,,,,,,nan_exist
40,8,1.887601,0.37949,,,,,,,,,,,,,,,,,nan_exist
41,8,1.800476,0.357173,,,,,,,,,,,,,,,,,nan_exist
42,8,1.883913,0.378545,,,,,,,,,,,,,,,,,nan_exist
43,8,1.836545,0.366412,0.003139,0.2557126807145135,183.06222180558999,3.062221805589985,17.64748191430265,17.64748191430265,31.845109684955002,31.845109684955002,0.7198965120940723,0.7198965120940723,0.9468032733217485,0.3280042151783129,0.23212767723282837,263.4347879969897,61.150505440063796,0.5619007848803498,
44,8,1.74417,0.342751,,,,,,,,,,,,,,,,,nan_exist
45,8,1.459832,0.269921,0.002972,0.2421083424923651,181.0626837309819,1.0626837309818882,19.231150754361984,19.231150754361984,17.614780686347416,17.614780686347416,0.3654113508620192,0.3654113508620192,0.8983649186140051,0.23468422323610094,0.1764335942647684,190.604393732819,33.62901826893835,0.4360427096218907,
46,8,1.262846,0.219466,0.001443,0.1175512578117372,181.0626837309819,1.0626837309818882,19.543636154204766,19.543636154204766,14.39157076103714,14.39157076103714,0.2937736873868014,0.2937736873868014,0.8743998629018753,0.2142454461033345,0.1627739155729398,168.41830590740406,27.414107106709338,0.39167833000192975,
47,8,1.235411,0.212439,0.002143,0.174575430000383,176.98046101122364,356.9804610112236,21.660493519428574,21.660493519428574,13.689783951683477,13.689783951683477,0.25213800521160157,0.25213800521160157,0.8478445030361661,0.1923920973954359,0.15954648674197336,163.6933826978324,26.116704112348486,0.3821574405152331,
48,8,1.192735,0.201508,0.003424,0.2789296651056051,176.98046101122364,356.9804610112236,24.769763333805884,24.769763333805884,10.668755503677595,10.668755503677595,0.17183117950398705,0.17183117950398705,0.75976742550849,0.13724871082491283,0.12791106898738344,158.1618953861987,20.230657111919385,0.38314232853966473,
49,8,1.067581,0.169451,0.002418,0.1969777833602082,176.98046101122364,356.9804610112236,28.546728987704657,28.546728987704657,9.163524596466766,9.163524596466766,0.1280608156753659,0.1280608156753659,0.7121529358703241,0.11020597273963685,0.11908382132372647,145.7740448503538,17.35933031059642,0.3567075403882149,
50,8,1.106476,0.179413,0.001539,0.1253717157118943,345.0248058488461,165.02480584884609,6.884997062951665,6.884997062951665,3.887401860510332,3.887401860510332,0.22525049014384044,0.22525049014384044,0.5166318566561581,0.13283411399904121,0.04730994700467795,146.97756761053046,6.953500934530666,0.3889557407666661,
51,8,1.259603,0.218635,0.003923,0.319579753565797,345.0248058488461,165.02480584884609,29.645194208599186,29.645194208599186,11.693563089425984,11.693563089425984,0.15736300096696385,0.15736300096696385,0.6424982179432818,0.1216839330720782,0.13853482283895868,161.25057774540554,22.33882022063949,0.3858659931243501,
52,8,1.350578,0.241937,0.003695,0.3010061660529237,176.98046101122364,356.9804610112236,20.917142840697483,20.917142840697483,13.807831693945197,13.807831693945197,0.26334991854929607,0.26334991854929607,0.848703076811588,0.18885204232791633,0.15160857078376938,173.33057341312977,26.278400508295817,0.4084782580689832,
53,8,1.443694,0.265788,0.005615,0.4574153240560668,176.98046101122364,356.9804610112236,18.375537479240393,18.375537479240393,17.117340279868383,17.117340279868383,0.37162617819330757,0.37162617819330757,0.8870153667755045,0.24601387606967734,0.1783478726526006,183.16337637378277,32.666798524131764,0.4180460495823639,
54,8,1.456088,0.268963,,,,,,,,,,,,,,,,,nan_exist
55,8,1.426604,0.26141,0.004293,0.3497211017226526,174.98092293661554,354.98092293661557,15.628498878662336,15.628498878662336,19.045578548831894,19.045578548831894,0.4861686715292477,0.4861686715292477,0.9246850258049789,0.32075152655667166,0.20637433056570026,176.34257015616794,36.39257986621419,0.3887499730276493,
56,8,1.315172,0.232868,0.003857,0.3142031887594389,174.98092293661554,354.98092293661557,15.796430255908325,15.796430255908325,17.243313500785725,17.243313500785725,0.4354836313164672,0.4354836313164672,0.9107231471477677,0.30986330262429784,0.20078676951510233,164.0167909213717,32.93240159533619,0.36412330368343193,
57,8,1.376619,0.248607,0.004767,0.3883346126046786,176.98046101122364,356.9804610112236,17.62548582854135,17.62548582854135,18.49941634055589,18.49941634055589,0.418723172387451,0.418723172387451,0.928046646190649,0.2945890926504823,0.20761782366295517,170.62230641275528,35.42423192577013,0.37555020690829205,
58,8,1.4029,0.255339,0.004429,0.3608000837478752,176.98046101122364,356.9804610112236,19.08185836347807,19.08185836347807,17.687376857782127,17.687376857782127,0.36978801139560397,0.36978801139560397,0.9028742957830208,0.26150794280767115,0.1960401235217952,172.7912211344336,33.874012334676195,0.3858811355548817,
0,9,0.414897,0.002273,,,,,,,,,,,,,,,,,nan_exist
1,9,0.416265,0.002624,,,,,,,,,,,,,,,,,nan_exist
2,9,0.443053,0.009486,,,,,,,,,,,,,,,,,nan_exist
3,9,0.440778,0.008903,,,,,,,,,,,,,,,,,nan_exist
4,9,0.42272,0.004277,,,,,,,,,,,,,,,,,nan_exist
5,9,0.431863,0.006619,,,,,,,,,,,,,,,,,nan_exist
6,9,0.46227,0.014408,,,,,,,,,,,,,,,,,nan_exist
7,9,0.502536,0.024721,,,,,,,,,,,,,,,,,nan_exist
8,9,0.490754,0.021703,,,,,,,,,,,,,,,,,nan_exist
9,9,0.497521,0.023437,,,,,,,,,,,,,,,,,nan_exist
10,9,0.478967,0.018684,,,,,,,,,,,,,,,,,nan_exist
11,9,0.498928,0.023797,,,,,,,,,,,,,,,,,nan_exist
12,9,0.510392,0.026734,,,,,,,,,,,,,,,,,nan_exist
13,9,0.542475,0.034951,,,,,,,,,,,,,,,,,nan_exist
14,9,0.639217,0.059731,0.000207,0.0168628623472138,339.02619162502174,159.02619162502174,8.611601670450296,8.611601670450296,1.5452660905307254,1.5452660905307254,0.07158621608088143,0.07158621608088143,0.4502454107874597,0.06890607834272058,0.025820377938536924,98.71440439035578,2.548843229336555,0.267126558780609,
15,9,0.922172,0.132206,,,,,,,,,,,,,,,,,nan_exist
16,9,1.45778,0.269396,0.000508,0.0413832563883315,15.017876967967549,195.01787696796754,6.9642336983923245,6.9642336983923245,11.323046518927855,11.323046518927855,0.6486344650374637,0.6486344650374637,0.9107037482686257,0.28699072217035654,0.10943214027432896,196.8370711098083,21.540301976876606,0.4869354698136992,
17,9,2.089872,0.431299,,,,,,,,,,,,,,,,,nan_exist
18,9,3.164463,0.706543,,,,,,,,,,,,,,,,,nan_exist
19,9,3.924621,0.901248,,,,,,,,,,,,,,,,,nan_exist
20,9,4.408704,1.0,,,,,,,,,,,,,,,,,nan_exist
21,9,4.411832,1.0,,,,,,,,,,,,,,,,,nan_exist
22,9,4.220032,0.976914,0.019976,1.0,13.018338893359438,193.01833889335944,17.002651393973316,17.002651393973316,46.240535761058055,46.240535761058055,1.0849663594255217,1.0849663594255217,0.8564460776186635,0.2382403957852748,0.1627062287944119,542.9260868511724,88.3374561056616,1.2627461965153077,
23,9,4.039535,0.930682,,,,,,,,,,,,,,,,,nan_exist
24,9,3.927408,0.901962,,,,,,,,,,,,,,,,,nan_exist
25,9,3.851862,0.882612,,,,,,,,,,,,,,,,,nan_exist
26,9,3.861057,0.884967,0.011837,0.9642787517100022,13.018338893359438,193.01833889335944,6.40904376722495,6.40904376722495,11.7835466399223,11.7835466399223,0.7334877305390453,0.7334877305390453,0.41630932896196104,0.12231967352232882,0.0410380682865871,504.1106828895511,20.68772862841945,1.3428415396142546,
27,9,3.854962,0.883406,0.009409,0.7664863373185276,183.06222180558999,3.062221805589985,20.992644556796364,20.992644556796364,37.426894880857525,37.426894880857525,0.7112572573558887,0.7112572573558887,0.895040612061213,0.17316436829602724,0.13897809756406973,510.90489251007335,71.00458999722554,1.2219452847579106,
28,9,3.683134,0.839394,0.009059,0.7379742512242045,181.0626837309819,1.0626837309818882,18.606749538352897,18.606749538352897,46.89754878574993,46.89754878574993,1.005517649348695,1.005517649348695,0.9211083450222797,0.25664366086345003,0.1882239646049178,476.25725488817545,89.64302868690726,1.073928406114634,
29,9,3.145604,0.701712,,,,,,,,,,,,,,,,,nan_exist
30,9,2.193228,0.457772,,,,,,,,,,,,,,,,,nan_exist
31,9,1.60559,0.307256,,,,,,,,,,,,,,,,,nan_exist
32,9,1.258298,0.218301,0.003386,0.2758340671867929,13.018338893359438,193.01833889335944,5.870677763833069,5.870677763833069,2.412657794904099,2.412657794904099,0.1639523137272131,0.1639523137272131,0.44391763930985495,0.07245628257613544,0.020739946100268095,183.18259512810795,3.7991971494641916,0.49828721660734376,
33,9,1.222186,0.209051,0.003595,0.29285985574026,11.018800818751352,191.01880081875134,5.327723528431703,5.327723528431703,2.3213309433749654,2.3213309433749654,0.1738222817258355,0.1738222817258355,0.3111959435819225,0.07782472613903751,0.021105864436799855,173.2724693810432,3.6570652493858518,0.47115390036571486,
34,9,1.56588,0.297084,,,,,,,,,,,,,,,,,nan_exist
35,9,1.654053,0.319669,0.004396,0.3581118013446962,181.0626837309819,1.0626837309818882,25.67745046006961,25.67745046006961,18.642579887626017,18.642579887626017,0.28964376134231073,0.28964376134231073,0.842074840790433,0.1652464278761678,0.16111349861104862,221.42879466888039,35.67516780233083,0.5159822968515265,
36,9,1.46166,0.27039,0.006077,0.495051277700573,17.01741504257566,197.01741504257566,19.42634783092431,19.42634783092431,11.539782284335455,11.539782284335455,0.23698263306705117,0.23698263306705117,0.7669521754205416,0.1477898359131174,0.11052347525653641,197.0875277302752,21.782798494469006,0.4869575812105728,
37,9,1.59063,0.303424,,,,,,,,,,,,,,,,,nan_exist
38,9,1.673108,0.32455,0.004322,0.3520835317133251,7.019724669535155,187.01972466953515,20.273841170282772,20.273841170282772,21.662633451551194,21.662633451551194,0.42627049882040957,0.42627049882040957,0.8783781283082777,0.22137075998528677,0.17399104127712922,238.1189806082307,41.4305693838746,0.5463566978454336,
39,9,1.842733,0.367997,,,,,,,,,,,,,,,,,nan_exist
40,9,1.852403,0.370474,0.003282,0.2673619044616226,183.06222180558999,3.062221805589985,19.409491254979134,19.409491254979134,30.120380865894287,30.120380865894287,0.619093683154472,0.619093683154472,0.9082637126258357,0.2814773048924053,0.21454939544392115,269.6035275291011,57.84327384091719,0.5882229269116219,
41,9,1.77966,0.351842,0.003095,0.2521283041769415,183.06222180558999,3.062221805589985,18.14082206458004,18.14082206458004,29.860927697896688,29.860927697896688,0.6566839445474154,0.6566839445474154,0.926670575000226,0.3035139869968421,0.2191662501763695,261.423115854235,57.2951240111953,0.5670221995639991,
42,9,1.890325,0.380187,,,,,,,,,,,,,,,,,nan_exist
43,9,1.854618,0.371041,,,,,,,,,,,,,,,,,nan_exist
44,9,1.80306,0.357835,,,,,,,,,,,,,,,,,nan_exist
45,9,1.536235,0.289491,0.001787,0.1455745652873003,178.97999908583176,358.97999908583176,20.396895161951115,20.396895161951115,19.165588902417266,19.165588902417266,0.3748591970129704,0.3748591970129704,0.9003580895744598,0.23401631663695355,0.18509273677337887,198.20514531908316,36.68633278967437,0.44866336813724667,
46,9,1.246698,0.21533,0.003528,0.2874018278307753,178.97999908583176,358.97999908583176,20.745628212466457,20.745628212466457,14.462514293931527,14.462514293931527,0.2781168337574,0.2781168337574,0.8753837129465908,0.2072940673476274,0.16574439822659376,166.51337065944165,27.59865841663091,0.38587420067447425,
47,9,1.16932,0.19551,0.001326,0.1080200747459206,178.97999908583176,358.97999908583176,22.91428488608852,22.91428488608852,10.861461621982986,10.861461621982986,0.18910021803024718,0.18910021803024718,0.7786397713718549,0.1536138628665135,0.13309834081508032,154.7749950284585,20.600295037950133,0.3727074999736344,
48,9,1.11705,0.182122,0.001902,0.1549428221468635,174.98092293661554,354.98092293661557,24.347521350030828,24.347521350030828,10.41230991252306,10.41230991252306,0.17060918033626174,0.17060918033626174,0.7830716702716339,0.1449511676618134,0.13307473719829938,148.60384715071214,19.775417906237266,0.3578567479013191,
49,9,1.071965,0.170574,0.001613,0.1313999853432655,174.98092293661554,354.98092293661557,27.825512504013492,27.825512504013492,9.442076233691148,9.442076233691148,0.13537373027179989,0.13537373027179989,0.7225102663203453,0.11765394975447689,0.12372286738027621,144.78603341909098,17.913343211226433,0.3524241394662904,
50,9,1.147584,0.189943,0.001962,0.1598306083344618,343.02526777423793,163.02526777423793,8.743891445798129,8.743891445798129,4.19362278013576,4.19362278013576,0.19133511039352183,0.19133511039352183,0.5146002121121862,0.12069385312902912,0.04968681097009214,151.5217655935135,7.528633324899516,0.3999809229683721,
51,9,1.27949,0.223729,0.003355,0.2733087109898671,345.0248058488461,165.02480584884609,8.314008426428705,8.314008426428705,6.106555409770785,6.106555409770785,0.29301908485292694,0.29301908485292694,0.5832593937198582,0.1702732728142345,0.06988693696127818,161.16850185228918,11.263572929094579,0.41640258034220723,
52,9,1.304113,0.230036,0.003693,0.3008432398466704,176.98046101122364,356.9804610112236,22.077142211450678,22.077142211450678,11.869657940817067,11.869657940817067,0.21448919253862886,0.21448919253862886,0.7552394359862825,0.16291530585494987,0.1366065083349844,164.88368284421892,22.524184194761716,0.39544305180404776,
53,9,1.373312,0.24776,0.005253,0.4279256807242241,176.98046101122364,356.9804610112236,17.479635133111728,17.479635133111728,16.441555123397304,16.441555123397304,0.3752499090698299,0.3752499090698299,0.8980615948999172,0.25815423571671425,0.1799558085964712,174.21851173178857,31.351633151167817,0.3968524405017243,
54,9,1.384229,0.250557,0.005271,0.4293920165805036,174.98092293661554,354.98092293661557,16.47215394622708,16.47215394622708,19.64774603651337,19.64774603651337,0.47585255906075413,0.47585255906075413,0.9179251751649465,0.3256970627092864,0.21831864476367446,172.4103854432656,37.64040169315649,0.37436106597252533,
55,9,1.378145,0.248998,0.003188,0.2597043727677187,174.98092293661554,354.98092293661557,16.10324292937061,16.10324292937061,18.946417535649,18.946417535649,0.46937918345152413,0.46937918345152413,0.9205423036413362,0.3206674476106157,0.21110823155501213,171.70462916551693,36.248260612941436,0.3762676904238208,
56,9,1.341834,0.239698,0.004501,0.3666654271729931,174.98092293661554,354.98092293661557,15.4806204735154,15.4806204735154,18.11141788908564,18.11141788908564,0.4667390668440278,0.4667390668440278,0.9198287373600504,0.3232457876946589,0.20652983594229302,167.53489190979417,34.600953740739584,0.369260939358485,
57,9,1.439533,0.264722,0.004013,0.3269114328471942,176.98046101122364,356.9804610112236,17.38088315270245,17.38088315270245,19.31577231660061,19.31577231660061,0.443353665518508,0.443353665518508,0.9089673603698788,0.3028733749711057,0.21124996393365608,175.11323073380728,36.99266367682279,0.3836682418249569,
58,9,1.445385,0.266221,0.005736,0.4672723595343898,176.98046101122364,356.9804610112236,20.12319504890735,20.12319504890735,18.25793349682993,18.25793349682993,0.3619634758267941,0.3619634758267941,0.8851034924811951,0.25208532250414056,0.19754175429968174,177.23437365718428,35.011189094445484,0.3950644015631633,
0,10,0.417666,0.002983,,,,,,,,,,,,,,,,,nan_exist
1,10,0.415692,0.002477,,,,,,,,,,,,,,,,,nan_exist
2,10,0.422341,0.00418,,,,,,,,,,,,,,,,,nan_exist
3,10,0.425225,0.004919,,,,,,,,,,,,,,,,,nan_exist
4,10,0.426102,0.005144,,,,,,,,,,,,,,,,,nan_exist
5,10,0.424851,0.004823,,,,,,,,,,,,,,,,,nan_exist
6,10,0.436573,0.007826,,,,,,,,,,,,,,,,,nan_exist
7,10,0.458972,0.013563,,,,,,,,,,,,,,,,,nan_exist
8,10,0.449179,0.011054,,,,,,,,,,,,,,,,,nan_exist
9,10,0.458069,0.013332,,,,,,,,,,,,,,,,,nan_exist
10,10,0.468587,0.016026,,,,,,,,,,,,,,,,,nan_exist
11,10,0.508519,0.026254,,,,,,,,,,,,,,,,,nan_exist
12,10,0.526157,0.030772,,,,,,,,,,,,,,,,,nan_exist
13,10,0.607436,0.05159,,,,,,,,,,,,,,,,,nan_exist
14,10,0.839725,0.111088,0.000868,0.0707099735139209,339.02619162502174,159.02619162502174,6.43503908925718,6.43503908925718,0.7080384133939668,0.7080384133939668,0.043895065023421255,0.043895065023421255,0.16730917377249255,0.029376518072017518,0.005725469777095205,125.85422552971534,0.7205745645901089,0.34759347490312564,
15,10,1.489957,0.277638,0.000573,0.046678358091563,19.016953117183746,199.01695311718373,8.820284212588943,8.820284212588943,8.203267378097351,8.203267378097351,0.37103455123247686,0.37103455123247686,0.5668631368726477,0.18010597818355428,0.07752272750378503,197.61235979431737,15.31944911971479,0.5063691963183405,
16,10,1.880266,0.377611,,,,,,,,,,,,,,,,,nan_exist
17,10,2.579424,0.556692,,,,,,,,,,,,,,,,,nan_exist
18,10,3.320408,0.746486,0.004632,0.3773370936825825,13.018338893359438,193.01833889335944,16.213358597534334,16.213358597534334,39.03825216515615,39.03825216515615,0.960566513592193,0.960566513592193,0.8789625065673894,0.24761973027900755,0.16321531476485157,456.8277669493217,74.5612877759578,1.061851331037122,
19,10,4.049363,0.933199,,,,,,,,,,,,,,,,,nan_exist
20,10,4.622519,1.0,,,,,,,,,,,,,,,,,nan_exist
21,10,4.54112,1.0,,,,,,,,,,,,,,,,,nan_exist
22,10,4.175376,0.965476,0.019076,1.0,13.018338893359438,193.01833889335944,17.27211468866411,17.27211468866411,44.93357762229958,44.93357762229958,1.0378522981323162,1.0378522981323162,0.8614323862552293,0.22969797815413157,0.15861775539993778,540.7810081201651,85.77746967093611,1.263898717914525,
23,10,3.954985,0.909026,0.01455,1.0,13.018338893359438,193.01833889335944,6.648029865604693,6.648029865604693,20.66586191117899,20.66586191117899,1.2401397472598379,1.2401397472598379,0.6197490071696491,0.21010787832886818,0.07613903706962083,503.9218289753975,38.36812281654892,1.293204739330135,
24,10,3.898529,0.894565,0.013831,1.0,15.017876967967549,195.01787696796754,7.683691202942137,7.683691202942137,16.35847947381116,16.35847947381116,0.8493429697803796,0.8493429697803796,0.6316034687483794,0.14895404409174884,0.05751594688499919,517.2603480241899,29.7507187026755,1.3541934147819843,
25,10,3.845615,0.881012,0.010203,0.8311680412010773,17.01741504257566,197.01741504257566,8.035521189624722,8.035521189624722,13.745626124783337,13.745626124783337,0.6824338213241244,0.6824338213241244,0.6823865999742464,0.11886967436756622,0.046243535508183435,530.4877212074086,24.531627772310117,1.4054335928752737,
26,10,3.774031,0.862676,0.011267,0.917844782927819,11.018800818751352,191.01880081875134,5.06828199196733,5.06828199196733,8.741288194619322,8.741288194619322,0.6880575018387877,0.6880575018387877,0.37187977715705733,0.10238023595541426,0.02861184375591147,509.9821468178,14.591529503055199,1.3760850480965134,
27,10,3.715649,0.847723,0.008984,0.7318645184897068,185.06175988019808,5.061759880198082,20.65238034204832,20.65238034204832,29.62376296262091,29.62376296262091,0.5722425867936224,0.5722425867936224,0.841503538641097,0.1402694448075407,0.10986632622029074,506.3830994235351,55.63445079370803,1.2520795795272974,
28,10,3.684352,0.839706,,,,,,,,,,,,,,,,,nan_exist
29,10,3.291341,0.739041,,,,,,,,,,,,,,,,,nan_exist
30,10,2.246388,0.471388,,,,,,,,,,,,,,,,,nan_exist
31,10,1.537862,0.289908,,,,,,,,,,,,,,,,,nan_exist
32,10,1.277478,0.223214,0.001306,0.1063908126833879,11.018800818751352,191.01880081875134,4.971203332906491,4.971203332906491,1.8924196481777926,1.8924196481777926,0.1518678998549679,0.1518678998549679,0.3234898906787633,0.06143276484475439,0.01472531838274668,185.99114269713442,2.7387787925861744,0.5090343441793007,
33,10,1.226122,0.210059,0.002932,0.2388498183672996,13.018338893359438,193.01833889335944,6.348329744764253,6.348329744764253,2.9451773241444994,2.9451773241444994,0.18508108512319071,0.18508108512319071,0.47795418095759046,0.08831707380025237,0.027901306000542588,175.4668621502346,4.89575461380872,0.4738086320456274,
34,10,1.562388,0.29619,,,,,,,,,,,,,,,,,nan_exist
35,10,1.816068,0.361167,0.005831,0.4750113543314203,7.019724669535155,187.01972466953515,3.2996366483615547,3.2996366483615547,3.8482949246401246,3.8482949246401246,0.4652777613121502,0.4652777613121502,-0.024533523794939782,0.1288815472041441,0.028274752264027942,225.22449999671693,6.368166941196733,0.6079342584875561,
36,10,1.734507,0.340276,,,,,,,,,,,,,,,,,nan_exist
37,10,1.68992,0.328856,0.004583,0.3733454016293774,11.018800818751352,191.01880081875134,6.239726086377705,6.239726086377705,8.065830590022474,8.065830590022474,0.5156958501656282,0.5156958501656282,0.5685894668712075,0.19530773425795633,0.06734898711939126,219.3321365328702,14.771797238220842,0.5682231647073593,
38,10,1.731095,0.339402,0.005402,0.440063683090093,7.019724669535155,187.01972466953515,19.39087634271447,19.39087634271447,24.17831497532372,24.17831497532372,0.49743765789852257,0.49743765789852257,0.879680757742741,0.24648777938352404,0.1871105223244612,247.49161773167486,46.30828586469957,0.5588425885193758,
39,10,1.926762,0.38952,,,,,,,,,,,,,,,,,nan_exist
40,10,1.883772,0.378509,0.003722,0.3032056698373429,181.0626837309819,1.0626837309818882,19.199137772347044,19.199137772347044,31.89625381102435,31.89625381102435,0.6627779008888989,0.6627779008888989,0.9288643045987248,0.2938074382250851,0.2221305490745312,275.8692827436455,61.27899524864307,0.5960841319305623,
41,10,1.778635,0.351579,,,,,,,,,,,,,,,,,nan_exist
42,10,1.866547,0.374097,,,,,,,,,,,,,,,,,nan_exist
43,10,1.869203,0.374777,,,,,,,,,,,,,,,,,nan_exist
44,10,1.830385,0.364834,0.003728,0.3036944484561027,181.0626837309819,1.0626837309818882,17.701999656481377,17.701999656481377,28.487017499160288,28.487017499160288,0.6419995448813312,0.6419995448813312,0.9464973794070396,0.32344029927981155,0.22932730527896075,238.41010144462564,54.67394611557967,0.5103782092473499,
45,10,1.577326,0.300016,0.003221,0.2623926551708977,178.97999908583176,358.97999908583176,20.906707209124907,20.906707209124907,19.528182430005412,19.528182430005412,0.3726372380305432,0.3726372380305432,0.8970784789070009,0.22758693794379758,0.18382152566228022,203.40858757945674,37.39087690166528,0.4611603074383096,
46,10,1.280066,0.223876,0.002808,0.2287483935795967,178.97999908583176,358.97999908583176,20.785680215126597,20.785680215126597,14.326776148316354,14.326776148316354,0.2749756894292415,0.2749756894292415,0.870951095528066,0.200418852567225,0.16032567097938188,170.34430540208018,27.31056506110525,0.39731594539159704,
47,10,1.181256,0.198567,0.002915,0.2374649456141468,178.97999908583176,358.97999908583176,23.000351427041135,23.000351427041135,12.393900973468174,12.393900973468174,0.21497285087617488,0.21497285087617488,0.8156532452716889,0.17359868417413543,0.15171993487582336,155.71527835822258,23.625111891680234,0.36691712907372875,
48,10,1.156864,0.19232,0.001179,0.096044998586305,178.97999908583176,358.97999908583176,24.768874613716292,24.768874613716292,11.39946430437849,11.39946430437849,0.18360657703943825,0.18360657703943825,0.7929062466385544,0.151841843402973,0.14210858741418503,152.73277698567776,21.704639189280414,0.3639670494344371,
49,10,1.074054,0.171109,0.002616,0.2131074777792823,176.98046101122364,356.9804610112236,26.094845268346,26.094845268346,8.976575464369644,8.976575464369644,0.13723536005385797,0.13723536005385797,0.6997641762135702,0.1200454006047086,0.11750677736590913,144.44097165263048,16.972793098501242,0.3540782737614701,
50,10,1.079861,0.172596,0.003516,0.2864242705932557,343.02526777423793,163.02526777423793,7.767632490956397,7.767632490956397,3.5714587606291985,3.5714587606291985,0.18342859345932527,0.18342859345932527,0.47627725879879435,0.11534123757379233,0.043734286307292786,144.9354064500445,6.338646561750096,0.3849909996897067,
51,10,1.205775,0.204848,0.002674,0.2178323377606273,345.0248058488461,165.02480584884609,28.76324706196615,28.76324706196615,11.799368984304877,11.799368984304877,0.16365562482411722,0.16365562482411722,0.6976394797096577,0.13064547407292817,0.14373232226798358,157.0037015178955,22.56650662383646,0.3734366524834974,
52,10,1.231931,0.211547,0.003335,0.2716794489273343,174.98092293661554,354.98092293661557,24.74833203762467,24.74833203762467,11.899446401622207,11.899446401622207,0.19181867593180307,0.19181867593180307,0.7455135052661537,0.15371506464320708,0.14384816827917396,157.62413599953575,22.67394324012062,0.37486164655393095,
53,10,1.350527,0.241924,0.004722,0.3846687729639799,176.98046101122364,356.9804610112236,17.765919827914217,17.765919827914217,15.127391844582665,15.127391844582665,0.3396928646228372,0.3396928646228372,0.8842160657102871,0.23704902265075192,0.16693264644729666,172.45538637221347,28.788434041204653,0.3990748675861356,
54,10,1.372722,0.247609,0.004382,0.3569713179009233,174.98092293661554,354.98092293661557,15.230448811437242,15.230448811437242,18.90809008023002,18.90809008023002,0.49527342680657654,0.49527342680657654,0.9228614494244272,0.3335859498513189,0.21072980727391286,171.44579222231812,36.128738752932406,0.375880704081627,
55,10,1.332755,0.237372,0.004705,0.3832839002108271,174.98092293661554,354.98092293661557,15.306292962560624,15.306292962560624,18.320179763850344,18.320179763850344,0.47749604102259063,0.47749604102259063,0.9112373689065422,0.3330696415341658,0.2111838692615298,165.7855717470266,35.01123850927203,0.3632620367715405,
56,10,1.320664,0.234275,0.003766,0.3067900463749149,174.98092293661554,354.98092293661557,14.84445663151789,14.84445663151789,17.84264984853911,17.84264984853911,0.47951821987657456,0.47951821987657456,0.9096443666660711,0.335661638733315,0.20803598218257086,163.7297993211693,34.06168961433468,0.3601891936300962,
57,10,1.38901,0.251781,0.003704,0.3017393339810634,176.98046101122364,356.9804610112236,16.726908459419462,16.726908459419462,18.947780732626892,18.947780732626892,0.45191081617737583,0.45191081617737583,0.8963382357950458,0.3175111076597476,0.2151282027726864,168.61181324284664,36.27315634917744,0.36760738026019224,
58,10,1.428125,0.2618,0.004491,0.3658507961417268,176.98046101122364,356.9804610112236,19.09704966282794,19.09704966282794,18.823445425192407,18.823445425192407,0.3932266174892564,0.3932266174892564,0.90113679620185,0.2748476291154278,0.20649537069530557,174.8270527672932,36.100977068749955,0.38535021027373123,
0,11,0.418274,0.003139,,,,,,,,,,,,,,,,,nan_exist
1,11,0.42037,0.003675,,,,,,,,,,,,,,,,,nan_exist
2,11,0.418654,0.003236,,,,,,,,,,,,,,,,,nan_exist
3,11,0.421943,0.004078,,,,,,,,,,,,,,,,,nan_exist
4,11,0.427764,0.005569,,,,,,,,,,,,,,,,,nan_exist
5,11,0.428314,0.00571,,,,,,,,,,,,,,,,,nan_exist
6,11,0.428128,0.005663,,,,,,,,,,,,,,,,,nan_exist
7,11,0.443045,0.009483,,,,,,,,,,,,,,,,,nan_exist
8,11,0.458311,0.013394,,,,,,,,,,,,,,,,,nan_exist
9,11,0.453612,0.01219,,,,,,,,,,,,,,,,,nan_exist
10,11,0.505959,0.025598,,,,,,,,,,,,,,,,,nan_exist
11,11,0.538312,0.033885,,,,,,,,,,,,,,,,,nan_exist
12,11,0.582553,0.045217,,,,,,,,,,,,,,,,,nan_exist
13,11,0.926254,0.133252,,,,,,,,,,,,,,,,,nan_exist
14,11,1.264697,0.21994,0.000939,0.0764938538359121,211.05575485010337,31.05575485010337,18.710823123615032,18.710823123615032,5.16933315752092,5.16933315752092,0.11021778915826197,0.11021778915826197,0.4954826679284633,0.07503289887794395,0.052052423554597674,179.40120144111916,9.338267323616833,0.47239703921528425,
15,11,1.596447,0.304914,,,,,,,,,,,,,,,,,nan_exist
16,11,2.106393,0.43553,,,,,,,,,,,,,,,,,nan_exist
17,11,2.995101,0.663163,,,,,,,,,,,,,,,,,nan_exist
18,11,3.530801,0.800376,0.007435,0.605678171746546,13.018338893359438,193.01833889335944,16.241398369923775,16.241398369923775,38.04965931556241,38.04965931556241,0.934625055682279,0.934625055682279,0.8723295189572521,0.22842417568117368,0.15030528053585404,482.1386499713191,72.46798504111706,1.1379740692505613,
19,11,4.103882,0.947164,0.016503,1.0,11.018800818751352,191.01880081875134,16.790190926364303,16.790190926364303,48.79576269851551,48.79576269851551,1.1594086648714605,1.1594086648714605,0.8922912048618533,0.26271557698230563,0.1780471978054452,524.1841130344847,93.32951245992274,1.1968183349293386,
20,11,4.558683,1.0,,,,,,,,,,,,,,,,,nan_exist
21,11,4.684776,1.0,0.018724,1.0,9.01926274414324,189.01926274414325,18.11216108397234,18.11216108397234,60.838815097287394,60.838815097287394,1.340048573955694,1.340048573955694,0.9054652362622025,0.28130460490096026,0.20275637706278465,575.8721150355641,116.76174369609413,1.2753065870540832,
22,11,4.24363,0.982959,0.019406,1.0,13.018338893359438,193.01833889335944,16.163221810170185,16.163221810170185,46.197481358288734,46.197481358288734,1.1402509214024288,1.1402509214024288,0.8520023185164244,0.24974311691361326,0.16427545633587307,537.2206399530064,88.2521657813299,1.2471346504768792,
23,11,3.992334,0.918592,,,,,,,,,,,,,,,,,nan_exist
24,11,3.785113,0.865515,,,,,,,,,,,,,,,,,nan_exist
25,11,3.802323,0.869923,0.010209,0.8316568198198371,15.017876967967549,195.01787696796754,7.2293434392946825,7.2293434392946825,12.34867098255472,12.34867098255472,0.681445971280072,0.681445971280072,0.5610071740151121,0.11620831985684878,0.041973817899100485,518.7481476600096,21.773840285376934,1.3804841871517575,
26,11,3.71343,0.847154,,,,,,,,,,,,,,,,,nan_exist
27,11,3.593906,0.81654,0.008605,0.7009900024047113,3.020648520318958,183.02064852031896,22.042984377017465,22.042984377017465,28.135610636170714,28.135610636170714,0.5092089381229006,0.5092089381229006,0.7324652454786618,0.12878637708326718,0.10662184447490691,495.26296628831085,52.805850965773345,1.2290475425626042,
28,11,3.715872,0.84778,0.008891,0.7242884498989295,187.06129795480618,7.061297954806179,17.44194998713136,17.44194998713136,38.81592498196499,38.81592498196499,0.8878200911951412,0.8878200911951412,0.8823687102925496,0.21591211736526278,0.14943596591452588,492.9780226164836,73.66864698432721,1.1647482656448789,
29,11,3.311504,0.744205,0.009728,0.7924730672159248,185.06175988019808,5.061759880198082,17.381332400145208,17.381332400145208,44.804417512580514,44.804417512580514,1.0283663002945291,1.0283663002945291,0.9108520698854932,0.28494836216833114,0.1984694283155018,431.89173978349106,85.71730668901694,0.9615956474846503,
30,11,2.217021,0.463867,0.004528,0.3688649309574123,183.06222180558999,3.062221805589985,19.176838822556952,19.176838822556952,24.31652987886278,24.31652987886278,0.5058650161836016,0.5058650161836016,0.8876645374816814,0.20857474139799198,0.1557882892153132,296.8360862558594,46.24358605516949,0.6960902783352498,
31,11,1.594734,0.304475,0.002975,0.242352731801745,181.0626837309819,1.0626837309818882,27.101506672027618,27.101506672027618,12.230421823968449,12.230421823968449,0.1800354656208632,0.1800354656208632,0.7164891921159403,0.10327922229202037,0.10464002227234105,219.87656972245225,23.007889152923354,0.5468574460264691,
32,11,1.284975,0.225134,0.002599,0.2117226050261295,7.019724669535155,187.01972466953515,3.1542409430142815,3.1542409430142815,1.1718214702697405,1.1718214702697405,0.1482097081417072,0.1482097081417072,0.023423138192319115,0.04954173778044123,0.007142499834762187,182.79819287538243,1.3056360624072454,0.5041459911471533,
33,11,1.220118,0.208521,0.002772,0.2258157218670377,9.01926274414324,189.01926274414325,4.203198836074044,4.203198836074044,1.8707158874171208,1.8707158874171208,0.17755706813205566,0.17755706813205566,0.1916056584272403,0.07200591096387111,0.016058510966117098,172.0029106754397,2.762110627285608,0.4701133334670947,
34,11,1.467875,0.271982,0.004275,0.3482547658663731,9.01926274414324,189.01926274414325,5.016971077129636,5.016971077129636,3.7017772022007405,3.7017772022007405,0.29435996657746716,0.29435996657746716,0.15404507727487926,0.11391814433500591,0.03193721522929864,195.1238006860864,6.231710818870312,0.5247002496311558,
35,11,1.843787,0.368267,0.005715,0.4655616343687304,7.019724669535155,187.01972466953515,21.15910700582379,21.15910700582379,19.9944043437288,19.9944043437288,0.37698250979873643,0.37698250979873643,0.8351813710693903,0.1881711955290372,0.1527189919650867,249.48898353417712,38.101706071733645,0.5871868818401208,
36,11,1.771556,0.349766,0.006347,0.517046315544765,11.018800818751352,191.01880081875134,20.959781262868304,20.959781262868304,17.917420322263236,17.917420322263236,0.3410348816443935,0.3410348816443935,0.8260014793345163,0.17788824449052468,0.14299647980340466,238.50780880480218,34.105777064710196,0.5677834215002555,
37,11,1.729241,0.338927,0.005803,0.4727303874438745,9.01926274414324,189.01926274414325,20.086260672924034,20.086260672924034,20.21426776218732,20.21426776218732,0.40148468692148165,0.40148468692148165,0.8429618937042113,0.20780535519203183,0.16174051585680616,238.60526953061947,38.592139380034666,0.5555920281960689,
38,11,1.859137,0.372199,,,,,,,,,,,,,,,,,nan_exist
39,11,1.970797,0.400799,,,,,,,,,,,,,,,,,nan_exist
40,11,1.950998,0.395728,,,,,,,,,,,,,,,,,nan_exist
41,11,1.882628,0.378216,,,,,,,,,,,,,,,,,nan_exist
42,11,1.887118,0.379366,0.002697,0.21970598913254,181.0626837309819,1.0626837309818882,17.73271506591421,17.73271506591421,31.60307589729502,31.60307589729502,0.7109911324521941,0.7109911324521941,0.9633910789513624,0.3100459684304798,0.21987080058493175,275.59321826779234,60.59490153631734,0.5972175464763194,
43,11,1.845181,0.368624,,,,,,,,,,,,,,,,,nan_exist
44,11,1.80325,0.357884,0.002999,0.2443078462767843,181.0626837309819,1.0626837309818882,17.742555400938926,17.742555400938926,27.895700459800217,27.895700459800217,0.62723627478368,0.62723627478368,0.9457666047341575,0.32306191100118276,0.22947496696271255,233.32683913364733,53.54266870170787,0.49940047342205407,
45,11,1.526103,0.286896,0.002984,0.2430858997298848,178.97999908583176,358.97999908583176,20.14546405712933,20.14546405712933,20.37210194331389,20.37210194331389,0.4034304090880405,0.4034304090880405,0.9110365536198388,0.25464433783253637,0.19977125338455431,195.57501991556973,39.07026685924254,0.4347354251564644,
46,11,1.247812,0.215615,0.002929,0.2386054290579198,178.97999908583176,358.97999908583176,22.202257245818767,22.202257245818767,14.090526230647898,14.090526230647898,0.2531862685975097,0.2531862685975097,0.8616815295285529,0.19052000450021328,0.1615791519630196,166.48523554532534,26.900543173777237,0.3877352565876336,
47,11,1.148802,0.190255,0.003032,0.2469961286799633,178.97999908583176,358.97999908583176,24.032844568728336,24.032844568728336,10.409006974941114,10.409006974941114,0.1727882426660722,0.1727882426660722,0.7655777407127246,0.14102301126630923,0.12758403187267947,154.59618836600674,19.724005023883365,0.3746449537281205,
48,11,1.152975,0.191324,0.001708,0.139138980140296,178.97999908583176,358.97999908583176,27.14893709051751,27.14893709051751,10.316495480427704,10.316495480427704,0.15159658807233437,0.15159658807233437,0.738171508085217,0.12338678138466082,0.1263753811859707,154.92368560412157,19.578539822956344,0.3759587382810145,
49,11,1.057708,0.166922,0.001421,0.1157590695429511,176.98046101122364,356.9804610112236,28.954009608379902,28.954009608379902,9.507256068920501,9.507256068920501,0.13099555010846498,0.13099555010846498,0.7067195078188135,0.1143574698882575,0.1259339524241347,143.39280810631752,18.058023074024064,0.3481521806452596,
50,11,1.010654,0.15487,0.000776,0.0632153680262703,345.0248058488461,165.02480584884609,7.021330560766408,7.021330560766408,3.5130668093861863,3.5130668093861863,0.19960759175339693,0.19960759175339693,0.5070719255226608,0.12783490583771423,0.04588119563544604,136.4571745550476,6.260818321620349,0.36165654509285344,
51,11,1.167798,0.19512,0.003288,0.2678506830803824,176.98046101122364,356.9804610112236,26.608630349947354,26.608630349947354,10.713735508615816,10.713735508615816,0.16063066829117922,0.16063066829117922,0.7309371286283657,0.13176759171270297,0.13234455893887664,153.8933064248223,20.3669417624385,0.3709065685066216,
52,11,1.234243,0.212139,0.003878,0.3159139139250982,176.98046101122364,356.9804610112236,24.837163485340092,24.837163485340092,11.679612512975726,11.679612512975726,0.18760158553861703,0.18760158553861703,0.7533245503957149,0.14894719681740767,0.13969750382268356,159.10747452299765,22.22691703039399,0.38022377081278796,
53,11,1.304045,0.230018,0.005656,0.4607553112842588,176.98046101122364,356.9804610112236,17.422245883768277,17.422245883768277,14.164771448258767,14.164771448258767,0.3243511921845987,0.3243511921845987,0.8734056433590476,0.23135408364401647,0.16021428171455954,167.9522968666265,26.908356604797035,0.3917887229495263,
54,11,1.357002,0.243583,0.004356,0.3548532772196307,174.98092293661554,354.98092293661557,15.07414015320146,15.07414015320146,18.831754784875272,18.831754784875272,0.49838883820137236,0.49838883820137236,0.920319215905029,0.3409793361456391,0.21387828407952178,168.26474281646682,35.98817446466796,0.3674349120883302,
55,11,1.322223,0.234674,0.004728,0.3851575515827398,174.98092293661554,354.98092293661557,14.185429344306737,14.185429344306737,18.116494464498174,18.116494464498174,0.5094971353438474,0.5094971353438474,0.9211916563085132,0.34815834726573186,0.20888478807124436,165.41022964944614,34.55168076514042,0.36349596912307147,
56,11,1.349897,0.241763,0.005572,0.4539124106216213,174.98092293661554,354.98092293661557,15.535964447553162,15.535964447553162,18.590284971642248,18.590284971642248,0.4773730465807996,0.4773730465807996,0.9020406041192724,0.33349780468852025,0.21386298149190222,166.2313072890696,35.550722994137004,0.3630016230414794,
57,11,1.413187,0.257974,0.004372,0.3561566868696569,174.98092293661554,354.98092293661557,16.771529890530264,16.771529890530264,19.903996569783033,19.903996569783033,0.47345387287149165,0.47345387287149165,0.9002372085540046,0.3255867669455927,0.22133690421756333,172.401705604188,38.15885980025871,0.37289679389980357,
58,11,1.348022,0.241283,0.003822,0.3113519801500066,174.98092293661554,354.98092293661557,18.92539414410584,18.92539414410584,17.947749128949987,17.947749128949987,0.37833378322565053,0.37833378322565053,0.8969912322784286,0.2754599152372721,0.20547896907853874,167.54455962123888,34.42688338568993,0.3697713228765248,
0,12,0.417122,0.002843,,,,,,,,,,,,,,,,,nan_exist
1,12,0.41972,0.003509,,,,,,,,,,,,,,,,,nan_exist
2,12,0.420337,0.003667,,,,,,,,,,,,,,,,,nan_exist
3,12,0.422152,0.004132,,,,,,,,,,,,,,,,,nan_exist
4,12,0.422854,0.004312,,,,,,,,,,,,,,,,,nan_exist
5,12,0.423423,0.004457,,,,,,,,,,,,,,,,,nan_exist
6,12,0.423816,0.004558,,,,,,,,,,,,,,,,,nan_exist
7,12,0.430027,0.006149,,,,,,,,,,,,,,,,,nan_exist
8,12,0.441501,0.009088,,,,,,,,,,,,,,,,,nan_exist
9,12,0.468496,0.016002,,,,,,,,,,,,,,,,,nan_exist
10,12,0.534094,0.032804,,,,,,,,,,,,,,,,,nan_exist
11,12,0.590128,0.047157,,,,,,,,,,,,,,,,,nan_exist
12,12,0.828027,0.108092,,,,,,,,,,,,,,,,,nan_exist
13,12,1.276692,0.223012,,,,,,,,,,,,,,,,,nan_exist
14,12,1.515198,0.284103,,,,,,,,,,,,,,,,,nan_exist
15,12,1.597904,0.305287,,,,,,,,,,,,,,,,,nan_exist
16,12,2.244524,0.470911,,,,,,,,,,,,,,,,,nan_exist
17,12,3.295996,0.740233,,,,,,,,,,,,,,,,,nan_exist
18,12,3.802657,0.870009,,,,,,,,,,,,,,,,,nan_exist
19,12,4.310358,1.0,0.016576,1.0,9.01926274414324,189.01926274414325,17.13763186149784,17.13763186149784,53.23808081958571,53.23808081958571,1.2393148328782577,1.2393148328782577,0.8819444803055954,0.27584916938222187,0.19008169195281957,536.1268608437597,101.9079008105357,1.2061637778700667,
20,12,4.528051,1.0,0.019282,1.0,7.019724669535155,187.01972466953515,18.156477308073686,18.156477308073686,60.81583126823154,60.81583126823154,1.3362727801757226,1.3362727801757226,0.8717488235916715,0.29551081522118716,0.21357539953492663,546.7200586117799,116.7659549517694,1.1943169546111403,
21,12,4.693107,1.0,0.01925,1.0,7.019724669535155,187.01972466953515,18.313951989176406,18.313951989176406,65.33570033210772,65.33570033210772,1.423241324293101,1.423241324293101,0.9011759171793852,0.3013549476320877,0.2194656396907134,572.0669437724284,125.54903776092738,1.240327516698614,
22,12,4.395498,1.0,,,,,,,,,,,,,,,,,nan_exist
23,12,3.972028,0.913391,0.014478,1.0,13.018338893359438,193.01833889335944,6.612855946879528,6.612855946879528,17.3287461470636,17.3287461470636,1.0454135943592235,1.0454135943592235,0.6440147372404423,0.17313207601181707,0.061556485553786455,514.3898176540529,31.664029379436556,1.3409049674294897,
24,12,3.715715,0.847739,,,,,,,,,,,,,,,,,nan_exist
25,12,3.724851,0.85008,,,,,,,,,,,,,,,,,nan_exist
26,12,3.863509,0.885595,,,,,,,,,,,,,,,,,nan_exist
27,12,3.526866,0.799368,,,,,,,,,,,,,,,,,nan_exist
28,12,3.590144,0.815576,,,,,,,,,,,,,,,,,nan_exist
29,12,3.138936,0.700004,,,,,,,,,,,,,,,,,nan_exist
30,12,2.23607,0.468746,,,,,,,,,,,,,,,,,nan_exist
31,12,1.573157,0.298948,,,,,,,,,,,,,,,,,nan_exist
32,12,1.222274,0.209074,0.002384,0.1942080378539026,181.0626837309819,1.0626837309818882,59.999932500732065,59.999932500732065,34.176982855721924,34.176982855721924,0.22724431360878644,0.22724431360878644,0.5278812834140274,0.06035990896810321,0.37889286736107686,177.56216539831462,67.27703798260922,0.30634757615473723,
33,12,1.330282,0.236739,0.000972,0.0791821362390911,7.019724669535155,187.01972466953515,3.074480843638529,3.074480843638529,1.1004407284582294,1.1004407284582294,0.14279234641064983,0.14279234641064983,0.01716939014673413,0.0454113362444604,0.005935098215954793,189.85341657605832,1.1267986740134859,0.5242406052834578,
34,12,1.493676,0.27859,0.004789,0.3901268008734646,7.019724669535155,187.01972466953515,3.2795418590077055,3.2795418590077055,2.237314810395762,2.237314810395762,0.27215980487751634,0.27215980487751634,0.03453371226629198,0.08481047946247998,0.01662703480753617,199.65576470685514,3.319683349306132,0.5453780037709695,
35,12,1.775815,0.350857,0.005185,0.4223861897116128,3.020648520318958,183.02064852031896,21.308297707480843,21.308297707480843,18.909971837911204,18.909971837911204,0.3540398858185021,0.3540398858185021,0.8331981913045712,0.18556900666495613,0.15138805367713165,237.79222341872241,35.998901882918034,0.5605370042661233,
36,12,1.837471,0.366649,,,,,,,,,,,,,,,,,nan_exist
37,12,1.794848,0.355732,,,,,,,,,,,,,,,,,nan_exist
38,12,1.934285,0.391447,,,,,,,,,,,,,,,,,nan_exist
39,12,1.992973,0.406479,,,,,,,,,,,,,,,,,nan_exist
40,12,1.955915,0.396987,0.002796,0.227770836342077,181.0626837309819,1.0626837309818882,18.674867908800977,18.674867908800977,33.28947871195602,33.28947871195602,0.7111472282202272,0.7111472282202272,0.9354869186678858,0.29922985355945525,0.2211652404238608,288.97418772066874,63.911045703531585,0.6251753944920476,
41,12,1.947148,0.394742,0.004129,0.3363611528098841,183.06222180558999,3.062221805589985,18.825902289830896,18.825902289830896,34.20953350662896,34.20953350662896,0.7249389218372687,0.7249389218372687,0.9428513230262343,0.3087081815137654,0.22994925185330833,286.0061066166314,65.76689024197194,0.6117756010407208,
42,12,1.807049,0.358857,,,,,,,,,,,,,,,,,nan_exist
43,12,1.757863,0.346259,,,,,,,,,,,,,,,,,nan_exist
44,12,1.682978,0.327078,0.002651,0.2159586863887146,178.97999908583176,358.97999908583176,17.97873364854021,17.97873364854021,26.47636283554037,26.47636283554037,0.587501921594119,0.587501921594119,0.9499397512699981,0.32086317868029585,0.23032428493406165,220.72387771199794,50.83806930188919,0.4719050233614132,
45,12,1.401473,0.254974,0.004254,0.3465440407007137,181.0626837309819,1.0626837309818882,20.68685800723819,20.68685800723819,18.260703831298063,18.260703831298063,0.3521543399990597,0.3521543399990597,0.8987378803793683,0.240781307801525,0.19300848558223266,181.37014596085868,35.00597720173383,0.4065671354420135,
46,12,1.180874,0.19847,0.002499,0.2035762947134658,178.97999908583176,358.97999908583176,23.434865825482536,23.434865825482536,11.411936429041944,11.411936429041944,0.19427053590584975,0.19427053590584975,0.7860260558914798,0.1576746014024736,0.1397947357372966,155.18946255591965,21.69466990721787,0.370818868468616,
47,12,1.114107,0.181368,0.000963,0.0784489683109514,178.97999908583176,358.97999908583176,23.311524126384374,23.311524126384374,9.704938744611514,9.704938744611514,0.16608568246936153,0.16608568246936153,0.778236610164083,0.1403103497824471,0.12311980310804635,149.06137561663195,18.352407216934267,0.36308046777693803,
48,12,1.088915,0.174915,0.002582,0.2103377322729767,178.97999908583176,358.97999908583176,26.668166948599907,26.668166948599907,9.534639123645483,9.534639123645483,0.142633375669322,0.142633375669322,0.7515487094367922,0.12355364810333436,0.12403568206037077,145.72795376446962,18.075466140438166,0.3545902434000874,
49,12,1.062038,0.168031,0.002325,0.189401714769431,176.98046101122364,356.9804610112236,30.329332560947215,30.329332560947215,9.949654838367653,9.949654838367653,0.1308745579036103,0.1308745579036103,0.7167207695650017,0.11341567821139766,0.13237777428172995,143.1452262775435,18.949246453675812,0.3449888328440769,
50,12,0.982835,0.147744,0.0011,0.0896094134393007,174.98092293661554,354.98092293661557,32.39482865498317,32.39482865498317,8.703472402492137,8.703472402492137,0.10718325337173953,0.10718325337173953,0.6555963578259607,0.09701745050336341,0.12303563466706514,134.43643856572004,16.540472541313278,0.327488794512241,
51,12,1.12424,0.183963,0.001446,0.1177956471211171,176.98046101122364,356.9804610112236,28.679046177362423,28.679046177362423,11.63587150555194,11.63587150555194,0.16186176779292966,0.16186176779292966,0.7467730368759272,0.137784124384076,0.1511560554942446,147.2379392563688,22.2559061170939,0.3471723142757636,
52,12,1.173504,0.196582,0.003221,0.2623926551708977,174.98092293661554,354.98092293661557,26.466630154053124,26.466630154053124,12.203194260928981,12.203194260928981,0.18394371018522498,0.18394371018522498,0.7658752971419385,0.15353485396472924,0.15427455894581188,151.2558016523705,23.334922087914663,0.3553357765679329,
53,12,1.190287,0.200881,0.002945,0.2399088387079459,176.98046101122364,356.9804610112236,18.13417701594587,18.13417701594587,14.144414610204839,14.144414610204839,0.3111696226730659,0.3111696226730659,0.8902564084111801,0.2464089547964111,0.17670591323725512,152.67193804553537,26.978034238037964,0.3491497327986039,
54,12,1.310766,0.23174,0.00628,0.5115882876352803,176.98046101122364,356.9804610112236,15.694399724468132,15.694399724468132,17.819511656143366,17.819511656143366,0.4529613582263122,0.4529613582263122,0.8977007147507294,0.3290819277696645,0.21245144400297733,160.27520452151282,34.05069863846792,0.3506236274529025,
55,12,1.250419,0.216283,0.004701,0.3829580477983205,174.98092293661554,354.98092293661557,14.451678027646901,14.451678027646901,16.943026128500993,16.943026128500993,0.46771658403088756,0.46771658403088756,0.9038991563796441,0.3410224242311209,0.2072915224074285,155.92171886058264,32.321250478993235,0.3433346343933039,
56,12,1.269785,0.221243,0.003223,0.262555581377151,172.98138486200742,352.9813848620074,15.789200669900051,15.789200669900051,17.366803642370673,17.366803642370673,0.43880322970238883,0.43880322970238883,0.9006978625307044,0.3243334823889468,0.2105711784819735,157.89483490938156,33.24810146308512,0.3462409262397123,
57,12,1.332352,0.237269,0.003515,0.286342807490129,172.98138486200742,352.9813848620074,16.738972622225457,16.738972622225457,18.97037079387646,18.97037079387646,0.4521235057473695,0.4521235057473695,0.8923932462273336,0.3291404681277135,0.22364386726209237,162.81375560391382,36.41229794672445,0.35111516015885935,
58,12,1.326334,0.235727,0.004294,0.3498025648257792,174.98092293661554,354.98092293661557,18.789958538264607,18.789958538264607,17.70458144193103,17.70458144193103,0.3758979073643651,0.3758979073643651,0.8879534019559902,0.28008218402318785,0.2077825185215014,163.46760045711903,33.965709719646725,0.3597274742707564,
0,13,0.424563,0.00475,,,,,,,,,,,,,,,,,nan_exist
1,13,0.428684,0.005805,,,,,,,,,,,,,,,,,nan_exist
2,13,0.429251,0.00595,,,,,,,,,,,,,,,,,nan_exist
3,13,0.427213,0.005428,,,,,,,,,,,,,,,,,nan_exist
4,13,0.427687,0.005549,,,,,,,,,,,,,,,,,nan_exist
5,13,0.428475,0.005752,,,,,,,,,,,,,,,,,nan_exist
6,13,0.431362,0.006491,,,,,,,,,,,,,,,,,nan_exist
7,13,0.43425,0.007231,,,,,,,,,,,,,,,,,nan_exist
8,13,0.438223,0.008248,,,,,,,,,,,,,,,,,nan_exist
9,13,0.470605,0.016542,,,,,,,,,,,,,,,,,nan_exist
10,13,0.578837,0.044265,,,,,,,,,,,,,,,,,nan_exist
11,13,0.657561,0.064429,0.000431,0.0351105974475805,337.02665355041364,157.02665355041364,10.5405417137397,10.5405417137397,1.1499941848181292,1.1499941848181292,0.043525400781034354,0.043525400781034354,0.25619676286445325,0.04485355632729384,0.01754280134424261,99.64514292142476,1.7480549471892175,0.27193635548398765,
12,13,1.010574,0.154849,,,,,,,,,,,,,,,,,nan_exist
13,13,1.477306,0.274397,,,,,,,,,,,,,,,,,nan_exist
14,13,1.789621,0.354393,0.000229,0.0186550506159998,15.017876967967549,195.01787696796754,22.07069957712102,22.07069957712102,15.530561676494827,15.530561676494827,0.2807250250263316,0.2807250250263316,0.4169054303925376,0.15340227901604941,0.12864720689997253,229.35385336524243,29.5057326271843,0.5551336687168281,
15,13,1.928733,0.390025,,,,,,,,,,,,,,,,,nan_exist
16,13,2.605153,0.563282,,,,,,,,,,,,,,,,,nan_exist
17,13,3.418309,0.771562,0.005223,0.425481787630425,13.018338893359438,193.01833889335944,17.31252174492779,17.31252174492779,37.657959690427774,37.657959690427774,0.8677737729667268,0.8677737729667268,0.7796398226688317,0.22679907273449518,0.15683210189388389,458.20909958644074,71.86189619504546,1.073186676087209,
18,13,3.986717,0.917153,,,,,,,,,,,,,,,,,nan_exist
19,13,4.619191,1.0,,,,,,,,,,,,,,,,,nan_exist
20,13,4.56792,1.0,,,,,,,,,,,,,,,,,nan_exist
21,13,4.670107,1.0,,,,,,,,,,,,,,,,,nan_exist
22,13,4.551391,1.0,,,,,,,,,,,,,,,,,nan_exist
23,13,4.063352,0.936783,,,,,,,,,,,,,,,,,nan_exist
24,13,3.795696,0.868226,0.01148,0.9351964238937928,13.018338893359438,193.01833889335944,6.197519871755794,6.197519871755794,11.544195140508263,11.544195140508263,0.7431146055282833,0.7431146055282833,0.5101995344146929,0.1199570712672453,0.03930469397415667,513.3603085405093,20.177469825663366,1.369952329763461,
25,13,3.743014,0.854732,,,,,,,,,,,,,,,,,nan_exist
26,13,3.788079,0.866275,,,,,,,,,,,,,,,,,nan_exist
27,13,3.689256,0.840962,0.008206,0.6684862242571832,9.01926274414324,189.01926274414325,4.000889290559691,4.000889290559691,8.189839937366093,8.189839937366093,0.8166367983350251,0.8166367983350251,0.3806953155772326,0.11301689988000999,0.027540278871077822,492.81121040110094,13.572158165239728,1.3312195895440588,
28,13,3.584465,0.814121,,,,,,,,,,,,,,,,,nan_exist
29,13,3.057184,0.679064,,,,,,,,,,,,,,,,,nan_exist
30,13,2.316118,0.489249,,,,,,,,,,,,,,,,,nan_exist
31,13,1.59508,0.304564,,,,,,,,,,,,,,,,,nan_exist
32,13,1.279796,0.223807,0.002049,0.1669178983064792,9.01926274414324,189.01926274414325,4.035569189580376,4.035569189580376,1.3083892490126867,1.3083892490126867,0.1293427930814673,0.1293427930814673,0.1326746282096649,0.047688465748273276,0.00845325775321844,185.72155124189737,1.5699521429753247,0.5115322197192279,
33,13,1.39959,0.254491,0.003457,0.2816179475087841,9.01926274414324,189.01926274414325,4.016090914861816,4.016090914861816,1.5977470653329544,1.5977470653329544,0.15871375206917035,0.15871375206917035,0.1660139177287152,0.053883582051565855,0.010237890339213395,201.247145086145,2.0603462024717203,0.5532966635657591,
34,13,1.54519,0.291785,0.004477,0.3647103126979538,11.018800818751352,191.01880081875134,5.624038554809576,5.624038554809576,3.8391992607815646,3.8391992607815646,0.2723343542340903,0.2723343542340903,0.4541079992194609,0.10285575537207561,0.03072369125586141,210.33274793393,6.4621984085189865,0.5663070820150305,
35,13,1.719216,0.336359,,,,,,,,,,,,,,,,,nan_exist
36,13,1.894991,0.381382,,,,,,,,,,,,,,,,,nan_exist
37,13,1.88459,0.378718,,,,,,,,,,,,,,,,,nan_exist
38,13,1.904819,0.3839,,,,,,,,,,,,,,,,,nan_exist
39,13,1.989303,0.405539,,,,,,,,,,,,,,,,,nan_exist
40,13,2.024132,0.41446,,,,,,,,,,,,,,,,,nan_exist
41,13,2.060126,0.42368,,,,,,,,,,,,,,,,,nan_exist
42,13,1.982688,0.403845,,,,,,,,,,,,,,,,,nan_exist
43,13,1.890247,0.380167,0.003775,0.3075232143030547,178.97999908583176,358.97999908583176,17.02193479863654,17.02193479863654,33.73849478088419,33.73849478088419,0.7907275056814281,0.7907275056814281,0.9618809566371735,0.3476136738275319,0.2393566055452415,270.55184983916206,64.75837240148772,0.5716485484379843,
44,13,1.835023,0.366022,,,,,,,,,,,,,,,,,nan_exist
45,13,1.497261,0.279509,0.002437,0.1985255823196143,181.0626837309819,1.0626837309818882,20.0937175348415,20.0937175348415,18.79607980765832,18.79607980765832,0.3731788768341359,0.3731788768341359,0.9018767361438735,0.23588809512346084,0.18419219998766237,195.24784457795442,35.9631300356626,0.4424575403952551,
46,13,1.24268,0.2143,0.001618,0.1318073008588986,178.97999908583176,358.97999908583176,23.5841088312136,23.5841088312136,12.910903931915419,12.910903931915419,0.21839729003561903,0.21839729003561903,0.8024784852210894,0.16859926945872994,0.15082220345368524,163.21273424523034,24.61610421056639,0.3849906389851776,
47,13,1.176847,0.197438,0.002651,0.2159586863887146,178.97999908583176,358.97999908583176,23.49443565574051,23.49443565574051,10.76263801476955,10.76263801476955,0.18275269155904236,0.18275269155904236,0.7879910953023674,0.14594855079445607,0.12929022701990261,157.76555751763001,20.39754474737589,0.3815778132507059,
48,13,1.15154,0.190956,0.002578,0.2100118798604701,178.97999908583176,358.97999908583176,27.201057519952528,27.201057519952528,10.150177984380385,10.150177984380385,0.1488668280120675,0.1488668280120675,0.7394586408113291,0.12139645416192914,0.12451568519655336,154.6092970882978,19.251282564706884,0.37599448478775255,
49,13,1.115855,0.181816,0.001435,0.1168995529867241,174.98092293661554,354.98092293661557,32.523284309230704,32.523284309230704,11.701091507043959,11.701091507043959,0.14352978883135345,0.14352978883135345,0.7168310438358857,0.1162666976505515,0.14942193369700352,149.97922188701068,22.410185348729087,0.35435843482856,
50,13,1.058605,0.167152,0.003111,0.2534317138269677,343.02526777423793,163.02526777423793,8.828587766022169,8.828587766022169,3.73947580268559,3.73947580268559,0.16897776221593053,0.16897776221593053,0.41914267379803416,0.11495332459395823,0.047356246556036374,141.03470325253244,6.678874180184351,0.373210636312078,
51,13,1.15891,0.192844,0.002729,0.2223128084325923,176.98046101122364,356.9804610112236,28.24944218317295,28.24944218317295,11.661918154111671,11.661918154111671,0.16469111822064375,0.16469111822064375,0.756650694475632,0.13488488172145166,0.1452167435571174,153.34717183539203,22.26857692762934,0.3641072080771186,
52,13,1.230178,0.211098,0.003379,0.2752638254649064,174.98092293661554,354.98092293661557,24.554791026251863,24.554791026251863,12.332116141358847,12.332116141358847,0.20036018756377064,0.20036018756377064,0.7690825414786628,0.15931967815714335,0.14811068128725896,158.80583224645176,23.52084000641213,0.3757916451112212,
53,13,1.247182,0.215454,0.00404,0.3291109366316135,174.98092293661554,354.98092293661557,18.14084844997141,18.14084844997141,14.624048908935132,14.624048908935132,0.3216030075176478,0.3216030075176478,0.8825536210739504,0.2427287638047519,0.1741017075825068,160.22368107646955,27.89521647056833,0.3675790683497256,
54,13,1.344772,0.24045,0.003481,0.2835730619838234,174.98092293661554,354.98092293661557,15.810892729185428,15.810892729185428,17.850467818104722,17.850467818104722,0.45040507576411676,0.45040507576411676,0.9027535331855131,0.3130265466530605,0.20304374618474114,167.9585298885499,34.10292911225298,0.3718211132674914,
55,13,1.360419,0.244458,0.004106,0.3344875014379715,174.98092293661554,354.98092293661557,15.039279766097208,15.039279766097208,18.501493825117706,18.501493825117706,0.4907833521432596,0.4907833521432596,0.8886489959354542,0.33684617911305287,0.2108404357258902,167.62542247884102,35.34221711417527,0.3674533482351826,
56,13,1.353408,0.242662,0.003553,0.2894384054089413,174.98092293661554,354.98092293661557,16.183207142758018,16.183207142758018,18.17392603453866,18.17392603453866,0.4480167269755519,0.4480167269755519,0.8469076456946465,0.32046848314802273,0.21178198604097015,164.21089969393628,34.77691046675636,0.3595388589643887,
57,13,1.327159,0.235939,0.005035,0.4101667242426173,172.98138486200742,352.9813848620074,15.836210070877721,15.836210070877721,18.72043749013989,18.72043749013989,0.4716010957800427,0.4716010957800427,0.8899172409662923,0.33557165542862777,0.21858400060034922,164.12707780039216,35.87555327245448,0.3562542347998269,
58,13,1.358664,0.244009,0.003027,0.2465888131643302,174.98092293661554,354.98092293661557,17.904870164126958,17.904870164126958,17.57353455905666,17.57353455905666,0.39155972020114893,0.39155972020114893,0.8915874284387554,0.2798505988439775,0.19952745541240205,168.62760781633318,33.64583749987344,0.374949361990166,
0,14,0.42188,0.004062,,,,,,,,,,,,,,,,,nan_exist
1,14,0.432151,0.006693,,,,,,,,,,,,,,,,,nan_exist
2,14,0.428069,0.005647,,,,,,,,,,,,,,,,,nan_exist
3,14,0.429947,0.006128,,,,,,,,,,,,,,,,,nan_exist
4,14,0.43108,0.006419,,,,,,,,,,,,,,,,,nan_exist
5,14,0.431011,0.006401,,,,,,,,,,,,,,,,,nan_exist
6,14,0.430786,0.006343,,,,,,,,,,,,,,,,,nan_exist
7,14,0.439126,0.00848,,,,,,,,,,,,,,,,,nan_exist
8,14,0.443156,0.009512,,,,,,,,,,,,,,,,,nan_exist
9,14,0.465421,0.015215,,,,,,,,,,,,,,,,,nan_exist
10,14,0.577289,0.043869,,,,,,,,,,,,,,,,,nan_exist
11,14,0.69643,0.074385,,,,,,,,,,,,,,,,,nan_exist
12,14,1.063338,0.168364,,,,,,,,,,,,,,,,,nan_exist
13,14,1.426441,0.261369,,,,,,,,,,,,,,,,,nan_exist
14,14,2.030755,0.416157,0.000264,0.0215062592254321,19.016953117183746,199.01695311718373,16.92019176985631,16.92019176985631,13.980013533749885,13.980013533749885,0.3296191056849017,0.3296191056849017,0.0909606069278226,0.1540073065533679,0.1032021927531894,255.20509924130835,26.337725843498333,0.6357427038828056,
15,14,2.370853,0.503269,,,,,,,,,,,,,,,,,nan_exist
16,14,2.982278,0.659878,,,,,,,,,,,,,,,,,nan_exist
17,14,3.70696,0.845497,,,,,,,,,,,,,,,,,nan_exist
18,14,4.081204,0.941355,,,,,,,,,,,,,,,,,nan_exist
19,14,4.69804,1.0,0.017403,1.0,7.019724669535155,187.01972466953515,19.265352071471682,19.265352071471682,62.89044649269563,62.89044649269563,1.3023202506853373,1.3023202506853373,0.8956772625327407,0.27599496884916586,0.20909426436013603,577.7668155831961,120.80772727606677,1.2693308008531372,
20,14,4.691589,1.0,0.020139,1.0,7.019724669535155,187.01972466953515,18.502652513546032,18.502652513546032,65.15609106127512,65.15609106127512,1.4048536841406016,1.4048536841406016,0.8845989096729487,0.30148086437217175,0.2214145337499568,565.6980535217067,125.2537707637668,1.2234563409942776,
21,14,4.538636,1.0,0.017954,1.0,3.020648520318958,183.02064852031896,19.715623146216213,19.715623146216213,68.29600866996195,68.29600866996195,1.3819581171259947,1.3819581171259947,0.9028250863142505,0.30445521800396874,0.2356973483866349,557.8993320584912,131.4953932328611,1.1844553856267501,
22,14,4.626971,1.0,,,,,,,,,,,,,,,,,nan_exist
23,14,4.219274,0.97672,0.013737,1.0,11.018800818751352,191.01880081875134,5.127928440690371,5.127928440690371,13.873849539998613,13.873849539998613,1.079356944514666,1.079356944514666,0.3672968488887731,0.15898153131973258,0.047850342661438984,517.8389825319878,24.778772757606532,1.3696116938177256,
24,14,3.754216,0.857601,,,,,,,,,,,,,,,,,nan_exist
25,14,3.799883,0.869298,0.008575,0.6985461093109122,13.018338893359438,193.01833889335944,5.921301574993495,5.921301574993495,8.396698946230291,8.396698946230291,0.565719915297018,0.565719915297018,0.46543963662923504,0.08751556181660493,0.026360199484838684,525.2599959087672,13.845958273560655,1.420594548986685,
26,14,3.809416,0.87174,,,,,,,,,,,,,,,,,nan_exist
27,14,3.632366,0.826391,,,,,,,,,,,,,,,,,nan_exist
28,14,3.456094,0.781241,,,,,,,,,,,,,,,,,nan_exist
29,14,2.930721,0.646672,,,,,,,,,,,,,,,,,nan_exist
30,14,2.223065,0.465415,,,,,,,,,,,,,,,,,nan_exist
31,14,1.613187,0.309202,,,,,,,,,,,,,,,,,nan_exist
32,14,1.271896,0.221784,0.001553,0.1265121991556672,11.018800818751352,191.01880081875134,5.218115902183501,5.218115902183501,2.030231702961277,2.030231702961277,0.15521795232331603,0.15521795232331603,0.29056560738427883,0.0648032294370452,0.016395960209792674,184.12369288646346,3.0188847422465415,0.5030689115117136,
33,14,1.278261,0.223414,0.002937,0.2392571338829328,11.018800818751352,191.01880081875134,5.362971511097931,5.362971511097931,2.427358666803808,2.427358666803808,0.18056706060865174,0.18056706060865174,0.29987035049390465,0.07667213670641866,0.020802769122483585,183.23325361861174,3.81175907058946,0.498393040411173,
34,14,1.446834,0.266592,0.003546,0.2888681636870548,9.01926274414324,189.01926274414325,4.622845901601604,4.622845901601604,3.273715699931906,3.273715699931906,0.28251506420846295,0.28251506420846295,0.2385548106541555,0.10599904592558991,0.027875785174729,194.056608747185,5.409480337172965,0.5240198011389223,
35,14,1.755704,0.345705,0.005778,0.4706938098657086,5.020186594927044,185.02018659492705,2.257529647169604,2.257529647169604,2.5623746562042613,2.5623746562042613,0.4528133616630933,0.4528133616630933,-0.1346183056107073,0.11094721013647103,0.018120624144007152,212.89989210476114,3.857878925130052,0.5806722588323086,
36,14,2.004673,0.409476,,,,,,,,,,,,,,,,,nan_exist
37,14,1.949791,0.395419,,,,,,,,,,,,,,,,,nan_exist
38,14,1.923106,0.388584,,,,,,,,,,,,,,,,,nan_exist
39,14,1.982157,0.403709,0.004678,0.3810843964264078,183.06222180558999,3.062221805589985,19.41784517615888,19.41784517615888,35.7758180471292,35.7758180471292,0.7350190665065212,0.7350190665065212,0.9447355409453823,0.3051913155216887,0.23324380513892148,295.1614882800065,68.8445886568959,0.6286580545086405,
40,14,2.036139,0.417536,,,,,,,,,,,,,,,,,nan_exist
41,14,2.072558,0.426864,0.003893,0.3171358604719978,181.0626837309819,1.0626837309818882,18.93942039086078,18.93942039086078,38.54370485390061,38.54370485390061,0.8118893393883857,0.8118893393883857,0.9322751167865585,0.3180263875987621,0.23823394504815987,311.25554217415356,74.15163573025251,0.6586219623441696,
42,14,2.076967,0.427993,0.003345,0.2724940799586007,178.97999908583176,358.97999908583176,17.742988844292135,17.742988844292135,36.73284343008991,36.73284343008991,0.82591971692205,0.82591971692205,0.9677379154114284,0.3209232204183052,0.22791738015645127,309.29262988984203,70.4931659061917,0.6633318443990287,
43,14,1.932632,0.391024,0.003704,0.3017393339810634,178.97999908583176,358.97999908583176,17.08782953278909,17.08782953278909,33.84188493602534,33.84188493602534,0.790092078315414,0.790092078315414,0.9681674239170689,0.3372784254677141,0.2327552876833193,278.92291595400997,64.92078354434588,0.5944503678046225,
44,14,1.869113,0.374754,,,,,,,,,,,,,,,,,nan_exist
45,14,1.520292,0.285407,0.00319,0.259867298973972,178.97999908583176,358.97999908583176,21.19437744321461,21.19437744321461,18.958451167729955,18.958451167729955,0.3568553859153243,0.3568553859153243,0.8917116784896517,0.22646883740335486,0.18514642426022457,196.15385408800512,36.31718468925598,0.44399074832985874,
46,14,1.208489,0.205543,0.003123,0.2544092710644873,178.97999908583176,358.97999908583176,23.206972696859705,23.206972696859705,14.11917906064613,14.11917906064613,0.24271746105912947,0.24271746105912947,0.8360925624643686,0.1896377783852493,0.167722713204932,161.036759404738,27.00952221309251,0.3722978810879041,
47,14,1.208262,0.205485,0.002942,0.239664449398566,178.97999908583176,358.97999908583176,22.920386828655648,22.920386828655648,13.300796666878734,13.300796666878734,0.23150787956189156,0.23150787956189156,0.8197379274602813,0.182782338209303,0.1595224370411633,159.20255163416857,25.39637901985421,0.3716838128175399,
48,14,1.178998,0.197989,0.001556,0.1267565884650471,176.98046101122364,356.9804610112236,27.02846733286889,27.02846733286889,10.971409703282937,10.971409703282937,0.1619388606960836,0.1619388606960836,0.7404392697560094,0.13047613743843622,0.1333041907667346,156.5419069174401,20.867692222710843,0.37687281859647015,
49,14,1.103861,0.178744,0.001088,0.088631856201781,178.97999908583176,358.97999908583176,27.25428065211167,27.25428065211167,9.123658803451626,9.123658803451626,0.1335501492449622,0.1335501492449622,0.7112677658436284,0.11433099320081107,0.11719703391054431,147.2611726278284,17.258572642170122,0.3611183332934952,
50,14,1.008323,0.154273,0.000486,0.0395910681195455,345.0248058488461,165.02480584884609,6.4025755104631,6.4025755104631,3.2069074350156663,3.2069074350156663,0.19982130051737917,0.19982130051737917,0.41593239108472657,0.12398156410861748,0.04182741380453184,135.45827946433695,5.6658695084047395,0.3605344720998117,
51,14,1.102032,0.178275,0.002893,0.2356727573453608,176.98046101122364,356.9804610112236,28.12219633546732,28.12219633546732,10.905596723146548,10.905596723146548,0.15470710658482353,0.15470710658482353,0.7496507317012844,0.1324179264900711,0.1416986286235414,146.8180595935728,20.80391770157864,0.3500392830333171,
52,14,1.211635,0.206349,0.00389,0.3168914711626179,174.98092293661554,354.98092293661557,24.9704797965929,24.9704797965929,12.82301262231887,12.82301262231887,0.20486758519803253,0.20486758519803253,0.7764933675535333,0.16693387983007368,0.1581669186068308,155.02652433350926,24.520067656158034,0.3625179352148645,
53,14,1.238108,0.213129,0.002701,0.2200318415450465,174.98092293661554,354.98092293661557,18.58862503849545,18.58862503849545,14.417020883941062,14.417020883941062,0.3094128358672866,0.3094128358672866,0.8795524240976218,0.23508373114320652,0.1718604826245638,160.0272628619487,27.502362628542443,0.36812472287057296,
54,14,1.284955,0.225129,0.003912,0.3186836594314039,174.98092293661554,354.98092293661557,15.283704701170667,15.283704701170667,16.82991158148166,16.82991158148166,0.4393020826132882,0.4393020826132882,0.910442355659084,0.31203129331005497,0.19721928721828638,162.78117303791663,32.103586919094454,0.36299329477450604,
55,14,1.37665,0.248615,0.004301,0.3503728065476657,172.98138486200742,352.9813848620074,16.324489284425646,16.324489284425646,19.6979272050477,19.6979272050477,0.4813832678894514,0.4813832678894514,0.8865093087929716,0.3351045213308174,0.22341839234049296,169.1465580660381,37.790452073042076,0.36487807220276675,
56,14,1.341568,0.23963,0.003362,0.2738789527117536,172.98138486200742,352.9813848620074,15.883679769229778,15.883679769229778,18.662450843114176,18.662450843114176,0.4687352556461569,0.4687352556461569,0.8697460868121312,0.33287050111902616,0.21726864879082342,164.59360518039108,35.76103019715384,0.3578682638423256,
57,14,1.250995,0.21643,0.005316,0.4330578562212023,172.98138486200742,352.9813848620074,15.22992395312583,15.22992395312583,17.50035048092533,17.50035048092533,0.4584152718143897,0.4584152718143897,0.8750348061577333,0.3413913948886541,0.21601385221985153,155.0961192610835,33.50291018593616,0.3377589140976315,
58,14,1.26342,0.219613,0.003864,0.3147734304813253,174.98092293661554,354.98092293661557,17.01801662661849,17.01801662661849,16.24654754883394,16.24654754883394,0.3808572332479847,0.3808572332479847,0.8572549090515245,0.28745118791131097,0.1969259665695004,157.73312719555517,31.06174853301465,0.3518649407292792,
0,15,0.424968,0.004853,,,,,,,,,,,,,,,,,nan_exist
1,15,0.42713,0.005407,,,,,,,,,,,,,,,,,nan_exist
2,15,0.428895,0.005859,,,,,,,,,,,,,,,,,nan_exist
3,15,0.427393,0.005474,,,,,,,,,,,,,,,,,nan_exist
4,15,0.430462,0.00626,,,,,,,,,,,,,,,,,nan_exist
5,15,0.430662,0.006312,,,,,,,,,,,,,,,,,nan_exist
6,15,0.42994,0.006127,,,,,,,,,,,,,,,,,nan_exist
7,15,0.432529,0.00679,,,,,,,,,,,,,,,,,nan_exist
8,15,0.438001,0.008191,,,,,,,,,,,,,,,,,nan_exist
9,15,0.462385,0.014437,,,,,,,,,,,,,,,,,nan_exist
10,15,0.571424,0.042366,,,,,,,,,,,,,,,,,nan_exist
11,15,0.680833,0.07039,,,,,,,,,,,,,,,,,nan_exist
12,15,1.062646,0.168187,,,,,,,,,,,,,,,,,nan_exist
13,15,1.494731,0.27886,,,,,,,,,,,,,,,,,nan_exist
14,15,2.181671,0.454812,,,,,,,,,,,,,,,,,nan_exist
15,15,2.819244,0.618119,,,,,,,,,,,,,,,,,nan_exist
16,15,3.256909,0.730222,,,,,,,,,,,,,,,,,nan_exist
17,15,3.613978,0.821681,,,,,,,,,,,,,,,,,nan_exist
18,15,4.124898,0.952547,,,,,,,,,,,,,,,,,nan_exist
19,15,4.638715,1.0,,,,,,,,,,,,,,,,,nan_exist
20,15,4.914517,1.0,,,,,,,,,,,,,,,,,nan_exist
21,15,4.514937,1.0,,,,,,,,,,,,,,,,,nan_exist
22,15,4.622947,1.0,,,,,,,,,,,,,,,,,nan_exist
23,15,4.633813,1.0,0.011694,0.952629527962893,7.019724669535155,187.01972466953515,2.9728779449562426,2.9728779449562426,8.293174424120945,8.293174424120945,1.1128939626124967,1.1128939626124967,-0.12985860481408174,0.1261872016545761,0.025904491634411924,524.1384418789778,13.577539882927681,1.4182247277668059,
24,15,3.90049,0.895067,,,,,,,,,,,,,,,,,nan_exist
25,15,3.740878,0.854185,,,,,,,,,,,,,,,,,nan_exist
26,15,3.894022,0.893411,,,,,,,,,,,,,,,,,nan_exist
27,15,3.678348,0.838168,0.009828,0.8006193775285884,11.018800818751352,191.01880081875134,5.179610745022448,5.179610745022448,11.686471907949398,11.686471907949398,0.9001116072834175,0.9001116072834175,0.6008706664496594,0.13787686121616377,0.04100283620750613,500.1671991499406,20.508273743112113,1.332385903907857,
28,15,3.405811,0.768361,,,,,,,,,,,,,,,,,nan_exist
29,15,2.983767,0.660259,,,,,,,,,,,,,,,,,nan_exist
30,15,2.119804,0.438965,0.004655,0.3792107450544952,183.06222180558999,3.062221805589985,20.972983154380458,20.972983154380458,23.757784504938282,23.757784504938282,0.451914000880047,0.451914000880047,0.8618883753788722,0.19432550351643663,0.15654884621147763,289.1601527150832,45.26768827788095,0.6774790678811173,
31,15,1.537994,0.289942,,,,,,,,,,,,,,,,,nan_exist
32,15,1.203421,0.204245,0.003022,0.246181497648697,5.020186594927044,185.02018659492705,2.2808569869452993,2.2808569869452993,0.8434119057584918,0.8434119057584918,0.14752028335263637,0.14752028335263637,-0.08634657147111113,0.04569854788242018,0.004224043440311814,169.25324896648408,0.7149330760483394,0.4681619885845437,
33,15,1.18876,0.20049,0.004663,0.3798624498795083,11.018800818751352,191.01880081875134,5.8459692019316645,5.8459692019316645,2.411607606995465,2.411607606995465,0.16457360703342605,0.16457360703342605,0.1980907241417893,0.07814316099864997,0.02257646120327688,170.15274368707674,3.841446816482403,0.4619758246405398,
34,15,1.360773,0.244549,,,,,,,,,,,,,,,,,nan_exist
35,15,1.791954,0.354991,0.006026,0.4908966594411145,5.020186594927044,185.02018659492705,20.58656457778216,20.58656457778216,18.595320753748332,18.595320753748332,0.36035442622139807,0.36035442622139807,0.8278725400449233,0.18683121828389485,0.1478432928067685,239.17041373553906,35.359741508619265,0.5661407561858883,
36,15,2.109062,0.436214,,,,,,,,,,,,,,,,,nan_exist
37,15,1.896253,0.381706,,,,,,,,,,,,,,,,,nan_exist
38,15,1.862752,0.373125,0.004428,0.3607186206447486,181.0626837309819,1.0626837309818882,22.5033601011377,22.5033601011377,26.032144926537594,26.032144926537594,0.46150100314167947,0.46150100314167947,0.9215615312118752,0.21288109426730503,0.18354611155002437,271.9220144954313,49.91022840548578,0.6166994058054043,
39,15,1.978489,0.402769,0.004909,0.399902373248661,183.06222180558999,3.062221805589985,20.92555126903996,20.92555126903996,33.89891578733659,33.89891578733659,0.6462773952027234,0.6462773952027234,0.9246076375306908,0.27469406193558166,0.22335143758683884,292.1856519510963,65.2600854055251,0.63034879595992,
40,15,2.020414,0.413508,,,,,,,,,,,,,,,,,nan_exist
41,15,2.05626,0.42269,0.003583,0.2918822985027403,183.06222180558999,3.062221805589985,18.37153190264644,18.37153190264644,39.23965481210851,39.23965481210851,0.8520986413034286,0.8520986413034286,0.9488987643671705,0.3298821765400137,0.24124778997041932,312.8831727057561,75.48237393419669,0.6594466632543318,
42,15,2.128922,0.441301,,,,,,,,,,,,,,,,,nan_exist
43,15,1.976305,0.40221,0.00359,0.2924525402246268,181.0626837309819,1.0626837309818882,17.45050566737183,17.45050566737183,33.79162103414773,33.79162103414773,0.7725223905132966,0.7725223905132966,0.9638272624190161,0.3232063428833383,0.22653509125273374,286.1125102552147,64.81452361921379,0.6147166295444471,
44,15,1.859148,0.372201,,,,,,,,,,,,,,,,,nan_exist
45,15,1.52914,0.287674,0.002981,0.2428415104205049,178.97999908583176,358.97999908583176,21.180442372156918,21.180442372156918,19.87033251949279,19.87033251949279,0.3742658263871728,0.3742658263871728,0.8946587690062515,0.23660681894321844,0.19359179971954846,196.8689447577603,38.11221332454318,0.4409909206478253,
46,15,1.224682,0.209691,0.002232,0.1818256461786538,178.97999908583176,358.97999908583176,23.574063180747977,23.574063180747977,13.548734154312047,13.548734154312047,0.22928431380841519,0.22928431380841519,0.8234105732961187,0.17873394018946295,0.16017409883597838,161.61153903010177,25.8859826256421,0.37701543445683244,
47,15,1.226848,0.210245,0.002934,0.2390127445735529,176.98046101122364,356.9804610112236,24.133961611689838,24.133961611689838,13.915867018933175,13.915867018933175,0.23003383413054035,0.23003383413054035,0.8445630587886819,0.17802091422969554,0.16328305587209932,163.0185495029382,26.61816692667685,0.378889951600726,
48,15,1.23443,0.212187,0.002902,0.2364059252735005,174.98092293661554,354.98092293661557,27.25852424147846,27.25852424147846,11.16066254973492,11.16066254973492,0.16334193769767422,0.16334193769767422,0.7537570383047186,0.12733468466275033,0.13122802302310022,161.70449295746693,21.220160924761217,0.39023425564640474,
49,15,1.153241,0.191392,0.001669,0.1359619191183571,176.98046101122364,356.9804610112236,30.722811917653775,30.722811917653775,10.404156641941507,10.404156641941507,0.13510019810409438,0.13510019810409438,0.7172321255539337,0.10804850506812282,0.12799130854825572,154.62548999421477,19.79071879927477,0.37454103109705555,
50,15,1.021343,0.157608,0.000889,0.0724206986795803,176.98046101122364,356.9804610112236,29.57627755341573,29.57627755341573,8.988064674973304,8.988064674973304,0.12123631891651969,0.12123631891651969,0.6975290268088186,0.10860714016503786,0.12251286925642849,139.22271924165648,17.05657479997751,0.33935040122688603,
51,15,1.0979,0.177217,0.002939,0.2394200600891861,178.97999908583176,358.97999908583176,28.535509963540704,28.535509963540704,10.826596956626107,10.826596956626107,0.1513618394898909,0.1513618394898909,0.7277064807479083,0.1299162431124168,0.141332533626865,146.1372484019121,20.653947573900766,0.34856472452225373,
52,15,1.203858,0.204357,0.003539,0.2882979219651683,172.98138486200742,352.9813848620074,2.331995059729586,2.331995059729586,2.1975288208876065,2.1975288208876065,0.3759386862313646,0.3759386862313646,-0.1169720328583832,0.14352504628696988,0.026151451361400603,138.8223595397549,3.630406183378767,0.3755332037677115,
53,15,1.241752,0.214063,0.003338,0.2719238382367143,174.98092293661554,354.98092293661557,19.913051219737,19.913051219737,14.892437174942227,14.892437174942227,0.29835823660302874,0.29835823660302874,0.870818123603785,0.22988538400313338,0.17803281269123764,159.95633328804698,28.477475923048047,0.3652190482361081,
54,15,1.293745,0.22738,0.005589,0.4552972833747742,174.98092293661554,354.98092293661557,16.271480991867076,16.271480991867076,16.50772319261789,16.50772319261789,0.4047344392308404,0.4047344392308404,0.9105981710942745,0.29130991505387854,0.19274832890108187,163.48923954966676,31.51227771650693,0.3666026717587773,
55,15,1.348697,0.241456,0.00559,0.4553787464779008,174.98092293661554,354.98092293661557,15.339506882193689,15.339506882193689,17.940099317407803,17.940099317407803,0.46657719751231863,0.46657719751231863,0.8833958172130559,0.32529836437605186,0.2064443104730741,165.9831311502909,34.26627306048363,0.3658801613605757,
56,15,1.370079,0.246932,0.003871,0.3153436722032118,172.98138486200742,352.9813848620074,16.07614814893772,16.07614814893772,18.8445529803982,18.8445529803982,0.4676424271222233,0.4676424271222233,0.8763020700797544,0.3270739564505589,0.21535164509116592,167.67927638555207,36.11000801732493,0.36547018991174207,
57,15,1.249612,0.216076,0.00355,0.2891940160995613,172.98138486200742,352.9813848620074,15.170379682505535,15.170379682505535,17.059871391418934,17.059871391418934,0.4486310915537857,0.4486310915537857,0.8782979764016331,0.3351268089866108,0.2113100065901268,154.4599061116953,32.6389237783727,0.33839161759256275,
58,15,1.253993,0.217198,0.003156,0.2570975534676664,172.98138486200742,352.9813848620074,17.68907189843247,17.68907189843247,16.57581818058755,16.57581818058755,0.3738350289066959,0.3738350289066959,0.8693758460564969,0.2866836323162242,0.20268201254900553,156.73720819469924,31.767812798214123,0.34713720943468085,
0,16,0.452866,0.011999,,,,,,,,,,,,,,,,,nan_exist
1,16,0.487125,0.020774,,,,,,,,,,,,,,,,,nan_exist
2,16,0.448389,0.010852,,,,,,,,,,,,,,,,,nan_exist
3,16,0.428558,0.005773,,,,,,,,,,,,,,,,,nan_exist
4,16,0.428826,0.005841,,,,,,,,,,,,,,,,,nan_exist
5,16,0.430491,0.006268,,,,,,,,,,,,,,,,,nan_exist
6,16,0.427168,0.005417,,,,,,,,,,,,,,,,,nan_exist
7,16,0.433686,0.007086,,,,,,,,,,,,,,,,,nan_exist
8,16,0.440644,0.008868,,,,,,,,,,,,,,,,,nan_exist
9,16,0.473221,0.017212,,,,,,,,,,,,,,,,,nan_exist
10,16,0.559404,0.039287,,,,,,,,,,,,,,,,,nan_exist
11,16,0.575822,0.043493,,,,,,,,,,,,,,,,,nan_exist
12,16,0.914882,0.130339,0.000133,0.0108345927158427,313.0321966551165,133.03219665511648,18.88602560016137,18.88602560016137,7.049985027879881,7.049985027879881,0.14892159755381917,0.14892159755381917,0.668255508209536,0.14079524000688504,0.10381174126728604,129.48316969672925,13.441873311024949,0.32233693440473415,
13,16,1.687495,0.328235,,,,,,,,,,,,,,,,,nan_exist
14,16,2.360185,0.500536,,,,,,,,,,,,,,,,,nan_exist
15,16,2.957182,0.65345,0.00153,0.1246385477837545,343.02526777423793,163.02526777423793,25.54392053004071,25.54392053004071,31.705440430374967,31.705440430374967,0.49517225406140164,0.49517225406140164,0.2798860912668971,0.17236946533011216,0.16780340537334554,363.15762402755115,60.93908599911617,0.8394959389678749,
16,16,3.318687,0.746045,,,,,,,,,,,,,,,,,nan_exist
17,16,3.491882,0.790407,,,,,,,,,,,,,,,,,nan_exist
18,16,4.063416,0.936799,0.013833,1.0,341.0257296996299,161.0257296996299,26.002984278473004,26.002984278473004,50.92329753464279,50.92329753464279,0.7812740347979802,0.7812740347979802,0.5162280058687505,0.20109305664076838,0.20055437407260499,490.99145240628474,98.47048341234165,1.0903360249831753,
19,16,4.506722,1.0,0.017861,1.0,11.018800818751352,191.01880081875134,17.957212183024676,17.957212183024676,49.57746184055583,49.57746184055583,1.1014262949949114,1.1014262949949114,0.5990355737648436,0.2491237364795385,0.17778514074262491,533.7526784229171,94.89329505517134,1.2190538426881827,
20,16,4.845881,1.0,,,,,,,,,,,,,,,,,nan_exist
21,16,4.584009,1.0,,,,,,,,,,,,,,,,,nan_exist
22,16,4.418683,1.0,,,,,,,,,,,,,,,,,nan_exist
23,16,4.470538,1.0,0.011637,0.9479861310846748,7.019724669535155,187.01972466953515,2.9717129874582526,2.9717129874582526,8.254064109648812,8.254064109648812,1.1080798086424146,1.1080798086424146,-0.22744663809305066,0.13258845409324277,0.027495762500165243,496.5808181418606,13.653868237766346,1.3414637497335953,
24,16,3.95283,0.908474,,,,,,,,,,,,,,,,,nan_exist
25,16,3.635899,0.827295,0.007053,0.5745592663521708,15.017876967967549,195.01787696796754,7.292009310606434,7.292009310606434,9.446614774753877,9.446614774753877,0.5168196967100089,0.5168196967100089,0.29282095567682953,0.09196610512763455,0.032235493624985,498.9263820139457,16.08313820674738,1.3412312327977731,
26,16,3.700966,0.843962,0.007255,0.5910148131837515,17.01741504257566,197.01741504257566,8.789831002329139,8.789831002329139,15.716246712833192,15.716246712833192,0.7133101081588253,0.7133101081588253,0.6428536696525586,0.13347755064284786,0.05572979410836298,511.83473013352693,28.524444127850984,1.3425285722379887,
27,16,3.577639,0.812373,,,,,,,,,,,,,,,,,nan_exist
28,16,3.49704,0.791728,,,,,,,,,,,,,,,,,nan_exist
29,16,2.819054,0.61807,,,,,,,,,,,,,,,,,nan_exist
30,16,1.982459,0.403786,0.004876,0.397214090845482,183.06222180558999,3.062221805589985,22.462228535324698,22.462228535324698,21.341349301677766,21.341349301677766,0.37903481143313816,0.37903481143313816,0.8462677999697082,0.17368554242006326,0.14841992695697281,273.79986574533916,40.637356074752205,0.6476736379738527,
31,16,1.60125,0.306144,,,,,,,,,,,,,,,,,nan_exist
32,16,1.31398,0.232563,0.00216,0.1759603027535359,178.97999908583176,358.97999908583176,30.767952263824863,30.767952263824863,9.588763505998582,9.588763505998582,0.12432946939438498,0.12432946939438498,0.6477647411562422,0.08143003985589639,0.09524357969842046,188.78437667463226,17.980499825626964,0.4744552134694592,
33,16,1.278912,0.223581,0.001751,0.1426418935747413,9.01926274414324,189.01926274414325,4.620874331501415,4.620874331501415,2.193708738298047,2.193708738298047,0.18939341427811876,0.18939341427811876,0.17763559420578123,0.07616270083366651,0.018450144711825784,181.0342874281065,3.340108800850828,0.49359494063126574,
34,16,1.309544,0.231427,0.004418,0.3599039896134822,7.019724669535155,187.01972466953515,3.3639660505277167,3.3639660505277167,2.352178888995991,2.352178888995991,0.2789515696036712,0.2789515696036712,0.08896180547568977,0.09967970150374504,0.020851535161896174,176.17030625164654,3.673421335288225,0.47915801365655086,
35,16,1.657137,0.320459,0.006393,0.5207936182885904,5.020186594927044,185.02018659492705,19.875586605228882,19.875586605228882,18.87284799805667,18.87284799805667,0.3788153359978599,0.3788153359978599,0.8320589548175538,0.2102249837710496,0.16202749519655327,222.05564726112243,35.97912031996904,0.5168792415032039,
36,16,1.933867,0.39134,,,,,,,,,,,,,,,,,nan_exist
37,16,1.811993,0.360123,,,,,,,,,,,,,,,,,nan_exist
38,16,1.839092,0.367064,,,,,,,,,,,,,,,,,nan_exist
39,16,1.930058,0.390364,0.00423,0.3445889262256745,183.06222180558999,3.062221805589985,19.31487590761838,19.31487590761838,31.50094996323246,31.50094996323246,0.6506415507534559,0.6506415507534559,0.9406122896432572,0.27738327327409795,0.2104636550983619,287.2646968629209,60.45877808249327,0.6300164410567435,
40,16,1.97509,0.401899,,,,,,,,,,,,,,,,,nan_exist
41,16,2.063674,0.424588,,,,,,,,,,,,,,,,,nan_exist
42,16,2.078503,0.428387,0.002492,0.2030060529915794,181.0626837309819,1.0626837309818882,19.498798345956793,19.498798345956793,38.15825926978911,38.15825926978911,0.780711852040634,0.780711852040634,0.9542369944750699,0.3066592903520752,0.23518750517751968,312.2327604562823,73.43324396640315,0.6633319902496643,
43,16,1.867257,0.374278,,,,,,,,,,,,,,,,,nan_exist
44,16,1.811303,0.359947,,,,,,,,,,,,,,,,,nan_exist
45,16,1.521366,0.285683,0.003339,0.2720053013398409,181.0626837309819,1.0626837309818882,20.35086303943991,20.35086303943991,19.75020705331426,19.75020705331426,0.387167493829613,0.387167493829613,0.8927622777144542,0.2459600226331054,0.19446517060266466,194.67314891509804,37.857147115532484,0.4356000049987932,
46,16,1.24238,0.214224,0.002164,0.1762861551660424,178.97999908583176,358.97999908583176,24.190074204716606,24.190074204716606,12.487567029969384,12.487567029969384,0.2059447368966885,0.2059447368966885,0.7922346234034673,0.1597950282954478,0.14629433429996275,162.63700823803396,23.792872852720734,0.3856781538480923,
47,16,1.244716,0.214822,0.002249,0.1832105189318066,178.97999908583176,358.97999908583176,24.158705784801274,24.158705784801274,11.914146820544497,11.914146820544497,0.1967430268808416,0.1967430268808416,0.7856590026445367,0.151676520624462,0.13838494826729145,163.6898978233939,22.652218042168585,0.39177133272562586,
48,16,1.174858,0.196929,0.002938,0.2393385969860595,176.98046101122364,356.9804610112236,25.778600487429884,25.778600487429884,10.786286001512392,10.786286001512392,0.16692549064498974,0.16692549064498974,0.766323977422291,0.1363520503125714,0.13249384200262357,154.69377336279527,20.495972366719855,0.37277166943354284,
49,16,1.109103,0.180086,0.001614,0.1314814484463921,174.98092293661554,354.98092293661557,30.805834158228667,30.805834158228667,11.756963087069732,11.756963087069732,0.1522552397204998,0.1522552397204998,0.7364579785911751,0.12689913796138827,0.15187439310168993,148.24958919532196,22.515316386614373,0.34926186891307665,
50,16,1.058034,0.167006,0.001529,0.1245570846806279,176.98046101122364,356.9804610112236,30.19200373851808,30.19200373851808,10.165054086462042,10.165054086462042,0.1343160226389173,0.1343160226389173,0.7180309012946029,0.11673609734082198,0.1356222406502846,142.87545809409977,19.377089760657654,0.3430510231484503,
51,16,1.094175,0.176263,0.00175,0.1425604304716147,176.98046101122364,356.9804610112236,29.14675583682087,29.14675583682087,10.917085494247907,10.917085494247907,0.14942613190970166,0.14942613190970166,0.7248592750852032,0.12816465656293471,0.14298837319797042,145.769192151143,20.843299648074293,0.3470163680640797,
52,16,1.170223,0.195741,0.003443,0.2804774640650112,174.98092293661554,354.98092293661557,22.93616817824911,22.93616817824911,14.034564724672068,14.034564724672068,0.24411144931400625,0.24411144931400625,0.8531043813431194,0.19995270797908582,0.1752350676582988,153.45166200738407,26.890112374142348,0.35155986009233814,
53,16,1.205287,0.204723,0.002721,0.2216611036075792,174.98092293661554,354.98092293661557,18.791508891539305,18.791508891539305,13.671615823084187,13.671615823084187,0.2902473465390111,0.2902473465390111,0.871695550633707,0.22618428683867114,0.16663189576756815,156.39359708140887,26.060161567584373,0.3620373208717347,
54,16,1.381817,0.249939,0.004135,0.3368499314286439,176.98046101122364,356.9804610112236,16.77963374900892,16.77963374900892,17.254534169037175,17.254534169037175,0.41023322151275826,0.41023322151275826,0.9022351390483612,0.2837743691617927,0.1920724233546455,171.46660296240597,32.934005955378154,0.38481276946396614,
55,16,1.400579,0.254744,0.003751,0.3055680998280153,174.98092293661554,354.98092293661557,15.032014952306353,15.032014952306353,18.23217155551257,18.23217155551257,0.48387286202840957,0.48387286202840957,0.8917382342519322,0.324878600386143,0.20304695892423455,171.35396853199433,34.79290221002043,0.3793362953388164,
56,16,1.332666,0.237349,0.004883,0.3977843325673684,172.98138486200742,352.9813848620074,15.214890599687413,15.214890599687413,18.633568160450938,18.633568160450938,0.48858176963155764,0.48858176963155764,0.8899442270383457,0.34236560835360974,0.2164882171085069,164.78339354254234,35.67366307711444,0.35863814018174417,
57,16,1.289848,0.226382,0.003489,0.2842247668088364,174.98092293661554,354.98092293661557,15.56485133138355,15.56485133138355,16.453568932212885,16.453568932212885,0.4217209770146711,0.4217209770146711,0.8471456864361244,0.3082018379814898,0.19743506510761163,159.0367104013792,31.399423272596678,0.35454801980217365,
58,16,1.262515,0.219381,0.003045,0.2480551490206096,174.98092293661554,354.98092293661557,16.535309501532275,16.535309501532275,16.84771221978093,16.84771221978093,0.40647952382649083,0.40647952382649083,0.8807314899320586,0.3068042047364265,0.20589786740815216,156.5355466636031,32.23033523160517,0.345292253977772,
0,17,0.425987,0.005114,,,,,,,,,,,,,,,,,nan_exist
1,17,0.424459,0.004723,,,,,,,,,,,,,,,,,nan_exist
2,17,0.426115,0.005147,,,,,,,,,,,,,,,,,nan_exist
3,17,0.422024,0.004099,,,,,,,,,,,,,,,,,nan_exist
4,17,0.42406,0.00462,,,,,,,,,,,,,,,,,nan_exist
5,17,0.425425,0.00497,,,,,,,,,,,,,,,,,nan_exist
6,17,0.431971,0.006647,,,,,,,,,,,,,,,,,nan_exist
7,17,0.431174,0.006443,,,,,,,,,,,,,,,,,nan_exist
8,17,0.433631,0.007072,,,,,,,,,,,,,,,,,nan_exist
9,17,0.466618,0.015521,,,,,,,,,,,,,,,,,nan_exist
10,17,0.548751,0.036559,,,,,,,,,,,,,,,,,nan_exist
11,17,0.56674,0.041166,,,,,,,,,,,,,,,,,nan_exist
12,17,0.938085,0.136282,,,,,,,,,,,,,,,,,nan_exist
13,17,1.871355,0.375328,,,,,,,,,,,,,,,,,nan_exist
14,17,2.496111,0.535352,,,,,,,,,,,,,,,,,nan_exist
15,17,2.925878,0.645432,0.000224,0.0182477351003666,17.01741504257566,197.01741504257566,19.399818030530625,19.399818030530625,24.88315064295986,24.88315064295986,0.5117027822349764,0.5117027822349764,0.2868259806197633,0.16572632568427337,0.12448531200410161,379.35933422425853,47.224665082575086,0.9225963031713429,
16,17,3.36322,0.757452,0.005546,0.4517943699403288,341.0257296996299,161.0257296996299,23.624429264851535,23.624429264851535,34.97874189624466,34.97874189624466,0.5906808965083657,0.5906808965083657,0.5609149261726245,0.1724528252793886,0.15525909853777892,432.0252828116355,67.07585595486353,1.0137484079354777,
17,17,3.501915,0.792977,,,,,,,,,,,,,,,,,nan_exist
18,17,3.825622,0.875891,,,,,,,,,,,,,,,,,nan_exist
19,17,4.24094,0.98227,0.01642,1.0,343.02526777423793,163.02526777423793,26.358449345645912,26.358449345645912,50.31858336180455,50.31858336180455,0.761585407763902,0.761585407763902,0.4063569586982826,0.19184500596602092,0.19375841862436124,501.42466114076217,97.15524940189027,1.122970588163533,
20,17,4.658679,1.0,,,,,,,,,,,,,,,,,nan_exist
21,17,4.682026,1.0,,,,,,,,,,,,,,,,,nan_exist
22,17,4.442174,1.0,,,,,,,,,,,,,,,,,nan_exist
23,17,4.237872,0.981484,,,,,,,,,,,,,,,,,nan_exist
24,17,3.919729,0.899995,0.009028,0.7354488950272787,7.019724669535155,187.01972466953515,3.0054474029519493,3.0054474029519493,5.23291830075378,5.23291830075378,0.694616168629879,0.694616168629879,-0.07365545565154585,0.0842267512922331,0.015545551596373986,492.6497004471099,7.6585113372387355,1.34719774752742,
25,17,3.654017,0.831936,0.006641,0.5409964678639964,15.017876967967549,195.01787696796754,7.066600203270071,7.066600203270071,9.001987617831668,9.001987617831668,0.5082038554751356,0.5082038554751356,0.39928561142274943,0.08936989591104931,0.03052475358799654,498.2957627195823,15.210355370958041,1.341903909301734,
26,17,3.615562,0.822086,0.007517,0.6123581462029304,15.017876967967549,195.01787696796754,7.370163479620403,7.370163479620403,13.195118738720915,13.195118738720915,0.714243418663506,0.714243418663506,0.6071916354764336,0.12607249405095927,0.04657532706986583,505.19957249912477,23.52983532470313,1.3379714921511712,
27,17,3.468821,0.7845,,,,,,,,,,,,,,,,,nan_exist
28,17,3.228098,0.722842,0.009165,0.7466093401556281,9.01926274414324,189.01926274414325,19.561217773298292,19.561217773298292,29.952506188859143,29.952506188859143,0.610867956239039,0.610867956239039,0.8393826444034906,0.1676035771592811,0.12636972667068186,448.1504404417102,56.63264866596461,1.0875494215992934,
29,17,2.532443,0.544658,,,,,,,,,,,,,,,,,nan_exist
30,17,1.933915,0.391352,0.004942,0.40259065565184,5.020186594927044,185.02018659492705,21.02679695403313,21.02679695403313,19.320528383316713,19.320528383316713,0.366569176877059,0.366569176877059,0.8280476859044161,0.1715986427212677,0.1379096995395569,265.8007125863119,36.65649641017839,0.6365117116003708,
31,17,1.636829,0.315257,,,,,,,,,,,,,,,,,nan_exist
32,17,1.577336,0.300019,,,,,,,,,,,,,,,,,nan_exist
33,17,1.408039,0.256655,0.002643,0.2153069815637016,9.01926274414324,189.01926274414325,4.362905742630077,4.362905742630077,2.4368824133793887,2.4368824133793887,0.22282751093258016,0.22282751093258016,0.24725447110945908,0.0800118117565814,0.018929549075334076,197.56592653435246,3.7398339019458717,0.5384058128677961,
34,17,1.36384,0.245334,0.002575,0.2097674905510902,9.01926274414324,189.01926274414325,4.708077625710531,4.708077625710531,4.031669876516249,4.031669876516249,0.3416263923899128,0.3416263923899128,0.4236823838980084,0.13537110241738168,0.03755674707106792,185.23929561845623,6.956985373165139,0.49522863957025304,
35,17,1.639329,0.315897,,,,,,,,,,,,,,,,,nan_exist
36,17,1.928557,0.38998,,,,,,,,,,,,,,,,,nan_exist
37,17,1.83574,0.366206,,,,,,,,,,,,,,,,,nan_exist
38,17,1.876356,0.376609,0.00347,0.2826769678494303,181.0626837309819,1.0626837309818882,25.04671538893754,25.04671538893754,25.17932485997535,25.17932485997535,0.40105447451379994,0.40105447451379994,0.8932779451484099,0.18798825983901424,0.1793768338469361,269.4325305334745,48.32995426246259,0.6141738229750331,
39,17,1.907179,0.384504,0.004558,0.3713088240512114,181.0626837309819,1.0626837309818882,20.17649437270682,20.17649437270682,31.86127982083668,31.86127982083668,0.6299811747984787,0.6299811747984787,0.9381260201441965,0.27618805575961775,0.2174891226685392,281.587217906417,61.242156977141406,0.6120696136924322,
40,17,1.956746,0.3972,,,,,,,,,,,,,,,,,nan_exist
41,17,2.062823,0.42437,,,,,,,,,,,,,,,,,nan_exist
42,17,2.089423,0.431184,,,,,,,,,,,,,,,,,nan_exist
43,17,1.893919,0.381108,,,,,,,,,,,,,,,,,nan_exist
44,17,1.818036,0.361671,,,,,,,,,,,,,,,,,nan_exist
45,17,1.517328,0.284648,0.003421,0.2786852757962251,178.97999908583176,358.97999908583176,21.835289053921464,21.835289053921464,20.04502924260775,20.04502924260775,0.3662332867227681,0.3662332867227681,0.8952039761068384,0.23295813028068674,0.19586426677028618,196.47174194213747,38.48179367657764,0.4388609674043329,
46,17,1.23005,0.211066,0.002574,0.2096860274479636,178.97999908583176,358.97999908583176,24.61994582891,24.61994582891,13.2817923326049,13.2817923326049,0.21521852882250028,0.21521852882250028,0.8322110203063681,0.1675480527606151,0.15644251891540548,162.1939466099201,25.37402956048669,0.380055325137315,
47,17,1.247929,0.215645,0.001186,0.0966152403081914,178.97999908583176,358.97999908583176,25.837652080981115,25.837652080981115,11.874914832835255,11.874914832835255,0.1833527902665452,0.1833527902665452,0.7765822951375126,0.1417183329397021,0.138263595360715,163.46576730775251,22.60136470636789,0.39129000722606844,
48,17,1.147641,0.189957,0.00087,0.0708728997201741,176.98046101122364,356.9804610112236,27.640180342611412,27.640180342611412,11.715430518356062,11.715430518356062,0.16909370738338433,0.16909370738338433,0.7540831859445399,0.13960730315234307,0.14672571188907807,152.47741398960866,22.372357114631,0.3614029357638268,
49,17,1.092178,0.175751,0.001288,0.1049244768271084,345.0248058488461,165.02480584884609,6.97062940036459,6.97062940036459,4.244830045180014,4.244830045180014,0.24293963728039508,0.24293963728039508,0.4557794113619784,0.14835727917443667,0.05390159413260439,142.67181326690138,7.69023817287524,0.37494881970562816,
50,17,1.055369,0.166323,0.003109,0.2532687876207144,343.02526777423793,163.02526777423793,8.791318483265798,8.791318483265798,4.163780875285033,4.163780875285033,0.1889487044110608,0.1889487044110608,0.43934553927970377,0.13038326076445025,0.05431420093949519,138.80706594236952,7.539194871415617,0.36463297519709414,
51,17,1.073325,0.170922,0.002439,0.1986885085258676,176.98046101122364,356.9804610112236,26.366279944688966,26.366279944688966,9.582849972435708,9.582849972435708,0.14499595804824134,0.14499595804824134,0.7252113920724106,0.12718230169974118,0.12625574566668035,143.9864819855964,18.179120649013512,0.34946489260161917,
52,17,1.183047,0.199026,0.003889,0.3168100080594913,176.98046101122364,356.9804610112236,21.30245115187745,21.30245115187745,13.824428295636695,13.824428295636695,0.2588973874502385,0.2588973874502385,0.8541645327383167,0.20850563292944455,0.17079148489477844,154.71717331996274,26.424375770039234,0.35636888208312084,
53,17,1.244028,0.214646,0.004446,0.3621849565010281,174.98092293661554,354.98092293661557,20.41130584634518,20.41130584634518,14.627736996842842,14.627736996842842,0.28590149001553505,0.28590149001553505,0.8640603064565445,0.22017741812397043,0.17397537627340431,160.73600302140602,27.964106606332166,0.36881082337520515,
54,17,1.405238,0.255938,0.003696,0.3010876291560503,176.98046101122364,356.9804610112236,16.75861378561612,16.75861378561612,18.061080051697356,18.061080051697356,0.4299477602688885,0.4299477602688885,0.8998353691427556,0.2931226695247983,0.19841063287254537,173.9000674450383,34.50362243834837,0.3872123472408054,
55,17,1.453916,0.268406,0.002836,0.2310293604671425,174.98092293661554,354.98092293661557,16.193289090717556,16.193289090717556,19.380064148376725,19.380064148376725,0.47745253866377196,0.47745253866377196,0.8843110212550438,0.31677006177965195,0.20936484995360732,177.0804870503253,37.07442960100306,0.3889057151370062,
56,17,1.352311,0.242381,0.003898,0.317543175987631,172.98138486200742,352.9813848620074,15.155446487330625,15.155446487330625,18.529400930835685,18.529400930835685,0.48775609930064306,0.48775609930064306,0.8748011202895851,0.3401621771333498,0.21442325278084964,165.3879652350098,35.46302547649688,0.3609026104403137,
57,17,1.287675,0.225825,0.003077,0.250661968320662,174.98092293661554,354.98092293661557,14.715471330441698,14.715471330441698,17.784465966513235,17.784465966513235,0.4821439455850238,0.4821439455850238,0.8854914646025163,0.3494131289074372,0.21542075752583428,157.71119967270423,33.97426610380205,0.3437137043580616,
58,17,1.281897,0.224345,0.003446,0.2807218533743911,174.98092293661554,354.98092293661557,16.325730273199312,16.325730273199312,16.984380295984224,16.984380295984224,0.4150373240949835,0.4150373240949835,0.8802693295791105,0.3087607666434301,0.20520233297123494,158.28290339413752,32.48002104593762,0.34945245096722194,
0,18,0.428379,0.005727,,,,,,,,,,,,,,,,,nan_exist
1,18,0.426634,0.00528,,,,,,,,,,,,,,,,,nan_exist
2,18,0.424999,0.004861,,,,,,,,,,,,,,,,,nan_exist
3,18,0.427207,0.005427,,,,,,,,,,,,,,,,,nan_exist
4,18,0.430085,0.006164,,,,,,,,,,,,,,,,,nan_exist
5,18,0.434335,0.007253,,,,,,,,,,,,,,,,,nan_exist
6,18,0.434215,0.007222,,,,,,,,,,,,,,,,,nan_exist
7,18,0.437753,0.008128,,,,,,,,,,,,,,,,,nan_exist
8,18,0.442947,0.009458,,,,,,,,,,,,,,,,,nan_exist
9,18,0.481156,0.019245,,,,,,,,,,,,,,,,,nan_exist
10,18,0.530086,0.031778,,,,,,,,,,,,,,,,,nan_exist
11,18,0.610002,0.052247,0.000116,0.0094497199626898,337.02665355041364,157.02665355041364,10.467510280845286,10.467510280845286,0.7953638381047861,0.7953638381047861,0.0303132506975418,0.0303132506975418,0.13953338231822154,0.033662456580683876,0.011698106323696028,92.23093620078039,1.078927298010754,0.25320002472991565,
12,18,1.144085,0.189047,0.000405,0.0329925567662879,19.016953117183746,199.01695311718373,7.611415022272342,7.611415022272342,10.66055712928348,10.66055712928348,0.5587590427090404,0.5587590427090404,0.9354210420397326,0.33151483688841726,0.13476725250930635,152.388961847097,20.537041700878774,0.36625533373949504,
13,18,1.988542,0.405344,,,,,,,,,,,,,,,,,nan_exist
14,18,2.568492,0.553892,,,,,,,,,,,,,,,,,nan_exist
15,18,2.923977,0.644945,0.001369,0.111522988180366,19.016953117183746,199.01695311718373,9.605536854244065,9.605536854244065,13.486587897407553,13.486587897407553,0.5601321625504873,0.5601321625504873,0.2780367026696564,0.14131118828600775,0.06301734297454023,393.01829507856587,24.76696869623504,1.0229203510620302,
16,18,3.54225,0.803308,,,,,,,,,,,,,,,,,nan_exist
17,18,3.632813,0.826505,0.00949,0.7730848486717852,339.02619162502174,159.02619162502174,10.587004709885466,10.587004709885466,21.256303137999048,21.256303137999048,0.8009855742162232,0.8009855742162232,0.13550994294015262,0.1871446749672148,0.09101074793411455,440.2029130917941,40.063196363260204,1.1114992131348163,
18,18,3.721642,0.849257,,,,,,,,,,,,,,,,,nan_exist
19,18,4.104888,0.947422,,,,,,,,,,,,,,,,,nan_exist
20,18,4.506434,1.0,0.017077,1.0,11.018800818751352,191.01880081875134,19.421907351684297,19.421907351684297,51.670968316157904,51.670968316157904,1.061365063550803,1.061365063550803,0.7190034750990132,0.24233109176968318,0.18435931729159835,537.5392669077125,99.10037226453215,1.2178858184532788,
21,18,4.695514,1.0,,,,,,,,,,,,,,,,,nan_exist
22,18,4.329849,1.0,0.01262,1.0,7.019724669535155,187.01972466953515,18.91364072347991,18.91364072347991,54.04825070469534,54.04825070469534,1.1400307694896457,1.1400307694896457,0.8393609110590203,0.25937662074639695,0.19311937536740292,536.2837369625149,103.5667803018975,1.2019915462794928,
23,18,4.004088,0.921603,0.011881,0.967863128247574,7.019724669535155,187.01972466953515,18.81195807059426,18.81195807059426,43.85637122396611,43.85637122396611,0.9300552701937909,0.9300552701937909,0.7582561108054242,0.221282319315906,0.16312832145787504,512.4636963219982,83.59734258910578,1.1912954270358123,
24,18,3.838263,0.879129,0.008175,0.6659608680602574,9.01926274414324,189.01926274414325,22.598443268408055,22.598443268408055,24.10447180063778,24.10447180063778,0.4255289992236657,0.4255289992236657,0.6232645957617737,0.10561924179392806,0.0886150797299406,506.2443522933422,44.86088364130666,1.2816207462556544,
25,18,3.61155,0.821059,,,,,,,,,,,,,,,,,nan_exist
26,18,3.621767,0.823676,0.008145,0.6635169749664583,13.018338893359438,193.01833889335944,6.459148954397288,6.459148954397288,12.583981018002381,12.583981018002381,0.7772358431883635,0.7772358431883635,0.6103154999884146,0.13114532520025401,0.04461677224894242,499.8811778633597,22.3030846642626,1.3266058144419364,
27,18,3.403033,0.76765,,,,,,,,,,,,,,,,,nan_exist
28,18,3.108145,0.692118,,,,,,,,,,,,,,,,,nan_exist
29,18,2.595608,0.560837,,,,,,,,,,,,,,,,,nan_exist
30,18,1.975717,0.402059,,,,,,,,,,,,,,,,,nan_exist
31,18,1.730471,0.339243,0.003543,0.2886237743776749,178.97999908583176,358.97999908583176,36.797888000358824,36.797888000358824,17.07327692834738,17.07327692834738,0.18509899349804138,0.18509899349804138,0.6559415528763028,0.08827455224806212,0.13650020621308032,239.0487825818598,32.630208117409666,0.573384929067917,
32,18,1.639302,0.315891,,,,,,,,,,,,,,,,,nan_exist
33,18,1.498469,0.279818,0.003045,0.2480551490206096,9.01926274414324,189.01926274414325,4.473060663823662,4.473060663823662,2.372228709538782,2.372228709538782,0.21157377512697606,0.21157377512697606,0.10784158542616407,0.07351958671843128,0.017230552242411806,206.4663660244887,3.5575295060858707,0.5636356569955634,
34,18,1.441878,0.265323,0.004172,0.3398640662443296,9.01926274414324,189.01926274414325,4.443163765980672,4.443163765980672,3.565716976664491,3.565716976664491,0.32015818836753235,0.32015818836753235,0.40943890309501263,0.1155317215705805,0.030148145985285323,198.199787362363,5.975356123653029,0.533956753440861,
35,18,1.734868,0.340369,,,,,,,,,,,,,,,,,nan_exist
36,18,1.924342,0.3889,,,,,,,,,,,,,,,,,nan_exist
37,18,1.756571,0.345928,,,,,,,,,,,,,,,,,nan_exist
38,18,1.884191,0.378616,,,,,,,,,,,,,,,,,nan_exist
39,18,1.851143,0.370151,0.003058,0.2491141693612559,181.0626837309819,1.0626837309818882,20.426876150099513,20.426876150099513,31.06741176334993,31.06741176334993,0.6067547482036668,0.6067547482036668,0.9355758457525254,0.27604863951680425,0.2197278193131765,271.90966153549516,59.74611697937826,0.589343179322547,
40,18,1.874377,0.376102,0.002311,0.1882612313256581,178.97999908583176,358.97999908583176,18.662188909553738,18.662188909553738,32.98572716944313,32.98572716944313,0.7051370705469842,0.7051370705469842,0.9441539934488175,0.301978020912749,0.2231292299785613,283.8744538233948,63.340688292198735,0.6125937931422113,
41,18,1.970126,0.400627,,,,,,,,,,,,,,,,,nan_exist
42,18,2.066107,0.425212,0.002216,0.1805222365286276,181.0626837309819,1.0626837309818882,18.83315767469673,18.83315767469673,36.09627059952314,36.09627059952314,0.7646263444344492,0.7646263444344492,0.9510154240989285,0.30556245793869546,0.2275731018900273,304.78291258136795,69.36039281921893,0.6539514437837473,
43,18,1.900227,0.382723,,,,,,,,,,,,,,,,,nan_exist
44,18,1.866943,0.374198,0.003249,0.2646736220584436,183.06222180558999,3.062221805589985,21.742276954987517,21.742276954987517,28.32766713831884,28.32766713831884,0.5197755575467111,0.5197755575467111,0.9139006318061603,0.2690247276437821,0.22628356576049122,241.24772888939714,54.590396324713055,0.5184925904574558,
45,18,1.443392,0.26571,0.001235,0.1006069323613966,181.0626837309819,1.0626837309818882,21.45821813041273,21.45821813041273,19.018005351524504,19.018005351524504,0.3535748577777136,0.3535748577777136,0.8955883725227147,0.23423847285330565,0.19386396734751113,188.21367080280237,36.48784893086969,0.4214606163109241,
46,18,1.247959,0.215653,0.001717,0.1398721480684357,178.97999908583176,358.97999908583176,25.45716249129427,25.45716249129427,12.116085940404567,12.116085940404567,0.1898726519995194,0.1898726519995194,0.7851480922825376,0.14583918600243753,0.14021904487807765,164.51041998455287,23.067493962725422,0.39289701672729843,
47,18,1.210175,0.205975,0.000796,0.064844630088803,178.97999908583176,358.97999908583176,25.42507641817578,25.42507641817578,11.863297647758447,11.863297647758447,0.1861457931860674,0.1861457931860674,0.7685485636775743,0.14854749922892324,0.14274035938486532,158.33684540620982,22.60105821714825,0.3770438533029488,
48,18,1.128385,0.185025,0.002226,0.1813368675598939,176.98046101122364,356.9804610112236,26.843137224819714,26.843137224819714,10.94219597926097,10.94219597926097,0.1626227433852072,0.1626227433852072,0.7135403830102914,0.13732905446175642,0.13952819463671248,149.41365530581902,20.847417578892987,0.3571284381303501,
49,18,1.137915,0.187466,0.002816,0.2294000984046098,343.02526777423793,163.02526777423793,7.939036918233398,7.939036918233398,4.076245843233114,4.076245843233114,0.20483426754716993,0.20483426754716993,0.42430125042781175,0.1262562370033063,0.04908245428791482,149.1788364310297,7.322063419850338,0.39404659169772044,
50,18,1.058375,0.167093,0.002137,0.1740866513816232,343.02526777423793,163.02526777423793,8.291066960306772,8.291066960306772,3.851656426249509,3.851656426249509,0.1853306221463634,0.1853306221463634,0.4331058812317691,0.12326871093426146,0.049143253517768735,140.68998318370853,6.9139635110076085,0.37160005464639145,
51,18,1.070203,0.170123,0.000954,0.0777158003828117,176.98046101122364,356.9804610112236,27.987116018126386,27.987116018126386,9.761073402632027,9.761073402632027,0.13913919818997078,0.13913919818997078,0.7236211192496087,0.12185023400213543,0.12919678702529297,143.5890213883459,18.551240215480362,0.34732716992462653,
52,18,1.185229,0.199585,0.001985,0.1617042597063744,176.98046101122364,356.9804610112236,23.72199172835152,23.72199172835152,11.56795094000322,11.56795094000322,0.19454288579239304,0.19454288579239304,0.7883742582428532,0.16023833246965427,0.14389455004034377,153.04721303350146,22.02265985438433,0.3639570921642143,
53,18,1.213194,0.206748,0.003984,0.3245490028565218,174.98092293661554,354.98092293661557,20.512104714507952,20.512104714507952,14.283260298836991,14.283260298836991,0.27779676998016767,0.27779676998016767,0.856555814678981,0.22069134646056682,0.17515419652820513,155.94094001407404,27.313710054018173,0.3572978610001552,
54,18,1.389834,0.251992,0.004442,0.3618591040885215,174.98092293661554,354.98092293661557,16.413315427465097,16.413315427465097,18.219890492054105,18.219890492054105,0.44285291985563435,0.44285291985563435,0.9076488448491482,0.3051468304305829,0.20357191557137014,171.14024205162633,34.83934690579753,0.37861359762730223,
55,18,1.456205,0.268992,0.005222,0.4254003245272984,172.98138486200742,352.9813848620074,16.854549545457992,16.854549545457992,19.5368352599593,19.5368352599593,0.46243120229431744,0.46243120229431744,0.9020723809484158,0.3079878613264587,0.2099923252615387,178.31596571131695,37.44498427097625,0.3913082817787242,
56,18,1.411363,0.257507,0.004083,0.3326138500660588,172.98138486200742,352.9813848620074,15.968276058766607,15.968276058766607,19.150943312334366,19.150943312334366,0.478456219615943,0.478456219615943,0.8737085880210784,0.32607229515361286,0.21356684091688613,171.771860439757,36.68477359253515,0.37524190790894957,
57,18,1.334926,0.237928,0.004173,0.3399455293474561,172.98138486200742,352.9813848620074,14.976203037969949,14.976203037969949,19.018847760487272,19.018847760487272,0.5066319197823164,0.5066319197823164,0.8890392446456986,0.3571233306283459,0.2234448308352921,163.0331546187295,36.42891565432603,0.3516784415677874,
58,18,1.282528,0.224507,0.004371,0.3560752237665303,174.98092293661554,354.98092293661557,15.678687103870075,15.678687103870075,16.85989012022956,16.85989012022956,0.42899784703412525,0.42899784703412525,0.8796680923069543,0.31485155339816323,0.20295678355005053,158.67480200630217,32.2041274456402,0.35130742933517217,
0,19,0.421569,0.003982,,,,,,,,,,,,,,,,,nan_exist
1,19,0.42225,0.004157,,,,,,,,,,,,,,,,,nan_exist
2,19,0.420995,0.003835,,,,,,,,,,,,,,,,,nan_exist
3,19,0.424989,0.004859,,,,,,,,,,,,,,,,,nan_exist
4,19,0.42567,0.005033,,,,,,,,,,,,,,,,,nan_exist
5,19,0.428178,0.005675,,,,,,,,,,,,,,,,,nan_exist
6,19,0.433142,0.006947,,,,,,,,,,,,,,,,,nan_exist
7,19,0.432891,0.006883,,,,,,,,,,,,,,,,,nan_exist
8,19,0.443518,0.009605,,,,,,,,,,,,,,,,,nan_exist
9,19,0.479682,0.018868,,,,,,,,,,,,,,,,,nan_exist
10,19,0.538673,0.033977,,,,,,,,,,,,,,,,,nan_exist
11,19,0.719033,0.080175,,,,,,,,,,,,,,,,,nan_exist
12,19,1.503875,0.281202,,,,,,,,,,,,,,,,,nan_exist
13,19,2.248233,0.471861,,,,,,,,,,,,,,,,,nan_exist
14,19,2.825793,0.619796,,,,,,,,,,,,,,,,,nan_exist
15,19,3.180085,0.710544,0.001752,0.142723356677868,19.016953117183746,199.01695311718373,8.606001288787914,8.606001288787914,15.100081889526905,15.100081889526905,0.6999837556502015,0.6999837556502015,0.5625777685670783,0.1561289704463537,0.0654240814894679,425.8965002348628,27.86388733744485,1.105646146937272,
16,19,3.80478,0.870552,0.005375,0.4378641793056738,21.016491191791857,201.01649119179186,10.745980220412498,10.745980220412498,16.81139881137398,16.81139881137398,0.6241196839174922,0.6241196839174922,0.24261019600754097,0.1351122999654671,0.0648001415873432,477.6893021661658,30.95433441512671,1.2409304659751086,
17,19,3.809832,0.871846,0.010226,0.83304169257299,341.0257296996299,161.0257296996299,7.655389723014939,7.655389723014939,15.398540308195937,15.398540308195937,0.8024580077140352,0.8024580077140352,0.24202617985127406,0.15525592797489196,0.06037841767291904,468.31428844538107,28.2760757099511,1.2223283687095277,
18,19,3.688749,0.840832,,,,,,,,,,,,,,,,,nan_exist
19,19,3.966403,0.91195,,,,,,,,,,,,,,,,,nan_exist
20,19,4.365544,1.0,0.018781,1.0,13.018338893359438,193.01833889335944,19.73850686530691,19.73850686530691,47.98244693847194,47.98244693847194,0.9697910247973106,0.9697910247973106,0.6180917594751689,0.2274763557519601,0.17523377640140717,525.011188345703,91.99969318680797,1.2028097087747083,
21,19,4.691258,1.0,0.015011,1.0,11.018800818751352,191.01880081875134,19.30977293349234,19.30977293349234,56.506042987108735,56.506042987108735,1.1674217880956466,1.1674217880956466,0.8214754858489307,0.2536069221350113,0.19227645223804013,564.2782343880706,108.49741698328347,1.2660578261244086,
22,19,4.396218,1.0,,,,,,,,,,,,,,,,,nan_exist
23,19,4.10064,0.946333,,,,,,,,,,,,,,,,,nan_exist
24,19,3.923484,0.900957,,,,,,,,,,,,,,,,,nan_exist
25,19,3.793059,0.86755,0.00655,0.5335833254794724,11.018800818751352,191.01880081875134,5.198756770641985,5.198756770641985,9.052673386802539,9.052673386802539,0.6946841954705237,0.6946841954705237,0.41182066180761256,0.10445464887800629,0.029777479349112082,510.3787368428309,15.197792296563307,1.3755026237396322,
26,19,3.869897,0.887231,0.005512,0.4490246244340232,11.018800818751352,191.01880081875134,5.2055197451235555,5.2055197451235555,11.261970107910747,11.261970107910747,0.8630984525361822,0.8630984525361822,0.4848366434204199,0.12948952048799783,0.03828430901099115,511.7959077390417,19.593752682442187,1.3672282084905543,
27,19,3.628508,0.825402,,,,,,,,,,,,,,,,,nan_exist
28,19,3.185647,0.711969,0.007997,0.6514604357037161,13.018338893359438,193.01833889335944,6.622216377850305,6.622216377850305,13.923816502020838,13.923816502020838,0.8388126860044528,0.8388126860044528,0.6448612157998861,0.1658426629264942,0.05877922224274965,431.1363537982917,25.34185955683853,1.127206928448481,
29,19,2.422595,0.516522,0.005472,0.4457661003089577,11.018800818751352,191.01880081875134,20.59271225972415,20.59271225972415,27.56424797528467,27.56424797528467,0.5340017286755381,0.5340017286755381,0.8533193450092202,0.19907579919531335,0.15822308529976692,332.7431792253582,52.64765242948948,0.7780431299885241,
30,19,1.513096,0.283564,,,,,,,,,,,,,,,,,nan_exist
31,19,1.492436,0.278273,0.003634,0.2960369167621988,343.02526777423793,163.02526777423793,8.208847784077781,8.208847784077781,4.500826703862811,4.500826703862811,0.21873594396688112,0.21873594396688112,0.31773337904842425,0.09981268021404915,0.03847408588602554,204.25113730410717,7.858375798956615,0.5455354486254183,
32,19,1.657897,0.320654,,,,,,,,,,,,,,,,,nan_exist
33,19,1.606019,0.307365,,,,,,,,,,,,,,,,,nan_exist
34,19,1.525731,0.286801,,,,,,,,,,,,,,,,,nan_exist
35,19,1.821107,0.362458,,,,,,,,,,,,,,,,,nan_exist
36,19,1.958639,0.397685,,,,,,,,,,,,,,,,,nan_exist
37,19,1.725545,0.337981,0.002367,0.1928231651007498,7.019724669535155,187.01972466953515,24.627844059494333,24.627844059494333,18.34227585385031,18.34227585385031,0.2971234241702205,0.2971234241702205,0.8477315111934108,0.1523611355681728,0.1418540031375159,246.31199369460322,34.94034232636204,0.5871434760228922,
38,19,1.878842,0.377246,,,,,,,,,,,,,,,,,nan_exist
39,19,1.811939,0.36011,0.003112,0.2535131769300943,181.0626837309819,1.0626837309818882,20.31747056266966,20.31747056266966,28.420161186717483,28.420161186717483,0.5580420987067781,0.5580420987067781,0.9252737495395741,0.26336588948162104,0.2083639929751757,261.9241207153434,54.57555564876088,0.5759682362960625,
40,19,1.827241,0.364029,0.002928,0.2385239659547931,181.0626837309819,1.0626837309818882,20.386999360174364,20.386999360174364,30.309178196235475,30.309178196235475,0.5931040882024213,0.5931040882024213,0.9177864728449305,0.26994913195640946,0.2143673382162846,271.7279035450342,58.249587402040305,0.5929953226194276,
41,19,1.919082,0.387553,0.003572,0.2909862043683474,183.06222180558999,3.062221805589985,20.95100125900572,20.95100125900572,30.625180870183836,30.625180870183836,0.583154921476879,0.583154921476879,0.921098635150627,0.2573007025867552,0.2090414907237351,281.57441749088684,58.860735981962335,0.618649115302568,
42,19,1.958171,0.397565,,,,,,,,,,,,,,,,,nan_exist
43,19,1.870205,0.375034,,,,,,,,,,,,,,,,,nan_exist
44,19,1.688848,0.328581,0.003191,0.2599487620770986,183.06222180558999,3.062221805589985,22.01453940477413,22.01453940477413,24.899254035602674,24.899254035602674,0.45121839719725104,0.45121839719725104,0.9015610123533829,0.2574095391949933,0.218728799715975,219.2410118564489,47.95432337187691,0.47579635690158883,
45,19,1.343002,0.239997,0.001577,0.1284673136307065,178.97999908583176,358.97999908583176,22.64672432553201,22.64672432553201,17.340081151658172,17.340081151658172,0.3054610202142735,0.3054610202142735,0.877069466123093,0.21569731680839738,0.18717228682551326,177.74075990073402,33.26814449272487,0.40131282057780315,
46,19,1.233009,0.211823,0.000935,0.0761680014234055,176.98046101122364,356.9804610112236,24.829529732303264,24.829529732303264,12.01893182206102,12.01893182206102,0.19311119142318062,0.19311119142318062,0.7848883992107925,0.14945204261949194,0.14014614972626102,163.22505412909302,22.87536287505293,0.3898602534834447,
47,19,1.184238,0.199331,0.00232,0.1889943992537978,176.98046101122364,356.9804610112236,24.33202867930751,24.33202867930751,10.879759271811341,10.879759271811341,0.17838200140731447,0.17838200140731447,0.7654796949548445,0.142652288524779,0.1307636367356729,157.87029733709568,20.643694212340648,0.3811850086798751,
48,19,1.125074,0.184177,0.002681,0.2184025794825137,345.0248058488461,165.02480584884609,7.927909493233789,7.927909493233789,5.462977052280607,5.462977052280607,0.2749038097467661,0.2749038097467661,0.5461726386314224,0.17309696384740136,0.069067155247754,145.91392003481798,10.077859367853137,0.377322390741569,
49,19,1.06781,0.16951,0.002169,0.1766934706816756,345.0248058488461,165.02480584884609,7.040462081664395,7.040462081664395,4.223036526404553,4.223036526404553,0.23929506366492584,0.23929506366492584,0.5074255634980845,0.14837696227526453,0.054242917697157896,141.10063072453408,7.653709899407971,0.37068589118090584,
50,19,1.057525,0.166875,0.002585,0.2105821215823566,343.02526777423793,163.02526777423793,8.505350208329405,8.505350208329405,3.842641504459285,3.842641504459285,0.1802385706649562,0.1802385706649562,0.4329829457791877,0.12197330345416466,0.04937722354657288,139.69586389660037,6.897793900154056,0.36888352776790645,
51,19,1.122569,0.183535,0.002828,0.2303776556421294,176.98046101122364,356.9804610112236,29.752784849188213,29.752784849188213,11.170764252510752,11.170764252510752,0.14978396769622182,0.14978396769622182,0.7481699622166572,0.12500892396043475,0.14294558603716334,149.2407991904115,21.333313500927986,0.35529857135967646,
52,19,1.246138,0.215186,0.002993,0.2438190676580245,176.98046101122364,356.9804610112236,25.72021651878324,25.72021651878324,12.945363631466206,12.945363631466206,0.20079352302463502,0.20079352302463502,0.7884575841025684,0.15822481483749287,0.15430409344152687,160.32765523452127,24.739213494568475,0.3766345603887578,
53,19,1.281736,0.224304,0.003129,0.2548980496832471,174.98092293661554,354.98092293661557,22.413941170225367,22.413941170225367,15.52991107267381,15.52991107267381,0.2764144909059586,0.2764144909059586,0.8578595135715722,0.21155040158854704,0.18174015612917344,163.84250214440232,29.77676192031811,0.37240483395578944,
54,19,1.357083,0.243604,0.004985,0.4060935690862854,174.98092293661554,354.98092293661557,17.201212494549225,17.201212494549225,17.096752860342285,17.096752860342285,0.39651958114731783,0.39651958114731783,0.8873409008306877,0.2789522036210456,0.1925519621220911,169.68952030159215,32.67405008562798,0.38059852837767827,
55,19,1.373481,0.247804,0.004035,0.3287036211159803,174.98092293661554,354.98092293661557,15.448296191634268,15.448296191634268,17.258576169607302,17.258576169607302,0.44569159266337066,0.44569159266337066,0.8801888139391932,0.3043841304595165,0.19379897283956052,169.83152530469107,32.91317515982496,0.3803287504024058,
56,19,1.430876,0.262505,0.004988,0.4063379583956654,174.98092293661554,354.98092293661557,15.15806301959667,15.15806301959667,19.53525859584267,19.53525859584267,0.5141448879307097,0.5141448879307097,0.8867264266005388,0.3429785012859375,0.21606968725894302,172.84667043856834,37.34692602541105,0.3763881789254369,
57,19,1.366455,0.246004,0.004905,0.3995765208361544,172.98138486200742,352.9813848620074,14.708569859596802,14.708569859596802,18.891765092766494,18.891765092766494,0.512403579604241,0.512403579604241,0.8937835536451986,0.3502168254205847,0.21608499038204537,167.263342617756,36.143097780826565,0.364222902324804,
58,19,1.264499,0.219889,0.003711,0.3023095757029499,174.98092293661554,354.98092293661557,14.78445854731901,14.78445854731901,15.80299699046942,15.80299699046942,0.42642641503419104,0.42642641503419104,0.8862247621234577,0.30922200765423646,0.19056713612503073,157.91316119949073,30.093058886237273,0.3550558397590374,
0,20,0.427806,0.00558,,,,,,,,,,,,,,,,,nan_exist
1,20,0.426384,0.005216,,,,,,,,,,,,,,,,,nan_exist
2,20,0.425614,0.005019,,,,,,,,,,,,,,,,,nan_exist
3,20,0.428038,0.005639,,,,,,,,,,,,,,,,,nan_exist
4,20,0.425644,0.005026,,,,,,,,,,,,,,,,,nan_exist
5,20,0.430406,0.006246,,,,,,,,,,,,,,,,,nan_exist
6,20,0.434385,0.007265,,,,,,,,,,,,,,,,,nan_exist
7,20,0.431162,0.00644,,,,,,,,,,,,,,,,,nan_exist
8,20,0.456485,0.012926,,,,,,,,,,,,,,,,,nan_exist
9,20,0.502407,0.024688,,,,,,,,,,,,,,,,,nan_exist
10,20,0.567313,0.041313,,,,,,,,,,,,,,,,,nan_exist
11,20,1.005097,0.153446,,,,,,,,,,,,,,,,,nan_exist
12,20,1.909827,0.385182,,,,,,,,,,,,,,,,,nan_exist
13,20,2.650285,0.574842,,,,,,,,,,,,,,,,,nan_exist
14,20,3.067917,0.681813,,,,,,,,,,,,,,,,,nan_exist
15,20,3.379444,0.761608,,,,,,,,,,,,,,,,,nan_exist
16,20,3.891625,0.892797,,,,,,,,,,,,,,,,,nan_exist
17,20,4.052434,0.933986,,,,,,,,,,,,,,,,,nan_exist
18,20,3.786519,0.865875,,,,,,,,,,,,,,,,,nan_exist
19,20,3.822593,0.875115,,,,,,,,,,,,,,,,,nan_exist
20,20,4.072016,0.939002,,,,,,,,,,,,,,,,,nan_exist
21,20,4.433953,1.0,,,,,,,,,,,,,,,,,nan_exist
22,20,4.414715,1.0,0.011774,0.959146576213024,9.01926274414324,189.01926274414325,22.038173700618806,22.038173700618806,46.147905195870884,46.147905195870884,0.8353845824381044,0.8353845824381044,0.8155109727275484,0.19429118807477724,0.16394652431380008,538.3483248595376,88.26033673087773,1.2502444114684996,
23,20,4.111996,0.949242,,,,,,,,,,,,,,,,,nan_exist
24,20,3.951568,0.90815,,,,,,,,,,,,,,,,,nan_exist
25,20,3.820547,0.874591,0.005812,0.4734635553720142,11.018800818751352,191.01880081875134,5.275621484051075,5.275621484051075,9.601783556005543,9.601783556005543,0.7260864789739234,0.7260864789739234,0.3796464676386875,0.10934714450349188,0.03172327614219559,512.8908924276394,16.27057941129914,1.379500869489834,
26,20,3.851208,0.882444,,,,,,,,,,,,,,,,,nan_exist
27,20,3.501098,0.792768,,,,,,,,,,,,,,,,,nan_exist
28,20,3.062195,0.680348,,,,,,,,,,,,,,,,,nan_exist
29,20,2.290259,0.482626,,,,,,,,,,,,,,,,,nan_exist
30,20,1.419459,0.25958,,,,,,,,,,,,,,,,,nan_exist
31,20,1.485036,0.276377,0.003734,0.3041832270748625,9.01926274414324,189.01926274414325,4.339877946099296,4.339877946099296,2.137506987003196,2.137506987003196,0.19648983735487294,0.19648983735487294,0.15972890733995415,0.067124769112011,0.01492482295029363,207.16936523134473,3.091966096802537,0.5668816642626172,
32,20,1.815613,0.361051,0.004058,0.3305772724878929,181.0626837309819,1.0626837309818882,31.843822955634,31.843822955634,15.312260741462959,15.312260741462959,0.19183338089812413,0.19183338089812413,0.7123048039758232,0.09208906904340776,0.11367959424027459,254.98059698229602,28.986090804090395,0.6277625171616823,
33,20,1.789551,0.354375,0.002885,0.2350210525203477,9.01926274414324,189.01926274414325,4.416635764998564,4.416635764998564,3.086060172089578,3.086060172089578,0.2787551312848308,0.2787551312848308,0.14795973200997414,0.08143729423913464,0.019523723428770137,244.17237354505295,4.767153890039964,0.6650144990417027,
34,20,1.502237,0.280783,0.003965,0.3230012038971157,7.019724669535155,187.01972466953515,3.3173685951404353,3.3173685951404353,2.9979094319993873,2.9979094319993873,0.36052455159513835,0.36052455159513835,0.14262373738617506,0.11323819866759992,0.024242550662514642,199.12741923022807,4.827356548984596,0.5397223963367874,
35,20,1.732674,0.339807,,,,,,,,,,,,,,,,,nan_exist
36,20,1.888737,0.37978,,,,,,,,,,,,,,,,,nan_exist
37,20,1.699065,0.331198,,,,,,,,,,,,,,,,,nan_exist
38,20,1.795901,0.356002,,,,,,,,,,,,,,,,,nan_exist
39,20,1.779377,0.351769,,,,,,,,,,,,,,,,,nan_exist
40,20,1.818364,0.361755,,,,,,,,,,,,,,,,,nan_exist
41,20,1.939919,0.39289,,,,,,,,,,,,,,,,,nan_exist
42,20,1.928708,0.390019,,,,,,,,,,,,,,,,,nan_exist
43,20,1.839498,0.367169,,,,,,,,,,,,,,,,,nan_exist
44,20,1.602493,0.306462,0.002674,0.2178323377606273,181.0626837309819,1.0626837309818882,21.441145051538744,21.441145051538744,22.61106850638547,22.61106850638547,0.42071033102791644,0.42071033102791644,0.9020713972148425,0.2524688018297422,0.20927785727791845,207.7166312698073,43.47049151313274,0.45623927710187373,
45,20,1.278369,0.223442,0.001706,0.1389760539340427,178.97999908583176,358.97999908583176,20.579990529045944,20.579990529045944,15.73313283201307,15.73313283201307,0.3049861408343864,0.3049861408343864,0.8817819692095187,0.22182386641135984,0.17652168086003397,170.3956640214205,30.078529024322762,0.38976981943638256,
46,20,1.159674,0.19304,0.001464,0.1192619829773965,176.98046101122364,356.9804610112236,21.66697458573806,21.66697458573806,11.913939384459345,11.913939384459345,0.21936491999807034,0.21936491999807034,0.830804969102634,0.1765201996869823,0.14593841447172604,155.25383851472407,22.65749903348822,0.3683231652256551,
47,20,1.212636,0.206605,0.002111,0.1719686107003307,176.98046101122364,356.9804610112236,24.35511077010247,24.35511077010247,11.30877045527594,11.30877045527594,0.18524024450352153,0.18524024450352153,0.7634181356630425,0.14676627201931502,0.13483136411174515,159.34422071615734,21.484598642482496,0.38294339464909677,
48,20,1.175447,0.197079,0.001772,0.1443526187404007,174.98092293661554,354.98092293661557,25.880860966666507,25.880860966666507,11.260551022747686,11.260551022747686,0.1735765247291255,0.1735765247291255,0.7515336116222573,0.13999841608259403,0.13679250680973107,156.65830768858268,21.42968262129139,0.37563506963136467,
49,20,1.093632,0.176123,0.002003,0.1631705955626539,172.98138486200742,352.9813848620074,2.2672462033684146,2.2672462033684146,1.4144629540118652,1.4144629540118652,0.24888742809602427,0.24888742809602427,-0.057263607450158904,0.09447607361100946,0.01501056625938514,137.75927823425928,2.067844773780422,0.37692064850133017,
50,20,1.073978,0.17109,0.001567,0.1276526825994401,343.02526777423793,163.02526777423793,7.995358969322713,7.995358969322713,3.829940396779538,3.829940396779538,0.1911015079567125,0.1911015079567125,0.4400086506334321,0.12423833011463183,0.04842812754617209,141.84447069718868,6.869262118642723,0.3749311349404054,
51,20,1.163588,0.194042,0.001435,0.1168995529867241,178.97999908583176,358.97999908583176,29.148670217629796,29.148670217629796,11.118549466597601,11.118549466597601,0.15217364791748852,0.15217364791748852,0.7314556422239717,0.12375334698185708,0.13787260145429792,153.74327927232213,21.196985869389692,0.368184148341479,
52,20,1.271145,0.221591,0.003167,0.2579936476020594,176.98046101122364,356.9804610112236,26.237142196713773,26.237142196713773,12.061433786513971,12.061433786513971,0.183397104136801,0.183397104136801,0.7479858178043421,0.1421098786250871,0.14099276943696343,162.99545627700007,22.981180786135724,0.38892854303017876,
53,20,1.288049,0.225921,0.003056,0.2489512431550026,176.98046101122364,356.9804610112236,20.576842643825618,20.576842643825618,15.076658935793697,15.076658935793697,0.29230513158854227,0.29230513158854227,0.8642254082008312,0.21873466646144918,0.17398165376700864,165.62629091199625,28.815936000164783,0.3800287636439763,
54,20,1.317323,0.233419,0.004347,0.354120109291491,176.98046101122364,356.9804610112236,17.144413415022758,17.144413415022758,16.8983412978925,16.8983412978925,0.39321630021332477,0.39321630021332477,0.8970712531775054,0.2846998792132351,0.1960358773077995,164.70665643139142,32.288413891962136,0.3678284514984147,
55,20,1.319835,0.234063,0.004152,0.3382348041817968,172.98138486200742,352.9813848620074,15.423978164268656,15.423978164268656,17.963547532711274,17.963547532711274,0.4646284207923196,0.4646284207923196,0.9172625828477743,0.33028249252122543,0.21077594774195577,163.09418310697637,34.376331015573015,0.3575495891427871,
56,20,1.402879,0.255334,0.005613,0.4572523978498135,172.98138486200742,352.9813848620074,15.298770830621418,15.298770830621418,20.090312715250423,20.090312715250423,0.5238901384520149,0.5238901384520149,0.9021516288022566,0.356180747688497,0.22641747095764295,170.07979980402652,38.5090381326099,0.3654743379761573,
57,20,1.330643,0.236831,0.005073,0.4132623221614295,172.98138486200742,352.9813848620074,14.725081514121582,14.725081514121582,18.377524251986458,18.377524251986458,0.49789683175532984,0.49789683175532984,0.8794544761415097,0.3503068867499489,0.21632180075356744,162.54020140545407,35.16098906287536,0.353831145396052,
58,20,1.220447,0.208606,0.003945,0.3213719418345829,172.98138486200742,352.9813848620074,16.254373883100953,16.254373883100953,16.063685397464116,16.063685397464116,0.39426208171439825,0.39426208171439825,0.859325398057008,0.30401402388302834,0.20142786350719674,152.58007322738206,30.733878163963197,0.33846165295394126,
0,21,0.428848,0.005847,,,,,,,,,,,,,,,,,nan_exist
1,21,0.427049,0.005386,,,,,,,,,,,,,,,,,nan_exist
2,21,0.424861,0.004826,,,,,,,,,,,,,,,,,nan_exist
3,21,0.432393,0.006755,,,,,,,,,,,,,,,,,nan_exist
4,21,0.434861,0.007387,,,,,,,,,,,,,,,,,nan_exist
5,21,0.428765,0.005826,,,,,,,,,,,,,,,,,nan_exist
6,21,0.427819,0.005583,,,,,,,,,,,,,,,,,nan_exist
7,21,0.434483,0.00729,,,,,,,,,,,,,,,,,nan_exist
8,21,0.459213,0.013625,,,,,,,,,,,,,,,,,nan_exist
9,21,0.503787,0.025042,,,,,,,,,,,,,,,,,nan_exist
10,21,0.616705,0.053964,,,,,,,,,,,,,,,,,nan_exist
11,21,1.35526,0.243137,,,,,,,,,,,,,,,,,nan_exist
12,21,2.238435,0.469351,,,,,,,,,,,,,,,,,nan_exist
13,21,2.962585,0.654834,,,,,,,,,,,,,,,,,nan_exist
14,21,3.196312,0.7147,,,,,,,,,,,,,,,,,nan_exist
15,21,3.444681,0.778317,0.003283,0.2674433675647492,17.01741504257566,197.01741504257566,8.492557603535285,8.492557603535285,16.340553345024194,16.340553345024194,0.7676059343738222,0.7676059343738222,0.4247339216494487,0.156953110334845,0.0650784980580419,462.0644096297286,30.07045778477857,1.1999831995693055,
16,21,3.968651,0.912526,,,,,,,,,,,,,,,,,nan_exist
17,21,4.198039,0.971281,0.008727,0.7109285009861611,341.0257296996299,161.0257296996299,7.624544559955453,7.624544559955453,11.421998456799,11.421998456799,0.597638072053403,0.597638072053403,0.0651178979344883,0.10533798112778449,0.03906844287749044,513.1791179307725,20.049109054799317,1.3698055802110365,
18,21,3.944634,0.906374,,,,,,,,,,,,,,,,,nan_exist
19,21,3.896466,0.894037,,,,,,,,,,,,,,,,,nan_exist
20,21,3.965821,0.911801,,,,,,,,,,,,,,,,,nan_exist
21,21,4.208846,0.974049,,,,,,,,,,,,,,,,,nan_exist
22,21,4.388915,1.0,,,,,,,,,,,,,,,,,nan_exist
23,21,4.059124,0.9357,,,,,,,,,,,,,,,,,nan_exist
24,21,3.909043,0.897258,,,,,,,,,,,,,,,,,nan_exist
25,21,3.63183,0.826253,,,,,,,,,,,,,,,,,nan_exist
26,21,3.640243,0.828408,,,,,,,,,,,,,,,,,nan_exist
27,21,3.230204,0.723381,,,,,,,,,,,,,,,,,nan_exist
28,21,2.808747,0.61543,,,,,,,,,,,,,,,,,nan_exist
29,21,2.273992,0.478459,,,,,,,,,,,,,,,,,nan_exist
30,21,1.520383,0.285431,0.002802,0.2282596149608368,11.018800818751352,191.01880081875134,5.0854323892382505,5.0854323892382505,2.492864148770059,2.492864148770059,0.1955603441598939,0.1955603441598939,0.32390398144875965,0.0686898877825194,0.017398965613545692,216.36996068570764,3.764613505774861,0.5905704088331466,
31,21,1.46776,0.271952,0.003124,0.254490734167614,11.018800818751352,191.01880081875134,5.432537314453377,5.432537314453377,2.89874970633155,2.89874970633155,0.2128717671354371,0.2128717671354371,0.30450818097663435,0.08159770909105521,0.022691249546512825,204.12730545829612,4.631903627411447,0.5541538939746796,
32,21,1.747902,0.343707,,,,,,,,,,,,,,,,,nan_exist
33,21,1.747968,0.343724,,,,,,,,,,,,,,,,,nan_exist
34,21,1.585058,0.301997,,,,,,,,,,,,,,,,,nan_exist
35,21,1.762835,0.347532,,,,,,,,,,,,,,,,,nan_exist
36,21,1.883328,0.378395,,,,,,,,,,,,,,,,,nan_exist
37,21,1.722341,0.33716,0.003052,0.2486253907424961,9.01926274414324,189.01926274414325,24.265284410421163,24.265284410421163,17.08984256594663,17.08984256594663,0.28097180521948334,0.28097180521948334,0.7953908866114109,0.14762668233402768,0.13525769186414277,240.2926645515405,32.50143117912609,0.5771978704789289,
38,21,1.796565,0.356172,,,,,,,,,,,,,,,,,nan_exist
39,21,1.787435,0.353833,,,,,,,,,,,,,,,,,nan_exist
40,21,1.822211,0.362741,,,,,,,,,,,,,,,,,nan_exist
41,21,1.951381,0.395826,,,,,,,,,,,,,,,,,nan_exist
42,21,1.942523,0.393557,0.002938,0.2393385969860595,178.97999908583176,358.97999908583176,20.397659461305732,20.397659461305732,34.26533870045382,34.26533870045382,0.6701696528377795,0.6701696528377795,0.9543103618331163,0.28935470210385666,0.2303346504458357,286.4073165976994,65.96952915366089,0.6123271873445514,
43,21,1.885309,0.378902,,,,,,,,,,,,,,,,,nan_exist
44,21,1.579696,0.300623,0.002046,0.1666735089970993,181.0626837309819,1.0626837309818882,21.30476313092218,21.30476313092218,21.408450959105227,21.408450959105227,0.4008838865282419,0.4008838865282419,0.9017180922925558,0.24503153394235652,0.20176365346411418,203.77138004666796,41.11365810964023,0.4518270053806326,
45,21,1.252978,0.216938,0.001772,0.1443526187404007,178.97999908583176,358.97999908583176,20.388156558073124,20.388156558073124,15.296491649340682,15.296491649340682,0.29931186977829355,0.29931186977829355,0.8694615663529365,0.22184672943639638,0.17508647851347292,166.95185824427867,29.231012941271274,0.382557903619465,
46,21,1.194702,0.202011,0.001384,0.1127449347272656,176.98046101122364,356.9804610112236,24.538832738024613,24.538832738024613,11.10244477560583,11.10244477560583,0.18049899455680948,0.18049899455680948,0.7650128525210753,0.14467513400907298,0.13385009328041284,157.55708179912966,21.08903009580314,0.37907792139812924,
47,21,1.191688,0.20124,0.000899,0.0732353297108466,174.98092293661554,354.98092293661557,25.842598074267293,25.842598074267293,11.777861336514677,11.777861336514677,0.18181944579789514,0.18181944579789514,0.7735378300075808,0.14592560092738835,0.14260217831818853,157.4278401285203,22.449552930254526,0.37493968666184935,
48,21,1.052471,0.165581,0.00124,0.1010142478770298,174.98092293661554,354.98092293661557,25.537794514773772,25.537794514773772,10.497441625218576,10.497441625218576,0.16398727376097064,0.16398727376097064,0.756775524044085,0.14779431961949438,0.14268729865132376,140.2079739301274,20.005897049465105,0.3338946580018397,
49,21,1.013122,0.155502,0.001225,0.0997923013301303,345.0248058488461,165.02480584884609,7.353596587871856,7.353596587871856,4.322803219031144,4.322803219031144,0.23451775649091275,0.23451775649091275,0.5244716507070466,0.15715935208029835,0.05935562748092518,132.94140468856872,7.890820493485606,0.34736273387523087,
50,21,0.960178,0.141941,0.002195,0.1788115113629682,343.02526777423793,163.02526777423793,8.027495243349765,8.027495243349765,3.594763650139904,3.594763650139904,0.1786489016333019,0.1786489016333019,0.47978584355751897,0.1290423092583415,0.05064651111961184,127.87289370123105,6.476315932736341,0.3372127160235964,
51,21,0.958526,0.141518,0.003585,0.2920452247089936,345.0248058488461,165.02480584884609,7.83638834798313,7.83638834798313,3.8665404110412087,3.8665404110412087,0.19684150151160854,0.19684150151160854,0.4592135512186869,0.1441166208047794,0.05615510442347098,124.90306129681909,7.013944449934073,0.32746976901912506,
52,21,1.049285,0.164765,0.003349,0.2728199323711073,176.98046101122364,356.9804610112236,26.340775655395724,26.340775655395724,10.526309593033723,10.526309593033723,0.15942544776186707,0.15942544776186707,0.7706300923267723,0.14717904108073163,0.1468585144831216,136.78475061126062,20.088005278713993,0.32415762592374064,
53,21,0.990088,0.149602,0.002325,0.189401714769431,176.98046101122364,356.9804610112236,22.35291343620635,22.35291343620635,10.933740687625306,10.933740687625306,0.19513928042032713,0.19513928042032713,0.843390375282183,0.1881103973732938,0.16049545277712818,130.06458150469797,20.87477389886419,0.30330502112731605,
54,21,1.086539,0.174307,0.003556,0.2896827947183212,174.98092293661554,354.98092293661557,18.35759132078224,18.35759132078224,13.85084255410509,13.85084255410509,0.30100281771500037,0.30100281771500037,0.8979455771554864,0.2650242533409002,0.19252543950180767,137.67209271795792,26.505380157658465,0.3087964237786096,
55,21,1.302945,0.229737,0.004046,0.3295997152503733,176.98046101122364,356.9804610112236,15.665984430516367,15.665984430516367,17.558629728650274,17.558629728650274,0.44713945783241416,0.44713945783241416,0.9042475224615677,0.32352640763625473,0.20846641481078904,160.8617746339475,33.534277438040164,0.3536874922108537,
56,21,1.46629,0.271575,0.004015,0.3270743590534475,174.98092293661554,354.98092293661557,15.589468692426973,15.589468692426973,19.85156576568434,19.85156576568434,0.5080114705864421,0.5080114705864421,0.8960761020460313,0.3319098102989135,0.21337088784722855,177.92199505753692,37.96337405297686,0.38877394723488906,
57,21,1.337158,0.2385,0.004825,0.3930594725860235,172.98138486200742,352.9813848620074,15.343649454024334,15.343649454024334,18.77813904188638,18.77813904188638,0.48824066487653517,0.48824066487653517,0.885233230492015,0.3451498820493116,0.21968760409209787,163.7294360670192,35.969327528913766,0.3548891903836262,
58,21,1.24778,0.215607,0.004959,0.4039755284049928,172.98138486200742,352.9813848620074,15.373208811304803,15.373208811304803,16.299096354859184,16.299096354859184,0.4229695145693081,0.4229695145693081,0.880927632171337,0.31282081810698814,0.19880078318167216,156.64304415330056,31.140759857637406,0.3486174563768421,
0,22,0.43176,0.006593,,,,,,,,,,,,,,,,,nan_exist
1,22,0.427007,0.005375,,,,,,,,,,,,,,,,,nan_exist
2,22,0.432282,0.006727,,,,,,,,,,,,,,,,,nan_exist
3,22,0.43163,0.00656,,,,,,,,,,,,,,,,,nan_exist
4,22,0.425861,0.005082,,,,,,,,,,,,,,,,,nan_exist
5,22,0.428717,0.005813,,,,,,,,,,,,,,,,,nan_exist
6,22,0.430129,0.006175,,,,,,,,,,,,,,,,,nan_exist
7,22,0.436839,0.007894,,,,,,,,,,,,,,,,,nan_exist
8,22,0.476906,0.018156,,,,,,,,,,,,,,,,,nan_exist
9,22,0.525576,0.030623,,,,,,,,,,,,,,,,,nan_exist
10,22,0.72088,0.080648,0.00026,0.0211804068129256,15.017876967967549,195.01787696796754,5.406805255364094,5.406805255364094,0.948484515924113,0.948484515924113,0.06998413255828166,0.06998413255828166,0.2507243143456934,0.05336781852415623,0.013008445160366934,102.41261635966113,1.3322289036443493,0.28077885404449104,
11,22,1.649107,0.318402,,,,,,,,,,,,,,,,,nan_exist
12,22,2.434671,0.519615,,,,,,,,,,,,,,,,,nan_exist
13,22,3.047944,0.676698,,,,,,,,,,,,,,,,,nan_exist
14,22,3.364985,0.757904,0.002607,0.2123743098511426,15.017876967967549,195.01787696796754,7.893258734034256,7.893258734034256,21.757051862157354,21.757051862157354,1.099648215923239,1.099648215923239,0.7514332420615162,0.21856296897632296,0.08844462062305207,461.4092966804985,40.80917019685597,1.168333684676785,
15,22,3.619109,0.822995,,,,,,,,,,,,,,,,,nan_exist
16,22,3.933026,0.903401,0.008394,0.683801287644991,19.016953117183746,199.01695311718373,8.782854013088867,8.782854013088867,13.01194169217538,13.01194169217538,0.5910395053123833,0.5910395053123833,0.39700429722256514,0.11135910562882506,0.04567311604534284,508.24948331249266,23.213337631317017,1.3473226268921545,
17,22,4.188265,0.968778,0.010462,0.8522669849108764,341.0257296996299,161.0257296996299,8.351629800770027,8.351629800770027,9.991211700574924,9.991211700574924,0.4772621482136734,0.4772621482136734,0.14127448798665043,0.08586260150955803,0.03278787864553592,521.7125047658944,17.105846294122728,1.401685162421588,
18,22,4.026607,0.927371,0.011378,0.9268871873748756,345.0248058488461,165.02480584884609,6.520436441635426,6.520436441635426,16.625164597636296,16.625164597636296,1.0171836097165703,1.0171836097165703,0.3260138760501783,0.1786288368775607,0.06341954675929405,482.34157877274674,30.589884308929925,1.2548658179550467,
19,22,3.890166,0.892423,,,,,,,,,,,,,,,,,nan_exist
20,22,3.897119,0.894204,,,,,,,,,,,,,,,,,nan_exist
21,22,3.995877,0.9195,0.013528,1.0,11.018800818751352,191.01880081875134,23.609817738258375,23.609817738258375,43.951316546415015,43.951316546415015,0.7426587805148156,0.7426587805148156,0.7947455719332711,0.18117061909679727,0.16290675078348374,516.6696777524936,84.16897843100833,1.2013908314485702,
22,22,4.136211,0.955445,,,,,,,,,,,,,,,,,nan_exist
23,22,4.017454,0.925026,,,,,,,,,,,,,,,,,nan_exist
24,22,3.862119,0.885239,,,,,,,,,,,,,,,,,nan_exist
25,22,3.615984,0.822195,0.007446,0.6065742658809391,9.01926274414324,189.01926274414325,29.63734909524685,29.63734909524685,29.744827052677774,29.744827052677774,0.40038901915301883,0.40038901915301883,0.6662664141846943,0.10134262581689507,0.11428728873642571,492.63550824778133,56.301976572930016,1.2120375879856982,
26,22,3.512676,0.795733,0.007838,0.6385078023065808,13.018338893359438,193.01833889335944,6.7334801854545985,6.7334801854545985,15.78842116991798,15.78842116991798,0.935425451918827,0.935425451918827,0.607740434218768,0.17135206556317378,0.061533255841243764,468.6188438460477,28.835643210406715,1.2216200017656693,
27,22,3.113379,0.693458,0.006408,0.5220155648354898,17.01741504257566,197.01741504257566,9.234560883831275,9.234560883831275,18.684230919615402,18.684230919615402,0.8071774916411409,0.8071774916411409,0.807821731467522,0.18486758820660942,0.08185170049987353,426.3056636615157,34.893843503422204,1.0872550559947043,
28,22,2.544832,0.547831,,,,,,,,,,,,,,,,,nan_exist
29,22,2.098315,0.433461,,,,,,,,,,,,,,,,,nan_exist
30,22,1.606233,0.30742,,,,,,,,,,,,,,,,,nan_exist
31,22,1.446136,0.266413,,,,,,,,,,,,,,,,,nan_exist
32,22,1.742288,0.342269,0.003243,0.2641848434396838,7.019724669535155,187.01972466953515,3.31466552903153,3.31466552903153,2.4736817887524145,2.4736817887524145,0.29772423345553073,0.29772423345553073,-0.11088463608167376,0.08252661842850344,0.016142536474544875,225.56784178397896,3.641237113482248,0.6164627907513798,
33,22,1.775724,0.350833,,,,,,,,,,,,,,,,,nan_exist
34,22,1.788454,0.354094,,,,,,,,,,,,,,,,,nan_exist
35,22,1.965404,0.399418,,,,,,,,,,,,,,,,,nan_exist
36,22,2.043813,0.419501,,,,,,,,,,,,,,,,,nan_exist
37,22,1.914216,0.386307,,,,,,,,,,,,,,,,,nan_exist
38,22,1.896953,0.381885,,,,,,,,,,,,,,,,,nan_exist
39,22,1.86119,0.372725,0.005294,0.4312656679524163,183.06222180558999,3.062221805589985,20.52454822997386,20.52454822997386,28.270663152017026,28.270663152017026,0.5495060207881025,0.5495060207881025,0.9014079684977865,0.25620614975510353,0.20437046196390132,265.6058830914394,54.28199702772744,0.5870107946214221,
40,22,1.89182,0.38057,,,,,,,,,,,,,,,,,nan_exist
41,22,1.977034,0.402397,,,,,,,,,,,,,,,,,nan_exist
42,22,1.987302,0.405027,,,,,,,,,,,,,,,,,nan_exist
43,22,1.862005,0.372933,0.002778,0.2263045004857976,178.97999908583176,358.97999908583176,22.784457243591678,22.784457243591678,27.59604493326351,27.59604493326351,0.4831903160139128,0.4831903160139128,0.9217981231948923,0.24459255404771288,0.21428422889466878,248.01386994928146,53.14546087726444,0.5413011363111584,
44,22,1.565431,0.296969,0.002345,0.1910309768319637,178.97999908583176,358.97999908583176,21.730734687220654,21.730734687220654,21.090051334146157,21.090051334146157,0.3871803367041915,0.3871803367041915,0.8981820626614021,0.23809261137514828,0.19943561675756208,203.0956277872092,40.50450178850633,0.4516420166630635,
45,22,1.254165,0.217242,0.002816,0.2294000984046098,178.97999908583176,358.97999908583176,20.96959001180902,20.96959001180902,14.707660294404285,14.707660294404285,0.2798103126439271,0.2798103126439271,0.8665048605671168,0.20734669220426483,0.16738923945907097,167.76047493806345,28.081298311174976,0.387997712852468,
46,22,1.285231,0.2252,,,,,,,,,,,,,,,,,nan_exist
47,22,1.211328,0.20627,0.00175,0.1425604304716147,176.98046101122364,356.9804610112236,25.282519949916114,25.282519949916114,11.298532425334157,11.298532425334157,0.17828374307155623,0.17828374307155623,0.7428415295278549,0.14107137462011327,0.1344762590060131,159.69865281279627,21.475677398564955,0.38395270948397586,
48,22,1.088145,0.174718,0.001348,0.1098122630147066,174.98092293661554,354.98092293661557,24.740879590226708,24.740879590226708,10.095929212431956,10.095929212431956,0.16279506183644696,0.16279506183644696,0.7415181766838748,0.14133330393939197,0.13175399060840967,145.51016393260807,19.171544772204996,0.35094060877889743,
49,22,1.018892,0.15698,0.002487,0.2025987374759462,174.98092293661554,354.98092293661557,29.056853597454694,29.056853597454694,9.788978047806594,9.788978047806594,0.1343998658386611,0.1343998658386611,0.704428874582249,0.1224895794762157,0.13589999371884193,137.26688869456606,18.6545693113965,0.3294786649532488,
50,22,1.000926,0.152378,0.001124,0.0915645279143399,345.0248058488461,165.02480584884609,7.065252452378753,7.065252452378753,3.731792956534749,3.731792956534749,0.2107171685796922,0.2107171685796922,0.4612894892752568,0.13868787778685984,0.050446396850917605,133.12584434874157,6.715719175130104,0.35113923659336516,
51,22,1.072182,0.170629,0.003188,0.2597043727677187,174.98092293661554,354.98092293661557,27.823419593874032,27.823419593874032,9.932844095372744,9.932844095372744,0.14242072082154753,0.14242072082154753,0.7242531998807409,0.12551117290449174,0.1323566254924969,142.77823443027796,18.89764530296823,0.34411274757586036,
52,22,1.145729,0.189468,0.003241,0.2640219172334305,174.98092293661554,354.98092293661557,27.81084397072943,27.81084397072943,10.993161482878074,10.993161482878074,0.15769521109882187,0.15769521109882187,0.7079692559809823,0.13209852890382012,0.13953176071894974,150.20558937119654,20.958450354790614,0.3590198306011276,
53,22,1.128838,0.185141,0.002148,0.1749827455160162,176.98046101122364,356.9804610112236,23.355285652921808,23.355285652921808,11.773164372311125,11.773164372311125,0.20110278726747746,0.20110278726747746,0.7730430098794225,0.17401421272462134,0.15438917831004506,145.5059391276091,22.464542381143005,0.34178165762907253,
54,22,1.248447,0.215778,0.004386,0.3572971703134299,174.98092293661554,354.98092293661557,18.642302239680458,18.642302239680458,15.37236378730603,15.37236378730603,0.3289661215455861,0.3289661215455861,0.8857524381053945,0.25430872207140565,0.18686015958531668,157.34085170070108,29.40073665808265,0.35538920845171784,
55,22,1.377784,0.248906,0.006038,0.4918742166786342,174.98092293661554,354.98092293661557,15.999378152999414,15.999378152999414,18.576728543148736,18.576728543148736,0.4632081557502777,0.4632081557502777,0.9160892651283077,0.3214529754077792,0.2105885185147767,168.7352902967992,35.53371480476372,0.37000437636676525,
56,22,1.388839,0.251737,0.006167,0.5023829569819703,174.98092293661554,354.98092293661557,15.637214700213907,15.637214700213907,18.489320126053496,18.489320126053496,0.47170622617715835,0.47170622617715835,0.8827825449715848,0.32529845924343387,0.20947978811240034,168.72231807263884,35.3439154396894,0.370495562869304,
57,22,1.269737,0.221231,0.003887,0.316647081853238,172.98138486200742,352.9813848620074,14.643893146266006,14.643893146266006,17.64050934716589,17.64050934716589,0.4805788294211657,0.4805788294211657,0.8897951408291705,0.3513940879802327,0.2161277693446155,156.1417875640788,33.74657624770518,0.3399866981010379,
58,22,1.196639,0.202508,0.003889,0.3168100080594913,355.02249622188657,175.02249622188657,14.470701964329953,14.470701964329953,15.991439297025279,15.991439297025279,0.4408674351653507,0.4408674351653507,0.8726186015659789,0.33664856486450934,0.20474484838174803,148.9470398601831,30.49613909308337,0.3290302799086104,
0,23,0.433462,0.007029,,,,,,,,,,,,,,,,,nan_exist
1,23,0.438506,0.008321,,,,,,,,,,,,,,,,,nan_exist
2,23,0.438848,0.008408,,,,,,,,,,,,,,,,,nan_exist
3,23,0.439758,0.008641,,,,,,,,,,,,,,,,,nan_exist
4,23,0.44062,0.008862,,,,,,,,,,,,,,,,,nan_exist
5,23,0.436356,0.00777,,,,,,,,,,,,,,,,,nan_exist
6,23,0.432413,0.00676,,,,,,,,,,,,,,,,,nan_exist
7,23,0.450459,0.011382,,,,,,,,,,,,,,,,,nan_exist
8,23,0.486681,0.02066,,,,,,,,,,,,,,,,,nan_exist
9,23,0.537258,0.033615,,,,,,,,,,,,,,,,,nan_exist
10,23,0.94899,0.139075,,,,,,,,,,,,,,,,,nan_exist
11,23,1.903232,0.383493,,,,,,,,,,,,,,,,,nan_exist
12,23,2.592402,0.560016,,,,,,,,,,,,,,,,,nan_exist
13,23,3.114512,0.693748,,,,,,,,,,,,,,,,,nan_exist
14,23,3.578245,0.812528,,,,,,,,,,,,,,,,,nan_exist
15,23,4.010532,0.923253,,,,,,,,,,,,,,,,,nan_exist
16,23,4.182755,0.967366,,,,,,,,,,,,,,,,,nan_exist
17,23,4.181466,0.967036,0.010515,0.856584529376588,341.0257296996299,161.0257296996299,8.363816677840386,8.363816677840386,9.393110634763252,9.393110634763252,0.44803815303888156,0.44803815303888156,0.09952450279679836,0.07986504426263523,0.030138060388382466,526.8518038328025,15.878291479641234,1.4193708676476702,
18,23,4.096484,0.945269,,,,,,,,,,,,,,,,,nan_exist
19,23,3.979388,0.915276,0.012102,0.985866474038561,3.020648520318958,183.02064852031896,25.65123835809385,25.65123835809385,50.83049576208126,50.83049576208126,0.7905440513308206,0.7905440513308206,0.8871859334411446,0.19130286374275063,0.18725935707601293,521.9288530082783,97.73606145375106,1.1783133098736869,
20,23,3.877259,0.889117,0.012305,1.0,9.01926274414324,189.01926274414325,24.124269784605453,24.124269784605453,42.311486878551996,42.311486878551996,0.6997037097171104,0.6997037097171104,0.8073159383235851,0.174440466821136,0.1599435271780687,506.1605954487058,80.95711095461752,1.1811207902613563,
21,23,3.921836,0.900535,,,,,,,,,,,,,,,,,nan_exist
22,23,4.052067,0.933892,0.009388,0.7647756121528682,11.018800818751352,191.01880081875134,5.300870622065444,5.300870622065444,12.559304192543193,12.559304192543193,0.9452102894139636,0.9452102894139636,0.2557306440998146,0.14569021607331917,0.04425165405338279,502.15380995374346,22.221136679661186,1.3331463146502285,
23,23,3.780209,0.864259,,,,,,,,,,,,,,,,,nan_exist
24,23,3.715712,0.847739,,,,,,,,,,,,,,,,,nan_exist
25,23,3.752081,0.857054,0.005762,0.4693904002156823,9.01926274414324,189.01926274414325,28.699380948716154,28.699380948716154,35.748605427958424,35.748605427958424,0.4969316305492907,0.4969316305492907,0.7661081191421595,0.12281297534514221,0.1342867524882493,507.2190795063509,68.11280298698699,1.219739656998233,
26,23,3.582414,0.813596,0.008296,0.6758179035385805,15.017876967967549,195.01787696796754,7.990663485351807,7.990663485351807,18.242612899826177,18.242612899826177,0.910781639607093,0.910781639607093,0.6994979321032506,0.17294379478254343,0.06933893561933219,485.4031650218219,33.65733880886819,1.2548495172582048,
27,23,3.014083,0.668025,,,,,,,,,,,,,,,,,nan_exist
28,23,2.360112,0.500518,,,,,,,,,,,,,,,,,nan_exist
29,23,1.922266,0.388368,,,,,,,,,,,,,,,,,nan_exist
30,23,1.560672,0.29575,,,,,,,,,,,,,,,,,nan_exist
31,23,1.450733,0.267591,,,,,,,,,,,,,,,,,nan_exist
32,23,1.904469,0.38381,0.002374,0.1933934068226362,11.018800818751352,191.01880081875134,5.526341336588532,5.526341336588532,4.591204656822431,4.591204656822431,0.331435491227384,0.331435491227384,0.35458544525078206,0.10223460348764224,0.03016833613854934,255.56889489007224,7.710088327601284,0.6884966848957527,
33,23,2.001322,0.408618,,,,,,,,,,,,,,,,,nan_exist
34,23,1.882052,0.378068,,,,,,,,,,,,,,,,,nan_exist
35,23,1.986458,0.404811,,,,,,,,,,,,,,,,,nan_exist
36,23,1.980368,0.403251,,,,,,,,,,,,,,,,,nan_exist
37,23,1.875833,0.376475,,,,,,,,,,,,,,,,,nan_exist
38,23,2.01758,0.412782,,,,,,,,,,,,,,,,,nan_exist
39,23,1.989015,0.405465,,,,,,,,,,,,,,,,,nan_exist
40,23,1.968774,0.400281,,,,,,,,,,,,,,,,,nan_exist
41,23,2.010723,0.411026,0.003481,0.2835730619838234,181.0626837309819,1.0626837309818882,18.893417077882134,18.893417077882134,34.53761490502081,34.53761490502081,0.7292759585541327,0.7292759585541327,0.9483349741002716,0.2970532367818862,0.22164831105723076,299.24633239812573,66.32744416611524,0.6469969117555847,
42,23,1.938541,0.392537,0.003199,0.2606004669021117,178.97999908583176,358.97999908583176,19.96697380190086,19.96697380190086,32.9414209340527,32.9414209340527,0.6581731271587777,0.6581731271587777,0.9488967338705488,0.2888565260789013,0.22570598214060536,280.7316276368755,63.36280773371169,0.6038022775087883,
43,23,1.865069,0.373718,,,,,,,,,,,,,,,,,nan_exist
44,23,1.635096,0.314813,0.004318,0.3517576793008185,178.97999908583176,358.97999908583176,21.57630625323226,21.57630625323226,22.18775429494608,22.18775429494608,0.41024785204309216,0.41024785204309216,0.8985896499610566,0.24341054095246786,0.2027028289516855,210.28688723619092,42.62574693421999,0.465725389727697,
45,23,1.247516,0.215539,0.001038,0.0845587010454492,176.98046101122364,356.9804610112236,20.500843698276213,20.500843698276213,15.3073477292698,15.3073477292698,0.29787789711923246,0.29787789711923246,0.8725210970680839,0.22112499715333286,0.17537396994862609,166.85491854292331,29.262009470327087,0.3822025252016562,
46,23,1.21679,0.207669,0.001352,0.1101381154272132,176.98046101122364,356.9804610112236,26.594282579485846,26.594282579485846,12.211975088995164,12.211975088995164,0.18319250296179296,0.18319250296179296,0.7283164139418609,0.14415383437926002,0.14524118442433565,160.41386883507113,23.298700307695754,0.3808754681315982,
47,23,1.235708,0.212515,0.003085,0.2513136731456751,176.98046101122364,356.9804610112236,28.58886201753823,28.58886201753823,12.89726543586605,12.89726543586605,0.17997444182180275,0.17997444182180275,0.7514655424562713,0.13834546865317357,0.15122298764475134,163.12257740118633,24.667883506919594,0.38459637192851875,
48,23,1.138234,0.187548,0.001286,0.1047615506208551,176.98046101122364,356.9804610112236,27.43275546811867,27.43275546811867,10.732771840105658,10.732771840105658,0.1560818955243534,0.1560818955243534,0.7116954997204257,0.12872744471519806,0.1336779500646269,152.7590065357876,20.42051084761303,0.36760693246715154,
49,23,1.082017,0.173149,0.001151,0.0937640316987591,174.98092293661554,354.98092293661557,27.880819974064178,27.880819974064178,10.488824040778251,10.488824040778251,0.15008293821523078,0.15008293821523078,0.7524201267193139,0.1288118000644631,0.13631523692744987,146.56820910790358,19.979480150575895,0.35163535821479913,
50,23,1.096692,0.176907,0.001666,0.1357175298089772,343.02526777423793,163.02526777423793,8.47647709229227,8.47647709229227,4.077359378180516,4.077359378180516,0.19189942126152992,0.19189942126152992,0.46802320954333576,0.12470472634193777,0.05049689995642432,145.27881936060277,7.336130007039799,0.38317413709323045,
51,23,1.125826,0.18437,0.000889,0.0724206986795803,345.0248058488461,165.02480584884609,6.684771512125222,6.684771512125222,4.022636779316311,4.022636779316311,0.24006802432308208,0.24006802432308208,0.4852297160920114,0.13954277629234216,0.04907329857191542,147.27011369378994,7.227030260015283,0.3890085650938185,
52,23,1.137833,0.187445,0.001963,0.1599120714375884,176.98046101122364,356.9804610112236,26.28299790042183,26.28299790042183,10.95517970030791,10.95517970030791,0.16628561126880348,0.16628561126880348,0.7369469100732161,0.1407153403047239,0.13981859714326283,149.24522851862565,20.867258481799922,0.3566054723245159,
53,23,1.157485,0.192479,0.002821,0.2298074139202429,174.98092293661554,354.98092293661557,21.95625464297231,21.95625464297231,13.096326242596964,13.096326242596964,0.2379585380594526,0.2379585380594526,0.8222694084937422,0.1984655564132803,0.1668857556595827,150.01564009691404,25.03547345832949,0.34716712955162377,
54,23,1.270976,0.221548,0.002685,0.2187284318950203,172.98138486200742,352.9813848620074,19.617901307729785,19.617901307729785,16.119536241332305,16.119536241332305,0.3278008409898983,0.3278008409898983,0.8870635722876624,0.25065706485134115,0.19227697361174928,160.72688007780022,30.904078079417985,0.36061889443995065,
55,23,1.375085,0.248215,0.00547,0.4456031741027044,174.98092293661554,354.98092293661557,16.746804240949842,16.746804240949842,17.57384990199981,17.57384990199981,0.4186441576831051,0.4186441576831051,0.9057948921779991,0.2911818906760891,0.19704768089786617,170.45962992504604,33.58867476343883,0.38019709767113113,
56,23,1.379678,0.249391,0.005659,0.4609997005936387,174.98092293661554,354.98092293661557,16.53130045854608,16.53130045854608,19.144642595697313,19.144642595697313,0.46200886577253664,0.46200886577253664,0.8881869966956496,0.32649077473117205,0.21947847278086013,167.14264539800678,36.68421254850739,0.36238453569305384,
57,23,1.307733,0.230963,0.003678,0.2996212932997709,174.98092293661554,354.98092293661557,14.520999911988262,14.520999911988262,17.64287610269871,17.64287610269871,0.4847110576345175,0.4847110576345175,0.8839967683938441,0.3477423890299968,0.21225427868764118,158.680996949865,33.68072054902939,0.34722299000232115,
58,23,1.261585,0.219143,0.003876,0.315750987718845,172.98138486200742,352.9813848620074,16.030670343335,16.030670343335,17.55684042672424,17.55684042672424,0.4369228364423028,0.4369228364423028,0.8756202546343441,0.3290629738548291,0.21622953697977224,155.59470747374922,33.6441715535519,0.3387514886672148,
0,24,0.432672,0.006826,,,,,,,,,,,,,,,,,nan_exist
1,24,0.432691,0.006831,,,,,,,,,,,,,,,,,nan_exist
2,24,0.433317,0.006992,,,,,,,,,,,,,,,,,nan_exist
3,24,0.436599,0.007832,,,,,,,,,,,,,,,,,nan_exist
4,24,0.443119,0.009502,,,,,,,,,,,,,,,,,nan_exist
5,24,0.437297,0.008011,,,,,,,,,,,,,,,,,nan_exist
6,24,0.4433,0.009549,,,,,,,,,,,,,,,,,nan_exist
7,24,0.461265,0.01415,,,,,,,,,,,,,,,,,nan_exist
8,24,0.503251,0.024904,,,,,,,,,,,,,,,,,nan_exist
9,24,0.54949,0.036748,,,,,,,,,,,,,,,,,nan_exist
10,24,1.234102,0.212103,,,,,,,,,,,,,,,,,nan_exist
11,24,2.155877,0.448205,,,,,,,,,,,,,,,,,nan_exist
12,24,2.738136,0.597344,1e-06,8.1463103126637e-05,15.017876967967549,195.01787696796754,22.86727054080393,22.86727054080393,38.10607019517671,38.10607019517671,0.6647982982347842,0.6647982982347842,0.7388657572487871,0.22512832887940115,0.1979407173436499,371.25618210523726,73.48671500417538,0.8271374086140607,
13,24,3.212542,0.718858,,,,,,,,,,,,,,,,,nan_exist
14,24,3.633478,0.826675,,,,,,,,,,,,,,,,,nan_exist
15,24,4.065653,0.937372,0.006166,0.5023014938788437,13.018338893359438,193.01833889335944,6.590745072172043,6.590745072172043,16.391327915833553,16.391327915833553,0.9921782235457103,0.9921782235457103,0.4016186084270158,0.1686816820912425,0.059709449283261655,500.36853273675814,29.87672952838551,1.306921675578813,
16,24,4.356734,1.0,,,,,,,,,,,,,,,,,nan_exist
17,24,4.215897,0.975855,,,,,,,,,,,,,,,,,nan_exist
18,24,4.131711,0.954292,0.009223,0.751334200136973,181.0626837309819,1.0626837309818882,24.326396550102835,24.326396550102835,33.91895902889712,33.91895902889712,0.5562561161066735,0.5562561161066735,0.7132753880930273,0.13617120328397367,0.12451927969717391,515.7409410869006,64.21969049448347,1.2542256960900477,
19,24,4.045292,0.932157,,,,,,,,,,,,,,,,,nan_exist
20,24,3.888994,0.892123,0.013179,1.0,9.01926274414324,189.01926274414325,23.944507596692862,23.944507596692862,39.40367906451114,39.40367906451114,0.6565093693709296,0.6565093693709296,0.8131127470527306,0.16284783026325933,0.14781918713470107,508.57919882141414,75.17776376339896,1.2038928751611533,
21,24,3.840256,0.879639,0.013784,1.0,11.018800818751352,191.01880081875134,5.347016368782899,5.347016368782899,10.442902905969467,10.442902905969467,0.7791476988252626,0.7791476988252626,0.1472421633105513,0.12594769957023047,0.03769606286702762,480.6570874202408,18.118879784875787,1.2848283545426806,
22,24,4.058372,0.935507,,,,,,,,,,,,,,,,,nan_exist
23,24,3.843158,0.880382,,,,,,,,,,,,,,,,,nan_exist
24,24,3.579561,0.812865,,,,,,,,,,,,,,,,,nan_exist
25,24,3.812673,0.872574,0.004875,0.3971326277423553,13.018338893359438,193.01833889335944,7.024783737459564,7.024783737459564,15.894493749328385,15.894493749328385,0.9026591876943008,0.9026591876943008,0.45749263480227165,0.1629771688852558,0.05977160583203485,483.97707986470004,28.9280872494121,1.264024979486911,
26,24,3.59105,0.815808,0.007902,0.6437214409066855,15.017876967967549,195.01787696796754,7.955869189212889,7.955869189212889,18.756519723295767,18.756519723295767,0.9405344121232804,0.9405344121232804,0.7076055578520426,0.18073702868420838,0.07252028330238688,478.79406297544404,34.72228109048007,1.2335327274582333,
27,24,2.749344,0.600215,,,,,,,,,,,,,,,,,nan_exist
28,24,2.090409,0.431436,,,,,,,,,,,,,,,,,nan_exist
29,24,1.924584,0.388962,,,,,,,,,,,,,,,,,nan_exist
30,24,1.671536,0.324147,,,,,,,,,,,,,,,,,nan_exist
31,24,1.5226,0.285999,0.003891,0.3169729342657446,15.017876967967549,195.01787696796754,7.222480023811782,7.222480023811782,3.687549779602327,3.687549779602327,0.2036862010442703,0.2036862010442703,0.4757974585815574,0.08285632833326434,0.028305681343839602,217.3865107727118,6.153273302381535,0.5867589929731396,
32,24,1.786373,0.353561,,,,,,,,,,,,,,,,,nan_exist
33,24,1.863429,0.373298,,,,,,,,,,,,,,,,,nan_exist
34,24,1.774093,0.350416,0.003833,0.3122480742843996,11.018800818751352,191.01880081875134,22.96660682974142,22.96660682974142,14.90872125414848,14.90872125414848,0.2589724855348285,0.2589724855348285,0.6451621325563849,0.1381688730491036,0.1195913590892811,235.82661552748175,28.202825460356905,0.5767327501864579,
35,24,2.018979,0.41314,,,,,,,,,,,,,,,,,nan_exist
36,24,2.033945,0.416974,,,,,,,,,,,,,,,,,nan_exist
37,24,1.932934,0.391101,,,,,,,,,,,,,,,,,nan_exist
38,24,2.074628,0.427394,,,,,,,,,,,,,,,,,nan_exist
39,24,2.040951,0.418768,,,,,,,,,,,,,,,,,nan_exist
40,24,2.080024,0.428776,0.003933,0.3203943845970633,181.0626837309819,1.0626837309818882,21.396505465531895,21.396505465531895,35.11629871769697,35.11629871769697,0.654750670022446,0.654750670022446,0.9457540937385173,0.26174839613572465,0.2167885339615479,311.688032734064,67.57039166977668,0.6781045585119092,
41,24,2.055291,0.422441,,,,,,,,,,,,,,,,,nan_exist
42,24,1.914199,0.386302,,,,,,,,,,,,,,,,,nan_exist
43,24,1.873507,0.375879,,,,,,,,,,,,,,,,,nan_exist
44,24,1.66054,0.321331,0.002377,0.1936377961320161,178.97999908583176,358.97999908583176,22.366310685086795,22.366310685086795,21.9418174054196,21.9418174054196,0.3913707001175895,0.3913707001175895,0.8809667770851076,0.23133946288972965,0.19884289507518138,212.0225979796947,42.159187203643796,0.4718428077112525,
45,24,1.238291,0.213176,5e-05,0.0040731551563318,176.98046101122364,356.9804610112236,22.04089659692293,22.04089659692293,14.900548832897456,14.900548832897456,0.2697013211095463,0.2697013211095463,0.8571939704283097,0.20314346758765867,0.17152978265986527,166.16824724724063,28.50280333528994,0.3824040108665297,
46,24,1.205607,0.204805,0.002018,0.1643925421095534,174.98092293661554,354.98092293661557,26.428872105892175,26.428872105892175,11.978394185083614,11.978394185083614,0.180813160417812,0.180813160417812,0.7529650162061694,0.1429180125460418,0.14298139469385865,159.75193189798492,22.841554027812208,0.3803066051949242,
47,24,1.23458,0.212226,0.001171,0.0953932937612919,178.97999908583176,358.97999908583176,27.03884212612947,27.03884212612947,12.205148582829304,12.205148582829304,0.18007981945228516,0.18007981945228516,0.7466671908638278,0.13987713336617946,0.1433766870380264,162.35719181372923,23.278236279049878,0.38633043204077594,
48,24,1.157427,0.192464,0.000944,0.0769011693515453,176.98046101122364,356.9804610112236,25.610527370669587,25.610527370669587,10.659084834330445,10.659084834330445,0.16603951762704125,0.16603951762704125,0.7482901509762285,0.13567314714778328,0.13088621513548732,154.6547016130343,20.242168547038204,0.3733681474055447,
49,24,1.107077,0.179567,0.001046,0.0852104058704623,176.98046101122364,356.9804610112236,28.769232248334088,28.769232248334088,9.90586980093963,9.90586980093963,0.13736446818025114,0.13736446818025114,0.6981193277770039,0.11493640980521737,0.1256152796138495,149.75458306345888,18.811463824971838,0.3637308867735751,
50,24,1.122742,0.18358,0.001463,0.1191805198742699,343.02526777423793,163.02526777423793,8.049738772005123,8.049738772005123,3.9943854602242554,3.9943854602242554,0.1979603673408716,0.1979603673408716,0.44387965855480527,0.12350326103504529,0.048318753578398946,148.21654857037356,7.161638886612678,0.3918191935660025,
51,24,1.127868,0.184893,0.001535,0.1250458632993877,345.0248058488461,165.02480584884609,7.128569957268662,7.128569957268662,4.388059512440225,4.388059512440225,0.24557274164716822,0.24557274164716822,0.49778394392956216,0.14656718055511622,0.05392731237788451,147.35386230949123,7.946397762851717,0.3872429570739987,
52,24,1.161872,0.193603,0.001948,0.1586901248906888,174.98092293661554,354.98092293661557,24.378359179241954,24.378359179241954,11.219430519360543,11.219430519360543,0.18360157725505724,0.18360157725505724,0.7689838770813605,0.15241912044654948,0.1404092944038822,152.08166744023484,21.353679617049238,0.3631332995088489,
53,24,1.201192,0.203674,0.003025,0.2464258869580769,172.98138486200742,352.9813848620074,2.3253335089844502,2.3253335089844502,2.3584999588342326,2.3584999588342326,0.4046324315495451,0.4046324315495451,-0.04281605682544809,0.15379913403233397,0.02837397591853483,139.24786478932657,3.9510155622397463,0.3758245811863523,
54,24,1.310504,0.231673,0.003542,0.2885423112745482,174.98092293661554,354.98092293661557,18.333404487123865,18.333404487123865,16.02259131562092,16.02259131562092,0.3486580532210136,0.3486580532210136,0.8734478834966457,0.2557662048497886,0.1853834079005965,165.21025870950336,30.627240779706938,0.3738417164716567,
55,24,1.362751,0.245055,0.005863,0.4776181736314727,174.98092293661554,354.98092293661557,16.043930432464354,16.043930432464354,17.493683133033617,17.493683133033617,0.4349912804153526,0.4349912804153526,0.9071938282074086,0.30030920903219405,0.19674035251687366,169.7838450680626,33.4033335303609,0.3788347542713936,
56,24,1.440232,0.264901,0.006374,0.5192458193291842,174.98092293661554,354.98092293661557,15.407472481198504,15.407472481198504,19.573759034762137,19.573759034762137,0.5068190175179679,0.5068190175179679,0.9015150068467459,0.33389996061025196,0.2127841008204545,175.85756052932345,37.419692889710745,0.38454963233225753,
57,24,1.397868,0.25405,0.005552,0.4522831485590886,174.98092293661554,354.98092293661557,14.677076756043673,14.677076756043673,19.036549215441593,19.036549215441593,0.5174384845984501,0.5174384845984501,0.8862606327605818,0.34956541100254734,0.21509946752108694,169.0501699501571,36.36260154062805,0.3685765789153585,
58,24,1.303176,0.229796,0.003953,0.322023646659596,172.98138486200742,352.9813848620074,14.50835312235489,14.50835312235489,17.62284266421613,17.62284266421613,0.4845827076531002,0.4845827076531002,0.906483935388497,0.34071660618330496,0.2079322066989085,161.94400896158243,33.67337514504965,0.35630731615703554,
0,25,0.42875,0.005822,,,,,,,,,,,,,,,,,nan_exist
1,25,0.432037,0.006664,,,,,,,,,,,,,,,,,nan_exist
2,25,0.428901,0.00586,,,,,,,,,,,,,,,,,nan_exist
3,25,0.438345,0.008279,,,,,,,,,,,,,,,,,nan_exist
4,25,0.433601,0.007064,,,,,,,,,,,,,,,,,nan_exist
5,25,0.440782,0.008904,,,,,,,,,,,,,,,,,nan_exist
6,25,0.445578,0.010132,,,,,,,,,,,,,,,,,nan_exist
7,25,0.468143,0.015912,,,,,,,,,,,,,,,,,nan_exist
8,25,0.498023,0.023565,,,,,,,,,,,,,,,,,nan_exist
9,25,0.597405,0.049021,,,,,,,,,,,,,,,,,nan_exist
10,25,1.461606,0.270376,,,,,,,,,,,,,,,,,nan_exist
11,25,2.334168,0.493872,,,,,,,,,,,,,,,,,nan_exist
12,25,2.705965,0.589104,,,,,,,,,,,,,,,,,nan_exist
13,25,3.164135,0.706459,0.002339,0.1905421982132039,13.018338893359438,193.01833889335944,19.832515327773386,19.832515327773386,31.621260131887276,31.621260131887276,0.6360795601411151,0.6360795601411151,0.7852043824810432,0.1819667315211713,0.13957460295978882,431.00496070713984,60.15734626439843,1.0301322623409483,
14,25,3.623978,0.824242,0.004836,0.3939555667204165,13.018338893359438,193.01833889335944,24.838370099058725,24.838370099058725,37.97335994163236,37.97335994163236,0.609910342313215,0.609910342313215,0.7539582850812873,0.1611466578011439,0.15186466586285008,478.2602070704871,72.63082654225701,1.1267482792450836,
15,25,4.076329,0.940106,0.007634,0.6218893292687468,13.018338893359438,193.01833889335944,6.579142239893398,6.579142239893398,16.37757033358994,16.37757033358994,0.9930937830617704,0.9930937830617704,0.38484157673103103,0.169911164495422,0.06012158532520872,496.8343719342737,29.87047008474292,1.2971219495820299,
16,25,4.470907,1.0,0.00913,0.7437581315461957,15.017876967967549,195.01787696796754,7.202990580925831,7.202990580925831,13.998266919874062,13.998266919874062,0.7753030444702732,0.7753030444702732,0.43563510748279344,0.12490251327038075,0.045427204677918824,548.2784146714187,24.906755763763385,1.453810163632376,
17,25,4.366484,1.0,,,,,,,,,,,,,,,,,nan_exist
18,25,4.1621,0.962076,,,,,,,,,,,,,,,,,nan_exist
19,25,3.999258,0.920366,,,,,,,,,,,,,,,,,nan_exist
20,25,3.873904,0.888258,0.011064,0.9013077729931116,7.019724669535155,187.01972466953515,3.397602842728669,3.397602842728669,7.9490205749273946,7.9490205749273946,0.9333640634031848,0.9333640634031848,-0.1463530303065681,0.12954293775714554,0.0289436841369814,455.63091472190285,13.187637278754664,1.229009104008745,
21,25,3.75104,0.856788,,,,,,,,,,,,,,,,,nan_exist
22,25,3.809781,0.871833,,,,,,,,,,,,,,,,,nan_exist
23,25,3.728818,0.851095,,,,,,,,,,,,,,,,,nan_exist
24,25,3.558488,0.807468,,,,,,,,,,,,,,,,,nan_exist
25,25,3.813317,0.872739,,,,,,,,,,,,,,,,,nan_exist
26,25,3.488311,0.789492,,,,,,,,,,,,,,,,,nan_exist
27,25,2.519912,0.541448,0.004334,0.3530610889508447,15.017876967967549,195.01787696796754,7.592484139061232,7.592484139061232,9.50261926058104,9.50261926058104,0.49930912309703057,0.49930912309703057,0.667871860172498,0.1311450012191333,0.04959486518140566,343.69738038240996,17.04562524326792,0.9073659864976168,
28,25,2.147997,0.446187,,,,,,,,,,,,,,,,,nan_exist
29,25,2.077255,0.428067,0.004312,0.3512689006820587,15.017876967967549,195.01787696796754,7.107069385866641,7.107069385866641,4.78131671181025,4.78131671181025,0.2683904277231793,0.2683904277231793,0.4045307211791699,0.08123251788939466,0.027342088973725868,290.21217388688024,7.935007079673483,0.78410324113113,
30,25,1.909375,0.385067,0.002827,0.2302961925390028,13.018338893359438,193.01833889335944,6.127865229809597,6.127865229809597,3.938100886787871,3.938100886787871,0.2563820987092553,0.2563820987092553,0.3745416056025802,0.07874542572108503,0.023700531008009746,268.5067186231256,6.363751810586336,0.7281749078126091,
31,25,1.611627,0.308802,,,,,,,,,,,,,,,,,nan_exist
32,25,1.857182,0.371698,,,,,,,,,,,,,,,,,nan_exist
33,25,1.872752,0.375686,0.002797,0.2278522994452037,9.01926274414324,189.01926274414325,4.3838207610670406,4.3838207610670406,4.965922534336792,4.965922534336792,0.4519154792412109,0.4519154792412109,0.30051360378301906,0.1314865422074765,0.03480391428232666,244.32568997133913,8.503490370732806,0.6550616655572398,
34,25,1.812642,0.36029,,,,,,,,,,,,,,,,,nan_exist
35,25,2.053184,0.421902,,,,,,,,,,,,,,,,,nan_exist
36,25,2.093768,0.432297,,,,,,,,,,,,,,,,,nan_exist
37,25,2.075476,0.427611,0.005112,0.4164393831833684,181.0626837309819,1.0626837309818882,24.61262199646175,24.61262199646175,29.20849441850535,29.20849441850535,0.4734360838144826,0.4734360838144826,0.9106933423330449,0.20474728091684263,0.19243139806838322,291.85879088348804,56.1627951682575,0.6547110992089737,
38,25,2.16728,0.451126,,,,,,,,,,,,,,,,,nan_exist
39,25,2.103254,0.434726,0.003476,0.2831657464681902,185.06175988019808,5.061759880198082,20.551010981561575,20.551010981561575,36.88440548344226,36.88440548344226,0.7160109470048787,0.7160109470048787,0.927989176885614,0.2860709271215018,0.22924055910533278,309.9542109072732,71.05407660543554,0.6636114841717713,
40,25,2.093879,0.432325,,,,,,,,,,,,,,,,,nan_exist
41,25,2.067869,0.425663,,,,,,,,,,,,,,,,,nan_exist
42,25,1.938649,0.392565,,,,,,,,,,,,,,,,,nan_exist
43,25,1.838265,0.366853,0.002741,0.223290365670112,178.97999908583176,358.97999908583176,26.029565133031845,26.029565133031845,24.081860771210764,24.081860771210764,0.3690907782468051,0.3690907782468051,0.8859360014649829,0.19140358597506885,0.19028497385974516,243.48618485267355,46.331762319900065,0.5476511737021486,
44,25,1.593677,0.304204,0.002663,0.2169362436262343,178.97999908583176,358.97999908583176,23.434181182793093,23.434181182793093,19.802807704239573,19.802807704239573,0.33712196736283756,0.33712196736283756,0.8657233709900602,0.20695572074477953,0.1853241113332533,205.07223571579172,38.00482984315255,0.46407612742399773,
45,25,1.203882,0.204363,0.001288,0.1049244768271084,172.98138486200742,352.9813848620074,22.98374753006902,22.98374753006902,13.658547029968561,13.658547029968561,0.2370793488736826,0.2370793488736826,0.8268872730815662,0.18453203947955804,0.16163539561704113,161.55407292180433,26.112856490260157,0.37622560119873383,
46,25,1.185226,0.199584,0.002107,0.1716427582878241,176.98046101122364,356.9804610112236,23.269981675148546,23.269981675148546,10.78112627591105,10.78112627591105,0.18483242324170435,0.18483242324170435,0.7359710923807693,0.147631078153875,0.12963248300704597,157.6310078335738,20.434098944369282,0.3811025246922347,
47,25,1.212333,0.206527,0.001912,0.1557574531781299,176.98046101122364,356.9804610112236,25.14525514545226,25.14525514545226,11.920611994908425,11.920611994908425,0.1891265809601275,0.1891265809601275,0.761836716930716,0.1490710194762258,0.14162049113452074,160.30044822222789,22.701828206315724,0.38221838893308935,
48,25,1.171104,0.195967,0.00195,0.1588530510969421,176.98046101122364,356.9804610112236,26.434987597519946,26.434987597519946,11.064571926714931,11.064571926714931,0.16698042848801825,0.16698042848801825,0.756644570227361,0.13442281430629788,0.13415421494210308,156.85920623208315,21.04332366850656,0.37726634045437946,
49,25,1.135609,0.186876,0.001428,0.1163293112648376,176.98046101122364,356.9804610112236,26.962216892588238,26.962216892588238,9.674511158611017,9.674511158611017,0.14314741101449863,0.14314741101449863,0.7047743614665121,0.11793150147325443,0.11960347429573133,153.13891559163335,18.31594635464009,0.3745082478805368,
50,25,1.101232,0.17807,0.001861,0.1516028349186714,343.02526777423793,163.02526777423793,8.093467494537055,8.093467494537055,4.046592932962557,4.046592932962557,0.19946419919794162,0.19946419919794162,0.47030491793155405,0.1262640861850606,0.0496962817977162,146.39755929451366,7.275414361198017,0.38645040259254343,
51,25,1.126802,0.18462,0.001368,0.1114415250772394,345.0248058488461,165.02480584884609,6.852282289351471,6.852282289351471,4.179391963203316,4.179391963203316,0.24332566728647648,0.24332566728647648,0.5150900608348099,0.14157645395788565,0.05064126059257347,148.6693651069481,7.528804060513409,0.3920571140178742,
52,25,1.150224,0.190619,0.002,0.162926206253274,172.98138486200742,352.9813848620074,2.2904632606189574,2.2904632606189574,1.8112269004392816,1.8112269004392816,0.3154711111980039,0.3154711111980039,0.00537330892999377,0.11703855212209935,0.020060860657990346,141.63891837885808,2.8413986053467397,0.38554866603753146,
53,25,1.185167,0.199569,0.001733,0.1411755577184619,172.98138486200742,352.9813848620074,2.3216844904226956,2.3216844904226956,2.2305133302507727,2.2305133302507727,0.3832760558580585,0.3832760558580585,-0.05367181140772792,0.14556667654988104,0.026530850385119154,139.25326152974384,3.6945074472855026,0.3765520946734954,
54,25,1.287848,0.22587,0.004826,0.3931409356891502,174.98092293661554,354.98092293661557,19.253540857321394,19.253540857321394,15.570685338762312,15.570685338762312,0.3226318090003106,0.3226318090003106,0.8610747809349331,0.2435708620786924,0.18362304426146178,162.19782123210996,29.783257707216393,0.3678182320135932,
55,25,1.362902,0.245094,0.00333,0.2712721334117012,174.98092293661554,354.98092293661557,16.391238303289455,16.391238303289455,16.92325248324317,16.92325248324317,0.4118908414698201,0.4118908414698201,0.8887399636428867,0.2880256863909916,0.19159552316781425,168.61099062988205,32.30511096157568,0.37862744352307326,
56,25,1.406611,0.256289,0.003564,0.2903344995433342,174.98092293661554,354.98092293661557,15.891236270517773,15.891236270517773,19.269101988965932,19.269101988965932,0.48374206750846976,0.48374206750846976,0.889006096650884,0.33098577965672554,0.21589735425683582,170.803686623999,36.87606403943508,0.3720211738460109,
57,25,1.420123,0.259751,0.006709,0.5465359588766076,174.98092293661554,354.98092293661557,15.591538407012315,15.591538407012315,19.614565863529634,19.614565863529634,0.5018798934658859,0.5018798934658859,0.8837175020935135,0.34194959700597516,0.22004347269775776,170.5994367201469,37.5392924961825,0.3696115117332345,
58,25,1.384886,0.250725,0.006666,0.5430330454421622,174.98092293661554,354.98092293661557,15.564710587031223,15.564710587031223,18.975518640078707,18.975518640078707,0.48636539919864985,0.48636539919864985,0.881620550163715,0.33652933483351943,0.21616929119320005,167.9182192621924,36.29876243633248,0.3656096022940553,
0,26,0.432513,0.006786,,,,,,,,,,,,,,,,,nan_exist
1,26,0.42964,0.00605,,,,,,,,,,,,,,,,,nan_exist
2,26,0.436653,0.007846,,,,,,,,,,,,,,,,,nan_exist
3,26,0.439263,0.008515,,,,,,,,,,,,,,,,,nan_exist
4,26,0.438553,0.008333,,,,,,,,,,,,,,,,,nan_exist
5,26,0.440355,0.008794,,,,,,,,,,,,,,,,,nan_exist
6,26,0.451954,0.011765,,,,,,,,,,,,,,,,,nan_exist
7,26,0.46979,0.016334,,,,,,,,,,,,,,,,,nan_exist
8,26,0.491005,0.021768,,,,,,,,,,,,,,,,,nan_exist
9,26,0.69979,0.075246,,,,,,,,,,,,,,,,,nan_exist
10,26,1.713082,0.334788,8e-05,0.0065170482501309,7.019724669535155,187.01972466953515,20.006411843120166,20.006411843120166,23.909365432037884,23.909365432037884,0.47676998970150053,0.47676998970150053,0.7294942132041136,0.28405345128346743,0.22241805515271384,206.9486773235755,46.0291223267362,0.4469987638801092,
11,26,2.526904,0.54324,,,,,,,,,,,,,,,,,nan_exist
12,26,2.929315,0.646312,,,,,,,,,,,,,,,,,nan_exist
13,26,3.262031,0.731534,,,,,,,,,,,,,,,,,nan_exist
14,26,3.46434,0.783353,,,,,,,,,,,,,,,,,nan_exist
15,26,3.9568,0.909491,,,,,,,,,,,,,,,,,nan_exist
16,26,4.560618,1.0,,,,,,,,,,,,,,,,,nan_exist
17,26,4.390561,1.0,,,,,,,,,,,,,,,,,nan_exist
18,26,4.212319,0.974939,,,,,,,,,,,,,,,,,nan_exist
19,26,3.908902,0.897222,0.01057,0.861065000048553,9.01926274414324,189.01926274414325,20.08693739539959,20.08693739539959,46.33403604034803,46.33403604034803,0.9202301791597184,0.9202301791597184,0.8858314536177243,0.22532709839693643,0.1758850341606977,504.2892069253269,88.69692438693227,1.1544230070510961,
20,26,3.753491,0.857415,,,,,,,,,,,,,,,,,nan_exist
21,26,3.742569,0.854618,0.007976,0.6497497105380567,9.01926274414324,189.01926274414325,26.94763225666761,26.94763225666761,27.57809078731978,27.57809078731978,0.40827581150803605,0.40827581150803605,0.7055370614393486,0.10422381133663722,0.10503858577574231,494.36233640319097,51.927120676582945,1.228986710351689,
22,26,3.751176,0.856822,,,,,,,,,,,,,,,,,nan_exist
23,26,3.540513,0.802864,,,,,,,,,,,,,,,,,nan_exist
24,26,3.592162,0.816093,0.006964,0.5673090501739,13.018338893359438,193.01833889335944,6.847213097275157,6.847213097275157,12.245204074000881,12.245204074000881,0.7134478754877455,0.7134478754877455,0.4285919954722146,0.13348116240630678,0.047183620753832145,462.0951359938711,21.803321648925305,1.2230328176248495,
25,26,3.807812,0.871329,,,,,,,,,,,,,,,,,nan_exist
26,26,3.385938,0.763271,,,,,,,,,,,,,,,,,nan_exist
27,26,2.402658,0.511415,0.005559,0.452853390280975,15.017876967967549,195.01787696796754,6.971948288824895,6.971948288824895,6.3150108405332235,6.3150108405332235,0.3613516224037741,0.3613516224037741,0.5432049653961258,0.09605683247022224,0.03293449793231127,327.78389334874987,10.79539795773934,0.8805235983083626,
28,26,2.307839,0.487128,0.005166,0.4208383907522067,19.016953117183746,199.01695311718373,8.515607790328186,8.515607790328186,5.048917225750725,5.048917225750725,0.2365335042657528,0.2365335042657528,0.47266810563415695,0.06955621102511374,0.02585616758048204,321.6677230991786,8.317094553684456,0.8704184126263727,
29,26,2.185807,0.455872,0.003185,0.2594599834583388,17.01741504257566,197.01741504257566,7.413475204327232,7.413475204327232,3.997561945825029,3.997561945825029,0.2151213074514023,0.2151213074514023,0.3399110458343315,0.06254111202246852,0.020454247208163488,307.50931385815323,6.289871524467401,0.8367206731491273,
30,26,2.074212,0.427288,,,,,,,,,,,,,,,,,nan_exist
31,26,1.833884,0.365731,0.002301,0.1874466002943917,11.018800818751352,191.01880081875134,5.041992273883942,5.041992273883942,2.6997049552342753,2.6997049552342753,0.21361128552911404,0.21361128552911404,0.21230813393030623,0.06343134833847917,0.015543302058152266,254.96284186958374,3.962964464783852,0.6972218816799997,
32,26,2.000885,0.408506,0.004735,0.3857277933046261,13.018338893359438,193.01833889335944,7.022770456471994,7.022770456471994,7.200046878985001,7.200046878985001,0.40901281605357986,0.40901281605357986,0.5288805302735714,0.13294934890639748,0.047718311243131244,268.81365867035777,12.827333830836977,0.7110731245542244,
33,26,1.925083,0.38909,,,,,,,,,,,,,,,,,nan_exist
34,26,2.001048,0.408548,,,,,,,,,,,,,,,,,nan_exist
35,26,2.188184,0.45648,,,,,,,,,,,,,,,,,nan_exist
36,26,2.15869,0.448926,,,,,,,,,,,,,,,,,nan_exist
37,26,2.170681,0.451997,,,,,,,,,,,,,,,,,nan_exist
38,26,2.216639,0.463769,,,,,,,,,,,,,,,,,nan_exist
39,26,2.099623,0.433796,0.003831,0.3120851480781463,5.020186594927044,185.02018659492705,20.95279537404939,20.95279537404939,33.398130100347295,33.398130100347295,0.6359020811074367,0.6359020811074367,0.8832395378733933,0.25925433625952143,0.2107450742545957,304.7554329246218,64.22570634119089,0.6681381293984192,
40,26,2.118557,0.438646,,,,,,,,,,,,,,,,,nan_exist
41,26,2.070062,0.426225,0.001439,0.1172254053992306,181.0626837309819,1.0626837309818882,20.547215614064633,20.547215614064633,33.63395403993336,33.63395403993336,0.6530328281766473,0.6530328281766473,0.9447260820222287,0.2649364321216644,0.2117209391987522,305.25448957762217,64.62876722800988,0.6684047843044786,
42,26,1.954344,0.396585,,,,,,,,,,,,,,,,,nan_exist
43,26,1.855186,0.371187,0.002749,0.2239420704951251,181.0626837309819,1.0626837309818882,25.673850396689424,25.673850396689424,22.240643812000872,22.240643812000872,0.34559417550784505,0.34559417550784505,0.874160004198322,0.1795173571670456,0.1755089478123137,243.1656885518616,42.677754141794,0.5569109289168545,
44,26,1.58463,0.301887,0.002954,0.2406420066360857,178.97999908583176,358.97999908583176,24.341251937992023,24.341251937992023,18.79293237138054,18.79293237138054,0.30800779330362293,0.30800779330362293,0.839124924989975,0.1908984799149976,0.17701704602905852,203.5983552871127,36.040379429299435,0.4654388218272591,
45,26,1.265024,0.220024,0.001226,0.0998737644332569,172.98138486200742,352.9813848620074,2.3102250259973016,2.3102250259973016,2.3509098311816006,2.3509098311816006,0.4059679548596624,0.4059679548596624,-0.07239795732926657,0.14279124864479448,0.025839818586931664,150.01106566932037,3.876258722927531,0.4059300192955357,
46,26,1.199164,0.203154,0.000872,0.0710358259264274,172.98138486200742,352.9813848620074,2.3084490581859356,2.3084490581859356,2.001280183868121,2.001280183868121,0.34585787260211637,0.34585787260211637,-0.03286689236558149,0.12462289296225743,0.02183097386764445,146.37600847379895,3.1955308158416074,0.3977235490498815,
47,26,1.215792,0.207413,0.002088,0.170094959328418,174.98092293661554,354.98092293661557,27.419693534409735,27.419693534409735,13.94364834202255,13.94364834202255,0.20287283151802307,0.20287283151802307,0.7767182093489335,0.1606385086935033,0.16818197320330722,159.07607155136603,26.75372760293922,0.3675620665234078,
48,26,1.186714,0.199965,0.003016,0.2456927190299372,176.98046101122364,356.9804610112236,27.045536107231086,27.045536107231086,11.960733204518604,11.960733204518604,0.1764299350903977,0.1764299350903977,0.7578173295417339,0.14112081505695162,0.144752927903033,157.6630657309833,22.82219038672818,0.37455798706737536,
49,26,1.132721,0.186136,0.001468,0.1195878353899031,176.98046101122364,356.9804610112236,26.928519791527126,26.928519791527126,10.211538726880827,10.211538726880827,0.15128252787927757,0.15128252787927757,0.7254323632826261,0.12527746155805006,0.12723142676919122,152.35347021630184,19.384149388857566,0.36935922452067854,
50,26,1.108382,0.179902,0.000819,0.0667182814607156,343.02526777423793,163.02526777423793,8.161785306310922,8.161785306310922,4.186915305067533,4.186915305067533,0.20465345227345666,0.20465345227345666,0.45963635680282877,0.1294401849867782,0.051362751609432725,147.0186507934883,7.551282442659868,0.38740935653007896,
51,26,1.173443,0.196566,0.001321,0.1076127592302874,345.0248058488461,165.02480584884609,6.952953158532598,6.952953158532598,4.769380192075012,4.769380192075012,0.2736545704457744,0.2736545704457744,0.540587856006947,0.1560909840392664,0.0569136729843808,152.58461840644827,8.684151074431128,0.3997235203667143,
52,26,1.192551,0.201461,0.002191,0.1784856589504616,174.98092293661554,354.98092293661557,22.400472290340367,22.400472290340367,12.182069402752884,12.182069402752884,0.2169571464633128,0.2169571464633128,0.7736041587185032,0.17733449766124285,0.15130214470455544,153.45566240705284,23.218170839245317,0.3617708099105764,
53,26,1.213321,0.206781,0.003557,0.2897642578214477,172.98138486200742,352.9813848620074,21.994842848888407,21.994842848888407,14.943423881424097,14.943423881424097,0.2710437006173858,0.2710437006173858,0.8417861280184693,0.21831056382661174,0.18453224933512377,155.3588880731296,28.66872507033834,0.35191711945219795,
54,26,1.3386,0.238869,0.005116,0.4167652355958748,172.98138486200742,352.9813848620074,19.077409302199932,19.077409302199932,17.31137626488621,17.31137626488621,0.36201141436979817,0.36201141436979817,0.8802297858037686,0.2659506242862249,0.19960813649534473,166.3644993815359,33.20770770052931,0.36987997689168495,
55,26,1.414037,0.258192,0.004599,0.3746488112794035,172.98138486200742,352.9813848620074,17.83738138602524,17.83738138602524,18.825674368575925,18.825674368575925,0.4210459652210216,0.4210459652210216,0.8831899275397711,0.29293720997727646,0.2086393728763047,173.08676074119234,36.112713214233366,0.3804834653526638,
56,26,1.395249,0.253379,0.00644,0.5246223841355423,174.98092293661554,354.98092293661557,15.29795157381673,15.29795157381673,18.299444621078713,18.299444621078713,0.47721566720788555,0.47721566720788555,0.8859067929276649,0.3244759069617174,0.20548416112785933,170.06764901357855,34.9462081925424,0.3753373356139893,
57,26,1.346071,0.240783,0.004829,0.3933853249985301,174.98092293661554,354.98092293661557,15.16956207482671,15.16956207482671,18.85903294740052,18.85903294740052,0.49597118051858224,0.49597118051858224,0.8849228838765708,0.34778335602121624,0.2193130614109245,164.45986351237497,36.06819614612175,0.3566435204618145,
58,26,1.327786,0.236099,0.004445,0.3621034933979015,174.98092293661554,354.98092293661557,16.478529898415676,16.478529898415676,18.77403204082864,18.77403204082864,0.45451597933003973,0.45451597933003973,0.8866173268628422,0.3274292244259014,0.2195801694942479,163.82183367822398,35.97202600592291,0.35513835464528076,
0,27,0.431875,0.006622,,,,,,,,,,,,,,,,,nan_exist
1,27,0.423535,0.004486,,,,,,,,,,,,,,,,,nan_exist
2,27,0.435873,0.007646,,,,,,,,,,,,,,,,,nan_exist
3,27,0.434918,0.007402,,,,,,,,,,,,,,,,,nan_exist
4,27,0.433662,0.00708,,,,,,,,,,,,,,,,,nan_exist
5,27,0.439742,0.008637,,,,,,,,,,,,,,,,,nan_exist
6,27,0.44315,0.00951,,,,,,,,,,,,,,,,,nan_exist
7,27,0.452977,0.012027,,,,,,,,,,,,,,,,,nan_exist
8,27,0.484532,0.02011,,,,,,,,,,,,,,,,,nan_exist
9,27,0.830135,0.108632,0.000324,0.0263940454130303,11.018800818751352,191.01880081875134,5.214826392213546,5.214826392213546,1.5225403269342266,1.5225403269342266,0.11647668864628431,0.11647668864628431,0.3066103956411509,0.07843382895672107,0.021010957166952674,114.12286054546047,2.397830534690783,0.31034730558547136,
10,27,1.921934,0.388283,,,,,,,,,,,,,,,,,nan_exist
11,27,2.664488,0.57848,,,,,,,,,,,,,,,,,nan_exist
12,27,3.015931,0.668498,,,,,,,,,,,,,,,,,nan_exist
13,27,3.350935,0.754305,0.003029,0.2467517393705834,9.01926274414324,189.01926274414325,22.55466886531614,22.55466886531614,36.45921179980924,36.45921179980924,0.6448829368282925,0.6448829368282925,0.7899289041906834,0.1792849538304853,0.15414281394181134,451.57449448604893,69.60696328443055,1.0610209200044955,
14,27,3.514904,0.796304,0.004645,0.3783961140232288,11.018800818751352,191.01880081875134,5.393081168626621,5.393081168626621,11.533344917200262,11.533344917200262,0.8531558821496196,0.8531558821496196,0.24359356075463723,0.14964758538664405,0.046077249154578684,444.6184361332989,20.486794460433146,1.1781434490912939,
15,27,3.957343,0.909629,0.00722,0.5881636045743192,15.017876967967549,195.01787696796754,7.946074293116376,7.946074293116376,18.044951358269667,18.044951358269667,0.9059686304263955,0.9059686304263955,0.5192664208914194,0.16918436641779266,0.06747511253729725,492.45173655002765,33.22823634290057,1.2756208339086863,
16,27,4.522507,1.0,0.00903,0.7356118212335321,19.016953117183746,199.01695311718373,11.777491665275589,11.777491665275589,25.67503050585246,25.67503050585246,0.8696975137397776,0.8696975137397776,0.5851054617008988,0.16985452916540808,0.0879481613850658,546.9490280593182,48.10316138916579,1.3856829629726455,
17,27,4.440885,1.0,,,,,,,,,,,,,,,,,nan_exist
18,27,4.258443,0.986753,,,,,,,,,,,,,,,,,nan_exist
19,27,3.907738,0.896924,,,,,,,,,,,,,,,,,nan_exist
20,27,3.589898,0.815513,,,,,,,,,,,,,,,,,nan_exist
21,27,3.6473,0.830216,,,,,,,,,,,,,,,,,nan_exist
22,27,3.797523,0.868693,,,,,,,,,,,,,,,,,nan_exist
23,27,3.682615,0.839261,0.005909,0.481365476375298,9.01926274414324,189.01926274414325,4.131697291013271,4.131697291013271,6.201713077384113,6.201713077384113,0.5988157851903623,0.5988157851903623,0.06553920514322498,0.0862822525065986,0.020123397079708664,480.33397379536996,9.665951285558606,1.307411173638365,
24,27,3.556645,0.806996,,,,,,,,,,,,,,,,,nan_exist
25,27,3.649597,0.830804,0.007405,0.6032342786527469,15.017876967967549,195.01787696796754,8.461783330435367,8.461783330435367,21.920784115189626,21.920784115189626,1.0334851722859355,1.0334851722859355,0.678655981148276,0.21184140680348598,0.08928325909645002,460.0919246069642,41.07850651286793,1.1639261613724896,
26,27,3.23165,0.723752,,,,,,,,,,,,,,,,,nan_exist
27,27,2.515366,0.540284,,,,,,,,,,,,,,,,,nan_exist
28,27,2.250437,0.472426,0.003025,0.2464258869580769,15.017876967967549,195.01787696796754,6.518776095721106,6.518776095721106,3.969348015648291,3.969348015648291,0.24291994782717877,0.24291994782717877,0.3111804677127856,0.06612018125482685,0.019954566614480137,311.15086876880366,6.20888073800046,0.8470610778633422,
29,27,1.987043,0.40496,,,,,,,,,,,,,,,,,nan_exist
30,27,1.895335,0.38147,0.002697,0.21970598913254,341.0257296996299,161.0257296996299,7.953412172916875,7.953412172916875,3.3806562438411962,3.3806562438411962,0.1695733456093128,0.1695733456093128,0.20792138696165974,0.05802235935381023,0.01961991449941552,268.94071919243163,5.276593915966828,0.7324003479901801,
31,27,1.99083,0.40593,,,,,,,,,,,,,,,,,nan_exist
32,27,2.092271,0.431913,0.00249,0.2028431267853261,11.018800818751352,191.01880081875134,5.4682465111646925,5.4682465111646925,5.69239327754736,5.69239327754736,0.4152951682865589,0.4152951682865589,0.38560130166736384,0.1174014328665967,0.035242871370285665,277.56807093520206,9.782295820467652,0.7438493753187067,
33,27,2.014033,0.411874,,,,,,,,,,,,,,,,,nan_exist
34,27,2.035155,0.417284,0.003387,0.2759155302899195,11.018800818751352,191.01880081875134,5.82124655177175,5.82124655177175,6.590902857968599,6.590902857968599,0.4516884472556886,0.4516884472556886,0.4447162035412917,0.13567062499976468,0.04320366334038057,268.45329227967557,11.598165662267888,0.7134864628261324,
35,27,2.216247,0.463668,,,,,,,,,,,,,,,,,nan_exist
36,27,2.157548,0.448633,0.003902,0.3178690284001376,181.0626837309819,1.0626837309818882,24.88982580400012,24.88982580400012,27.32623906779096,27.32623906779096,0.4379939102164073,0.4379939102164073,0.885747727490695,0.1821139125076539,0.17246622106417964,303.72383003304833,52.382101212939034,0.698171468944748,
37,27,2.137734,0.443558,0.003135,0.255386828302007,181.0626837309819,1.0626837309818882,24.224177061445047,24.224177061445047,31.810568687214133,31.810568687214133,0.5238807816155627,0.5238807816155627,0.9073428742942775,0.21678767490935888,0.20086397968997935,304.7960544242817,61.222548485464756,0.6765930720522693,
38,27,2.191546,0.457341,,,,,,,,,,,,,,,,,nan_exist
39,27,2.117211,0.438301,,,,,,,,,,,,,,,,,nan_exist
40,27,2.126723,0.440738,,,,,,,,,,,,,,,,,nan_exist
41,27,2.09687,0.433091,0.002543,0.2071606712510379,181.0626837309819,1.0626837309818882,19.786529366982908,19.786529366982908,33.16112975519655,33.16112975519655,0.6686052151875262,0.6686052151875262,0.9420501815046505,0.26649709540840555,0.20612900710573626,308.67913728231736,63.627724082259334,0.6806983700001612,
42,27,1.998313,0.407847,,,,,,,,,,,,,,,,,nan_exist
43,27,1.946466,0.394567,,,,,,,,,,,,,,,,,nan_exist
44,27,1.65456,0.319799,,,,,,,,,,,,,,,,,nan_exist
45,27,1.260608,0.218892,0.002236,0.1821514985911603,174.98092293661554,354.98092293661557,24.51582671590663,24.51582671590663,14.003004080891047,14.003004080891047,0.22786873333855878,0.22786873333855878,0.8060749829765045,0.17209498789093197,0.1601968902730306,167.17219110366614,26.78046515493611,0.3899770165242501,
46,27,1.162624,0.193795,0.001521,0.1239053798556148,172.98138486200742,352.9813848620074,2.3502457052343715,2.3502457052343715,1.8963426760254019,1.8963426760254019,0.32189454486023034,0.32189454486023034,-0.1475099946766849,0.12182105142827755,0.021458759633343778,140.56137618988504,3.016272785390754,0.38206973167915076,
47,27,1.236236,0.21265,0.002393,0.1949412057820423,174.98092293661554,354.98092293661557,27.74128369669316,27.74128369669316,13.385815984674595,13.385815984674595,0.19249894894361344,0.19249894894361344,0.7648658323119959,0.15066300453835677,0.1594919793074063,160.77720065364932,25.642673959754546,0.37537368526081877,
48,27,1.174485,0.196833,0.001207,0.0983259654738508,174.98092293661554,354.98092293661557,25.46266075439692,25.46266075439692,11.289489643441037,11.289489643441037,0.17688075831372,0.17688075831372,0.7585575726121264,0.1445160387590726,0.13895965964407037,154.66868320560894,21.49270757584796,0.369933265638225,
49,27,1.135718,0.186903,0.001527,0.1243941584743746,345.0248058488461,165.02480584884609,29.562211373079332,29.562211373079332,10.8650370082828,10.8650370082828,0.14662376187045026,0.14662376187045026,0.6641122350980817,0.12113226153500027,0.13739784692917512,151.01307732080573,20.748871682027755,0.3618450156632722,
50,27,1.10676,0.179486,0.000117,0.0095311830658165,345.0248058488461,165.02480584884609,6.8525444572423515,6.8525444572423515,4.281712343279515,4.281712343279515,0.2492732585551586,0.2492732585551586,0.5320069091128086,0.14748702525819343,0.05298987008190626,146.20206111606672,7.747228224247294,0.3845967580328317,
51,27,1.116556,0.181995,0.00141,0.1148629754085581,345.0248058488461,165.02480584884609,7.357189233398762,7.357189233398762,4.8391733331841555,4.8391733331841555,0.2624033151185433,0.2624033151185433,0.6011279549003861,0.15995664323770037,0.06052985773273383,146.17695363599728,8.848070207391345,0.3814691206350165,
52,27,1.184079,0.199291,0.003621,0.2949778964215526,347.0243439234541,167.02434392345413,28.517214580151105,28.517214580151105,12.879750891236103,12.879750891236103,0.1801815944229182,0.1801815944229182,0.6624775557631863,0.14896899110816667,0.16296258799084204,151.7489998798284,24.729409745438815,0.35283219481774886,
53,27,1.261568,0.219138,0.002733,0.2226386608450989,347.0243439234541,167.02434392345413,23.760276467345456,23.760276467345456,15.142971873158395,15.142971873158395,0.254255111022599,0.254255111022599,0.7849257936221007,0.20079979256976804,0.1824134381273802,159.65619358928035,29.123435190951227,0.36259099555091423,
54,27,1.422116,0.260261,0.003819,0.3111075908406266,174.98092293661554,354.98092293661557,20.611572248838783,20.611572248838783,18.94930064713135,18.94930064713135,0.36676858615697416,0.36676858615697416,0.8651239206683606,0.2591381081523259,0.2076086955638219,175.40494964255336,36.41559279072837,0.38608154681062495,
55,27,1.394858,0.253279,0.005048,0.4112257445832636,174.98092293661554,354.98092293661557,17.5813862036784,17.5813862036784,18.161062676226916,18.161062676226916,0.4120958196715718,0.4120958196715718,0.8906342954406161,0.28686954188537267,0.20169392484287926,172.38034373216044,34.76806809310406,0.382256321219601,
56,27,1.381376,0.249826,0.004803,0.3912672843172375,174.98092293661554,354.98092293661557,16.136700186326635,16.136700186326635,18.675328437062188,18.675328437062188,0.4617039436749504,0.4617039436749504,0.8887763442361382,0.32085185989255943,0.21157200841318052,168.89398165042488,35.73323890667925,0.36989095206596007,
57,27,1.40017,0.25464,0.005109,0.4161949938739884,174.98092293661554,354.98092293661557,15.328867693810691,15.328867693810691,17.522321403593317,17.522321403593317,0.4560281292987381,0.4560281292987381,0.8805748586643325,0.30507856430767966,0.19311471670321273,172.99064203689414,33.407038829261694,0.38773223113231237,
58,27,1.479853,0.27505,0.004823,0.3928965463797702,174.98092293661554,354.98092293661557,16.34509989983861,16.34509989983861,19.561696141193085,19.561696141193085,0.47745120647225486,0.47745120647225486,0.8806804941396927,0.31307151502087044,0.20834790337189438,179.6258336009852,37.424665822194044,0.3950032438299755,
0,28,0.429697,0.006064,,,,,,,,,,,,,,,,,nan_exist
1,28,0.434925,0.007403,,,,,,,,,,,,,,,,,nan_exist
2,28,0.436651,0.007846,,,,,,,,,,,,,,,,,nan_exist
3,28,0.443251,0.009536,,,,,,,,,,,,,,,,,nan_exist
4,28,0.444742,0.009918,,,,,,,,,,,,,,,,,nan_exist
5,28,0.437832,0.008148,,,,,,,,,,,,,,,,,nan_exist
6,28,0.445664,0.010154,,,,,,,,,,,,,,,,,nan_exist
7,28,0.461445,0.014196,,,,,,,,,,,,,,,,,nan_exist
8,28,0.534753,0.032973,,,,,,,,,,,,,,,,,nan_exist
9,28,1.032904,0.160569,0.000187,0.0152336002846811,181.0626837309819,1.0626837309818882,35.65163468277538,35.65163468277538,11.854428313294454,11.854428313294454,0.13265121518946413,0.13265121518946413,0.7142142541073733,0.11184412542385114,0.16531851037465117,137.941725045739,22.80432050307128,0.31982612372963254,
10,28,2.116146,0.438029,,,,,,,,,,,,,,,,,nan_exist
11,28,2.697901,0.587038,,,,,,,,,,,,,,,,,nan_exist
12,28,3.076572,0.68403,,,,,,,,,,,,,,,,,nan_exist
13,28,3.373631,0.760119,0.001296,0.1055761816521215,9.01926274414324,189.01926274414325,24.034795196378827,24.034795196378827,41.173565462225525,41.173565462225525,0.6834206808732327,0.6834206808732327,0.8305452415719318,0.1875882112740511,0.17180458625570624,459.59105286978206,78.95985068511732,1.057308894957402,
14,28,3.784067,0.865247,,,,,,,,,,,,,,,,,nan_exist
15,28,4.138752,0.956095,0.006803,0.5541934905705115,15.017876967967549,195.01787696796754,7.487560191600614,7.487560191600614,15.164612152214737,15.164612152214737,0.8079808106510272,0.8079808106510272,0.40312801549576427,0.1414719279790544,0.053472656556421166,512.6236230776888,27.411346939541545,1.34781187816152,
16,28,4.432228,1.0,0.011178,0.9105945667495484,207.05667870088718,27.056678700887176,14.931716498297389,14.931716498297389,33.24980958225094,33.24980958225094,0.8883610172460168,0.8883610172460168,0.7964599599109254,0.18575615546978663,0.11499691091431846,551.6782486588164,63.44129441438514,1.356213761790087,
17,28,4.486459,1.0,,,,,,,,,,,,,,,,,nan_exist
18,28,4.216097,0.975906,0.007555,0.6154537441217425,17.01741504257566,197.01741504257566,8.977481610190019,8.977481610190019,28.611559381557587,28.611559381557587,1.2714435117932803,1.2714435117932803,0.7308897758470322,0.24189759250042195,0.1069343104311955,507.55931151160917,54.27550497942627,1.2591216848116191,
19,28,3.770221,0.8617,,,,,,,,,,,,,,,,,nan_exist
20,28,3.595083,0.816841,,,,,,,,,,,,,,,,,nan_exist
21,28,3.738302,0.853525,,,,,,,,,,,,,,,,,nan_exist
22,28,3.773505,0.862542,0.005187,0.4225491159178661,15.017876967967549,195.01787696796754,8.275899116932914,8.275899116932914,17.822409379691226,17.822409379691226,0.8591347646607058,0.8591347646607058,0.5266946842767022,0.1648923509737887,0.06730729132977083,487.075427436803,32.783727694061554,1.261921388174282,
23,28,3.679053,0.838349,0.005961,0.4856015577378831,13.018338893359438,193.01833889335944,6.290218344467575,6.290218344467575,10.11466344653779,10.11466344653779,0.6414987016156354,0.6414987016156354,0.43696712710480556,0.11038987588192155,0.036061026752637525,484.6485047754744,17.476922696334157,1.297698839108723,
24,28,3.602011,0.818616,,,,,,,,,,,,,,,,,nan_exist
25,28,3.537525,0.802098,0.00749,0.6101586424185111,15.017876967967549,195.01787696796754,8.182129930861832,8.182129930861832,19.941449247941225,19.941449247941225,0.972300281797792,0.972300281797792,0.6835176088603034,0.20193936192555348,0.08310421117975351,448.02532087219004,37.23279087963931,1.1410903610904186,
26,28,2.89737,0.63813,0.005364,0.4369680851712808,15.017876967967549,195.01787696796754,7.581780183429276,7.581780183429276,11.065461320475611,11.065461320475611,0.5822485308308818,0.5822485308308818,0.5973958619274247,0.135735419098087,0.05148082165905984,387.0082621015567,19.923503321832925,1.0196798854992326,
27,28,2.35716,0.499762,,,,,,,,,,,,,,,,,nan_exist
28,28,2.197655,0.458906,,,,,,,,,,,,,,,,,nan_exist
29,28,1.975204,0.401928,,,,,,,,,,,,,,,,,nan_exist
30,28,1.685641,0.32776,,,,,,,,,,,,,,,,,nan_exist
31,28,1.912065,0.385756,0.004201,0.342226496235002,11.018800818751352,191.01880081875134,5.470154180816292,5.470154180816292,4.008893752419187,4.008893752419187,0.29237150592316696,0.29237150592316696,0.27608386304670507,0.08750138790467188,0.024848922064798874,262.23612357724755,6.516284997345991,0.710332884944171,
32,28,1.983745,0.404116,,,,,,,,,,,,,,,,,nan_exist
33,28,1.879268,0.377355,,,,,,,,,,,,,,,,,nan_exist
34,28,1.889013,0.379851,0.004978,0.4055233273643989,11.018800818751352,191.01880081875134,6.154351979023045,6.154351979023045,7.131112629278695,7.131112629278695,0.46225863321121013,0.46225863321121013,0.48193819093754786,0.15199823256187955,0.05074506692295027,251.16984898727418,12.745630795886541,0.6622894949760768,
35,28,2.247879,0.47177,,,,,,,,,,,,,,,,,nan_exist
36,28,2.170102,0.451849,,,,,,,,,,,,,,,,,nan_exist
37,28,2.09831,0.43346,,,,,,,,,,,,,,,,,nan_exist
38,28,2.176593,0.453511,,,,,,,,,,,,,,,,,nan_exist
39,28,2.123686,0.43996,,,,,,,,,,,,,,,,,nan_exist
40,28,2.139283,0.443955,,,,,,,,,,,,,,,,,nan_exist
41,28,2.102774,0.434604,,,,,,,,,,,,,,,,,nan_exist
42,28,2.064215,0.424727,,,,,,,,,,,,,,,,,nan_exist
43,28,1.93265,0.391028,,,,,,,,,,,,,,,,,nan_exist
44,28,1.56974,0.298073,0.003042,0.2478107597112297,176.98046101122364,356.9804610112236,25.29168827630274,25.29168827630274,20.068601059788282,20.068601059788282,0.316555122133149,0.316555122133149,0.8536931416122008,0.1963961542985312,0.18958125146589302,203.56932774197475,38.59292791339411,0.4582677773016129,
45,28,1.229878,0.211021,0.001269,0.1033766778677023,174.98092293661554,354.98092293661557,22.825321804098976,22.825321804098976,14.394069943555994,14.394069943555994,0.2515803780040783,0.2515803780040783,0.8369427207058513,0.19267262161056495,0.16785977768278676,164.06164701174535,27.53935159366341,0.37922859838356093,
46,28,1.202173,0.203925,0.00048,0.0391022895007857,174.98092293661554,354.98092293661557,26.711592688285837,26.711592688285837,12.21434245665304,12.21434245665304,0.1824233279582066,0.1824233279582066,0.7648028159036027,0.14451268615967963,0.14634803957956558,159.31347927346337,23.31521537027112,0.3777729552866451,
47,28,1.197379,0.202697,0.002463,0.2006436230009069,176.98046101122364,356.9804610112236,25.193149908608095,25.193149908608095,12.331305559363232,12.331305559363232,0.19527050718252287,0.19527050718252287,0.7921005255238673,0.1562124256299682,0.14897880951387477,157.9335762655973,23.528756174317436,0.37334672247577744,
48,28,1.167152,0.194955,0.002721,0.2216611036075792,176.98046101122364,356.9804610112236,24.25419503948562,24.25419503948562,11.340466155721117,11.340466155721117,0.1865323265362263,0.1865323265362263,0.7688914226312897,0.15285716133653413,0.14007727551804908,154.02569950748745,21.575500346770554,0.3679172198908803,
49,28,1.148469,0.190169,0.00183,0.1490774787217457,174.98092293661554,354.98092293661557,25.860138122513593,25.860138122513593,10.533166273643817,10.533166273643817,0.16249431279706097,0.16249431279706097,0.7359835312882683,0.13404049052902717,0.13061295617127727,153.18574402105008,20.008042869885912,0.3699380587532338,
50,28,1.103813,0.178731,0.002292,0.186713432366252,172.98138486200742,352.9813848620074,2.2963073959981073,2.2963073959981073,1.3333215864996242,1.3333215864996242,0.2316407442460089,0.2316407442460089,-0.06749571870874926,0.08672610609086291,0.013443471662795733,140.5194454117007,1.8890691824639703,0.38508437841454646,
51,28,1.120504,0.183007,0.002163,0.1762046920629158,172.98138486200742,352.9813848620074,2.279397719843847,2.279397719843847,1.4400857017667337,1.4400857017667337,0.25204512088205294,0.25204512088205294,-0.03597411723491284,0.09321323557282957,0.014790376631441277,141.7573424637131,2.09664448531052,0.38794638327334047,
52,28,1.15996,0.193113,0.00282,0.2297259508171163,172.98138486200742,352.9813848620074,21.683630677717616,21.683630677717616,12.936001984252442,12.936001984252442,0.23800064701241888,0.23800064701241888,0.8373954762690395,0.1950369196246642,0.16208062204981508,152.46349651237716,24.711378354615903,0.35486699488267015,
53,28,1.269928,0.22128,0.004075,0.3319621452410457,172.98138486200742,352.9813848620074,22.026381073642327,22.026381073642327,16.24064752722154,16.24064752722154,0.29415095189916535,0.29415095189916535,0.8440388609847378,0.2287242708036142,0.19387771867533254,160.93811488298024,31.202314561420792,0.3603772231154429,
54,28,1.39857,0.25423,0.004079,0.3322879976535523,174.98092293661554,354.98092293661557,19.83418575706877,19.83418575706877,19.78534405313256,19.78534405313256,0.39795988460330634,0.39795988460330634,0.8915400077018611,0.28370322968119643,0.22039727681818677,172.65850555096824,38.05346444293119,0.3739028919667696,
55,28,1.462995,0.270732,0.004686,0.381736101251421,174.98092293661554,354.98092293661557,17.92192743425443,17.92192743425443,19.331408013810783,19.331408013810783,0.4303173319215616,0.4303173319215616,0.8930790244778812,0.2906877554647256,0.20765696307709297,178.4270626724487,37.05162196532683,0.392709557519783,
56,28,1.427754,0.261705,0.004106,0.3344875014379715,174.98092293661554,354.98092293661557,15.467428379173084,15.467428379173084,18.423256872426656,18.423256872426656,0.4751802257577476,0.4751802257577476,0.8962805307343512,0.315675802960026,0.20141294479417418,174.62884187242344,35.172509287520995,0.38737870162472904,
57,28,1.407122,0.256421,0.005499,0.4479656040933769,172.98138486200742,352.9813848620074,15.400677091612254,15.400677091612254,17.480370023776295,17.480370023776295,0.45281507027663476,0.45281507027663476,0.8746729800612663,0.30069632164415216,0.19110991753364087,174.57028308042104,33.36211240332361,0.3922449185474928,
58,28,1.480274,0.275158,0.007154,0.5827870397679611,174.98092293661554,354.98092293661557,16.2314274553888,16.2314274553888,19.017577593873114,19.017577593873114,0.46742135242652927,0.46742135242652927,0.8704646505947738,0.3042701027371983,0.20121870781049447,180.6223722027603,36.344600336305604,0.40077158851792966,
0,29,0.428719,0.005814,,,,,,,,,,,,,,,,,nan_exist
1,29,0.431864,0.00662,,,,,,,,,,,,,,,,,nan_exist
2,29,0.432459,0.006772,,,,,,,,,,,,,,,,,nan_exist
3,29,0.429382,0.005984,,,,,,,,,,,,,,,,,nan_exist
4,29,0.436031,0.007687,,,,,,,,,,,,,,,,,nan_exist
5,29,0.432802,0.00686,,,,,,,,,,,,,,,,,nan_exist
6,29,0.443817,0.009681,,,,,,,,,,,,,,,,,nan_exist
7,29,0.476506,0.018054,,,,,,,,,,,,,,,,,nan_exist
8,29,0.587827,0.046568,,,,,,,,,,,,,,,,,nan_exist
9,29,1.142222,0.188569,0.000817,0.0665553552544624,181.0626837309819,1.0626837309818882,35.685786547627394,35.685786547627394,15.867494093981945,15.867494093981945,0.17738755091360858,0.17738755091360858,0.7832229461052744,0.13664777144262039,0.20358389976063504,150.86277158225042,30.713231367412448,0.33374872281899437,
10,29,2.240059,0.469768,,,,,,,,,,,,,,,,,nan_exist
11,29,2.763861,0.603933,,,,,,,,,,,,,,,,,nan_exist
12,29,3.044473,0.675809,,,,,,,,,,,,,,,,,nan_exist
13,29,3.296019,0.740239,0.000806,0.0656592611200694,9.01926274414324,189.01926274414325,28.21682802660236,28.21682802660236,43.06781634665639,43.06781634665639,0.6089122721039621,0.6089122721039621,0.8247896052232241,0.1677718166811184,0.1818822199490237,455.83200730101566,82.9077374117283,1.0359007496924648,
14,29,3.607832,0.820106,,,,,,,,,,,,,,,,,nan_exist
15,29,3.816461,0.873544,,,,,,,,,,,,,,,,,nan_exist
16,29,4.244822,0.983264,0.008719,0.7102767961611479,209.05621677549527,29.056216775495272,14.446059813714665,14.446059813714665,33.05730834679955,33.05730834679955,0.9129103815066077,0.9129103815066077,0.8375347304871422,0.19450822836613135,0.11794214421928848,536.2263837143628,63.2436894822269,1.3138408173114886,
17,29,4.423104,1.0,,,,,,,,,,,,,,,,,nan_exist
18,29,4.101446,0.94654,,,,,,,,,,,,,,,,,nan_exist
19,29,3.860643,0.884861,0.008487,0.6913773562357681,15.017876967967549,195.01787696796754,8.436733912629059,8.436733912629059,21.92187184947359,21.92187184947359,1.036605117201293,1.036605117201293,0.5734502198440639,0.21081009200038486,0.08865868464290277,463.19263668797,41.06604990503337,1.172573852174824,
20,29,3.763857,0.860071,,,,,,,,,,,,,,,,,nan_exist
21,29,3.839781,0.879517,,,,,,,,,,,,,,,,,nan_exist
22,29,3.765555,0.860505,,,,,,,,,,,,,,,,,nan_exist
23,29,3.504878,0.793736,,,,,,,,,,,,,,,,,nan_exist
24,29,3.471887,0.785286,,,,,,,,,,,,,,,,,nan_exist
25,29,3.396537,0.765986,0.006565,0.5348052720263718,13.018338893359438,193.01833889335944,6.937442246430176,6.937442246430176,14.93222168649691,14.93222168649691,0.8586874469673846,0.8586874469673846,0.5271026001105552,0.17529838285474794,0.06422603122113271,425.79613038989464,27.347195564258868,1.1068025967378772,
26,29,2.661526,0.577721,,,,,,,,,,,,,,,,,nan_exist
27,29,2.132882,0.442315,,,,,,,,,,,,,,,,,nan_exist
28,29,2.163484,0.450154,0.00279,0.2272820577233172,11.018800818751352,191.01880081875134,5.00532423843393,5.00532423843393,2.982300708995861,2.982300708995861,0.23770005478443756,0.23770005478443756,0.16665755728415588,0.05894517274027043,0.013973364324679237,304.31961343981845,4.252368829740135,0.8335201239168842,
29,29,1.911923,0.385719,0.000854,0.069569490070148,11.018800818751352,191.01880081875134,5.411171006184963,5.411171006184963,3.4128934029015587,3.4128934029015587,0.2516178984852458,0.2516178984852458,0.23472929921232177,0.07244557910698554,0.019466815769615613,271.2966876715552,5.281282637809113,0.7389316806492947,
30,29,1.551386,0.293372,,,,,,,,,,,,,,,,,nan_exist
31,29,1.942666,0.393594,0.002999,0.2443078462767843,11.018800818751352,191.01880081875134,5.52816692596103,5.52816692596103,4.110057670130596,4.110057670130596,0.29660388361341933,0.29660388361341933,0.3146468010457494,0.08827622560643558,0.025291519057399847,264.91879440755224,6.700198737421999,0.7172738768614729,
32,29,1.94394,0.39392,0.00461,0.3755449054137966,7.019724669535155,187.01972466953515,3.2024783853311023,3.2024783853311023,3.09946600133495,3.09946600133495,0.3861097206036047,0.3861097206036047,0.11292776740233379,0.09380556993314414,0.01869719348607418,253.26877263176115,4.735415245876567,0.6903704371830127,
33,29,1.791473,0.354867,0.004961,0.4041384546112461,9.01926274414324,189.01926274414325,4.539058500549928,4.539058500549928,4.605488239408528,4.605488239408528,0.40478085496563154,0.40478085496563154,0.27263441605905225,0.1270128921978908,0.03413465389650863,230.1300992017334,7.855411287420367,0.6174296886508696,
34,29,2.011262,0.411164,,,,,,,,,,,,,,,,,nan_exist
35,29,2.239731,0.469683,,,,,,,,,,,,,,,,,nan_exist
36,29,2.234821,0.468426,,,,,,,,,,,,,,,,,nan_exist
37,29,2.146335,0.445761,0.004136,0.3369313945317706,185.06175988019808,5.061759880198082,20.23071788521406,20.23071788521406,31.903888008016615,31.903888008016615,0.6291328813839272,0.6291328813839272,0.9102588401023635,0.2546090918231313,0.20056805183701173,305.30253733104587,61.23393513338442,0.6779683394379484,
38,29,2.217052,0.463874,0.003818,0.3110261277375001,183.06222180558999,3.062221805589985,22.222847096444887,22.222847096444887,31.83390832756035,31.83390832756035,0.5714790695886468,0.5714790695886468,0.8888883450506804,0.2316081737369288,0.19791146053083508,309.0276028423521,61.16010422287275,0.6885208294985538,
39,29,2.186657,0.456089,0.003205,0.2610892455208716,181.0626837309819,1.0626837309818882,23.023988690627235,23.023988690627235,33.05063852917313,33.05063852917313,0.5726764932315721,0.5726764932315721,0.90701790799411,0.22819780936956813,0.2015090224460196,315.41755508631786,63.55948318775745,0.6996057552737789,
40,29,2.131329,0.441918,0.004384,0.3571342441071766,181.0626837309819,1.0626837309818882,22.147365591825945,22.147365591825945,31.505942331150347,31.505942331150347,0.5675190770510459,0.5675190770510459,0.911803061075218,0.2306126161238146,0.19638991909318915,308.08266016284506,60.50432870339563,0.6877175873873596,
41,29,2.06127,0.423973,,,,,,,,,,,,,,,,,nan_exist
42,29,2.083918,0.429774,,,,,,,,,,,,,,,,,nan_exist
43,29,1.909604,0.385125,0.002128,0.1733534834534835,345.0248058488461,165.02480584884609,28.026080172029275,28.026080172029275,26.425364895327704,26.425364895327704,0.37615661080936225,0.37615661080936225,0.7568736767878357,0.18746038589770186,0.20249998847513204,252.2559061563032,51.08181808943539,0.5588169112968551,
44,29,1.648356,0.31821,0.003339,0.2720053013398409,345.0248058488461,165.02480584884609,25.693924542867407,25.693924542867407,19.665504635589603,19.665504635589603,0.30534071396831175,0.30534071396831175,0.7241112474186668,0.1853286690142104,0.18187804415063444,208.21740639154598,37.87017463261219,0.4731867548859272,
45,29,1.32876,0.236349,0.002195,0.1788115113629682,176.98046101122364,356.9804610112236,23.77765631847756,23.77765631847756,16.080998786357913,16.080998786357913,0.2698075134502181,0.2698075134502181,0.8350550778366612,0.19379929703113544,0.1756682101674116,175.46687799135856,30.823952400405545,0.40178590441931394,
46,29,1.233075,0.21184,0.001236,0.1006883954645233,176.98046101122364,356.9804610112236,27.28488075981994,27.28488075981994,12.068169290618645,12.068169290618645,0.17645314338920773,0.17645314338920773,0.7406766671923162,0.136497144441276,0.14122149175492807,162.92685674699484,23.008773756752078,0.38866134163956323,
47,29,1.268159,0.220827,0.003808,0.3102114967062337,176.98046101122364,356.9804610112236,25.368314308560013,25.368314308560013,12.05151942080687,12.05151942080687,0.1895222749749885,0.1895222749749885,0.7643314965622091,0.14512150403659282,0.1389978044971718,165.02335555252796,22.937884112557555,0.39468186511102893,
48,29,1.194473,0.201953,0.001176,0.0958006092769251,176.98046101122364,356.9804610112236,25.65300630317745,25.65300630317745,10.69051455057455,10.69051455057455,0.16625335070153735,0.16625335070153735,0.7067892204312014,0.13358008529291518,0.12900629764656504,157.28126585290946,20.290273796848965,0.3805305334890569,
49,29,1.137947,0.187474,0.001777,0.1447599342560339,174.98092293661554,354.98092293661557,26.791830162864898,26.791830162864898,11.040257801681557,11.040257801681557,0.16439435443000644,0.16439435443000644,0.7306398460471071,0.13678983222682933,0.1386803560370999,151.65977747287167,21.032231936445186,0.3628542931567402,
50,29,1.101368,0.178105,0.002214,0.1803593103223743,345.0248058488461,165.02480584884609,7.3014454179721175,7.3014454179721175,4.392102594146662,4.392102594146662,0.23997925401907166,0.23997925401907166,0.45196542586837996,0.14816551782848453,0.05539347808882857,143.87082323214503,7.9695052943315545,0.37750366093837073,
51,29,1.122169,0.183433,0.001507,0.1227648964118419,345.0248058488461,165.02480584884609,7.110488040971199,7.110488040971199,4.492457963344496,4.492457963344496,0.2520546289055335,0.2520546289055335,0.5124068711598753,0.14996767810618053,0.05522128002778603,147.65714633869442,8.153816626072825,0.38750924920172664,
52,29,1.154757,0.19178,0.001984,0.1616227966032478,174.98092293661554,354.98092293661557,24.080236839826163,24.080236839826163,11.710120252811656,11.710120252811656,0.19400399209135888,0.19400399209135888,0.7390391152942957,0.16220062761425041,0.1479484099287826,150.90961943222845,22.32683823795591,0.35717439220631264,
53,29,1.274396,0.222424,0.003032,0.2469961286799633,172.98138486200742,352.9813848620074,21.625247004903297,21.625247004903297,15.924669624310042,15.924669624310042,0.2937781017308701,0.2937781017308701,0.8300741895058505,0.22776822832528634,0.18981453201832943,161.0416740529783,30.56804999581442,0.3624267334921219,
54,29,1.343768,0.240193,0.004822,0.3928150832766436,174.98092293661554,354.98092293661557,18.513520671801587,18.513520671801587,17.27779112215606,17.27779112215606,0.37231391655673735,0.37231391655673735,0.8862345023486711,0.27096938295846096,0.19836300675924765,166.84681432652752,33.096235758011915,0.3715293849125434,
55,29,1.455532,0.26882,0.005072,0.4131808590583029,174.98092293661554,354.98092293661557,17.242705207392735,17.242705207392735,19.52036055937349,19.52036055937349,0.45164010299705126,0.45164010299705126,0.899162177863466,0.30619753823490664,0.21237900709293728,176.12930196063402,37.406166270371585,0.3853420435840623,
56,29,1.443182,0.265657,0.004999,0.4072340525300583,174.98092293661554,354.98092293661557,15.612353577094847,15.612353577094847,20.190027058502626,20.190027058502626,0.5159155149997878,0.5159155149997878,0.9095420993465115,0.34238638065812654,0.22055650337229893,175.21136035114057,38.644004990151416,0.3793537648916365,
57,29,1.438398,0.264431,0.005754,0.4687386953906692,174.98092293661554,354.98092293661557,15.262304362360906,15.262304362360906,18.97212157838701,18.97212157838701,0.49591341299683905,0.49591341299683905,0.8662494090750711,0.32839667097918396,0.20767853420874355,174.4958580087349,36.23904401675111,0.38404670553328835,
58,29,1.379636,0.24938,0.005651,0.4603479957686257,174.98092293661554,354.98092293661557,15.442032939425276,15.442032939425276,18.701069591979692,18.701069591979692,0.48313893502470023,0.48313893502470023,0.8821594829535366,0.33194838719673847,0.2118620254029582,168.73792016672581,35.7491575288052,0.36941322954977945,
0,30,0.428589,0.005781,,,,,,,,,,,,,,,,,nan_exist
1,30,0.434863,0.007388,,,,,,,,,,,,,,,,,nan_exist
2,30,0.434373,0.007262,,,,,,,,,,,,,,,,,nan_exist
3,30,0.436696,0.007857,,,,,,,,,,,,,,,,,nan_exist
4,30,0.432706,0.006835,,,,,,,,,,,,,,,,,nan_exist
5,30,0.433776,0.007109,,,,,,,,,,,,,,,,,nan_exist
6,30,0.443845,0.009688,,,,,,,,,,,,,,,,,nan_exist
7,30,0.488497,0.021125,,,,,,,,,,,,,,,,,nan_exist
8,30,0.626839,0.05656,,,,,,,,,,,,,,,,,nan_exist
9,30,1.15802,0.192616,0.000537,0.043745686379004,181.0626837309819,1.0626837309818882,37.65499030025219,37.65499030025219,18.078709384719765,18.078709384719765,0.19153800043885771,0.19153800043885771,0.7527626101842928,0.14022328034889123,0.2293908219790914,153.0985734828333,35.11940761505346,0.3277199051882773,
10,30,2.234013,0.468219,,,,,,,,,,,,,,,,,nan_exist
11,30,2.794572,0.611799,,,,,,,,,,,,,,,,,nan_exist
12,30,2.98391,0.660296,,,,,,,,,,,,,,,,,nan_exist
13,30,3.155462,0.704237,,,,,,,,,,,,,,,,,nan_exist
14,30,3.42676,0.773727,0.002552,0.2078938391791776,343.02526777423793,163.02526777423793,7.575917936490728,7.575917936490728,10.310028728930655,10.310028728930655,0.5429185488285699,0.5429185488285699,0.18586864492279975,0.11045796226059612,0.04097561323983976,443.3799697355073,18.167766158174004,1.1811450099370369,
15,30,3.639668,0.828261,0.004507,0.3671542057917529,11.018800818751352,191.01880081875134,5.213268683820763,5.213268683820763,8.01759782735361,8.01759782735361,0.6135418975263373,0.6135418975263373,0.18251458014596755,0.10023705274308106,0.028399648655875537,470.3115652187605,13.356683211007692,1.2693191166882023,
16,30,4.098412,0.945763,0.005925,0.4826688860253242,207.05667870088718,27.056678700887176,14.924280606934923,14.924280606934923,27.28407726335422,27.28407726335422,0.7293331108390944,0.7293331108390944,0.7957476121147723,0.1597877421644547,0.0981042514831222,526.4495692933576,51.646940939136925,1.3188961898728353,
17,30,4.200762,0.971979,,,,,,,,,,,,,,,,,nan_exist
18,30,3.962904,0.911054,,,,,,,,,,,,,,,,,nan_exist
19,30,3.91505,0.898797,0.007252,0.5907704238743715,17.01741504257566,197.01741504257566,9.296259473277896,9.296259473277896,22.69961704025568,22.69961704025568,0.9741377176820237,0.9741377176820237,0.6768504475133909,0.19888531398899628,0.08885643004035054,479.4477532254076,42.60201574247668,1.2134603818970304,
20,30,3.871661,0.887683,0.005794,0.4719972195157347,17.01741504257566,197.01741504257566,24.050555959442793,24.050555959442793,46.72208977321185,46.72208977321185,0.7750098197595859,0.7750098197595859,0.8719184586754081,0.19874442692146635,0.18286161637575907,492.19487170092793,90.00354981109103,1.1171981163606581,
21,30,3.944967,0.90646,0.006326,0.5153355903791057,19.016953117183746,199.01695311718373,21.190429301983244,21.190429301983244,43.986142271372145,43.986142271372145,0.8281064840041124,0.8281064840041124,0.8773577718221892,0.20393501875140924,0.16694475492630578,506.2870129481703,84.52196129900369,1.1715695879143517,
22,30,3.771762,0.862095,,,,,,,,,,,,,,,,,nan_exist
23,30,3.548969,0.805029,,,,,,,,,,,,,,,,,nan_exist
24,30,3.446386,0.778754,0.006046,0.4925259215036473,17.01741504257566,197.01741504257566,9.36045470875798,9.36045470875798,15.243825737357437,15.243825737357437,0.6496913655287968,0.6496913655287968,0.5467740255532253,0.1451275825560757,0.06360769813881417,439.4024444172617,27.949378045950255,1.1429251843647539,
25,30,3.223538,0.721674,0.007229,0.5888967725024589,11.018800818751352,191.01880081875134,5.542631649752963,5.542631649752963,10.68867310290419,10.68867310290419,0.7693391680336742,0.7693391680336742,0.31178876703760505,0.15310825495357056,0.0480486452854423,396.5961439816389,19.05590744374797,1.0487228792719192,
26,30,2.510319,0.538991,,,,,,,,,,,,,,,,,nan_exist
27,30,2.193509,0.457844,,,,,,,,,,,,,,,,,nan_exist
28,30,2.262524,0.475522,,,,,,,,,,,,,,,,,nan_exist
29,30,1.914495,0.386378,0.001697,0.1382428860059029,11.018800818751352,191.01880081875134,5.284068844404884,5.284068844404884,3.20896056482633,3.20896056482633,0.2422735363877089,0.2422735363877089,0.27103450971159737,0.06855225484281943,0.01782304719216246,273.18424273983226,4.8689756505071955,0.7453201863592364,
30,30,1.762834,0.347532,,,,,,,,,,,,,,,,,nan_exist
31,30,2.096924,0.433105,0.002675,0.2179138008637539,13.018338893359438,193.01833889335944,6.230556065493863,6.230556065493863,5.269329057748704,5.269329057748704,0.3373949497262367,0.3373949497262367,0.4467527091301938,0.09730937366481761,0.030934930290584958,287.98794149424793,8.90888689465362,0.7752195961099843,
32,30,1.953066,0.396258,0.003279,0.2671175151522427,9.01926274414324,189.01926274414325,4.50276939727949,4.50276939727949,4.4257924859441715,4.4257924859441715,0.3921221788512789,0.3921221788512789,0.22373977851380933,0.1114420823250515,0.029120199791292014,253.1753925124087,7.372518012200118,0.6827857625005794,
33,30,1.89774,0.382086,,,,,,,,,,,,,,,,,nan_exist
34,30,2.149895,0.446673,,,,,,,,,,,,,,,,,nan_exist
35,30,2.261779,0.475331,0.002848,0.2320069177046621,9.01926274414324,189.01926274414325,23.6760102764961,23.6760102764961,25.160010895548137,25.160010895548137,0.42394778530567256,0.42394778530567256,0.8751569839716267,0.1686078084912915,0.15155360524777817,316.9717893415527,48.03821743655158,0.7470376997361143,
36,30,2.072813,0.426929,0.003597,0.2930227819465132,7.019724669535155,187.01972466953515,22.73694068212368,22.73694068212368,26.343561254960363,26.343561254960363,0.4622240321544921,0.4622240321544921,0.8818748727513337,0.1972302461491632,0.17138959090264919,294.36791154935145,50.451595935310564,0.6775453211501136,
37,30,2.093475,0.432222,,,,,,,,,,,,,,,,,nan_exist
38,30,2.222958,0.465387,,,,,,,,,,,,,,,,,nan_exist
39,30,2.129826,0.441533,0.002482,0.202191421960313,183.06222180558999,3.062221805589985,23.190438857768235,23.190438857768235,30.11386960483458,30.11386960483458,0.5180452118886832,0.5180452118886832,0.9121081420294774,0.21174983499434813,0.1878645375645098,307.74023090976664,57.813476169858774,0.694240985388633,
40,30,2.103057,0.434676,0.003938,0.3208017001126965,181.0626837309819,1.0626837309818882,21.687915936699703,21.687915936699703,30.071838044835154,30.071838044835154,0.5531618473847099,0.5531618473847099,0.909991643386517,0.2273752179791354,0.18984109575288224,303.79591642692776,57.672949659739004,0.6836749076866354,
41,30,2.11253,0.437102,,,,,,,,,,,,,,,,,nan_exist
42,30,2.186679,0.456095,0.002893,0.2356727573453608,178.97999908583176,358.97999908583176,23.226646155411412,23.226646155411412,34.307402150220184,34.307402150220184,0.5892660161471094,0.5892660161471094,0.9168707109547158,0.24387519112715378,0.2175911588389846,303.864569529644,66.11824381406444,0.6604064603210542,
43,30,2.052791,0.421801,0.002791,0.2273635208264438,176.98046101122364,356.9804610112236,23.9541616837588,23.9541616837588,26.682985572342567,26.682985572342567,0.44438921523044933,0.44438921523044933,0.8710776920840732,0.20578774839090924,0.18827294603497705,272.25247089426296,51.25777476056473,0.6138741559269395,
44,30,1.774383,0.35049,0.003155,0.2570160903645397,176.98046101122364,356.9804610112236,26.327882202160513,26.327882202160513,23.272531598063225,23.272531598063225,0.3526450306619743,0.3526450306619743,0.8575659300056654,0.19694751969403268,0.19839867732732278,226.00379005652616,44.838853018176735,0.5032359362176373,
45,30,1.328561,0.236298,0.002901,0.2363244621703739,176.98046101122364,356.9804610112236,25.38887879737101,25.38887879737101,13.779884111773152,13.779884111773152,0.21652702488727069,0.21652702488727069,0.7549300535330158,0.1583114430396036,0.15228860970850508,172.80720269906016,26.316568646655696,0.40691842792334576,
46,30,1.177433,0.197588,0.002255,0.1836992975505664,345.0248058488461,165.02480584884609,32.66436328320835,32.66436328320835,12.081250689413633,12.081250689413633,0.14755290523644501,0.14755290523644501,0.6009806026631661,0.11516503889116472,0.14900447090482194,155.44715482579858,23.162321058478057,0.3674578715758903,
47,30,1.23572,0.212518,0.002527,0.2058572616010117,176.98046101122364,356.9804610112236,25.443946387316217,25.443946387316217,12.500805697262592,12.500805697262592,0.19600339726416124,0.19600339726416124,0.7480402519930379,0.15465278641261615,0.14897421472343156,160.13399804301503,23.85583660898169,0.3785504484278704,
48,30,1.211627,0.206347,0.000722,0.0588163604574319,176.98046101122364,356.9804610112236,24.874151224143404,24.874151224143404,11.402141582646287,11.402141582646287,0.18287242541268092,0.18287242541268092,0.7568968253976618,0.14591644407027465,0.13694777601457442,158.3278857117269,21.682651829310714,0.3795700941178228,
49,30,1.150246,0.190625,0.002332,0.1899719564913174,174.98092293661554,354.98092293661557,26.48561944543365,26.48561944543365,10.767342640629014,10.767342640629014,0.16218417076353156,0.16218417076353156,0.7464074519484114,0.13437144602632245,0.1344029181881512,152.40509680546668,20.483689757402402,0.3664483529112897,
50,30,1.110104,0.180343,0.002338,0.1904607351100772,176.98046101122364,356.9804610112236,27.0202888363208,27.0202888363208,10.582829880337227,10.582829880337227,0.15625067189833314,0.15625067189833314,0.7327146708818792,0.13223915126102814,0.13513713576213224,149.03014208250434,20.139506543253248,0.35802954316458635,
51,30,1.125134,0.184193,0.001786,0.1454931021841737,176.98046101122364,356.9804610112236,25.465222465301178,25.465222465301178,9.667153533172694,9.667153533172694,0.15144718569687426,0.15144718569687426,0.729735485081203,0.1265614642027373,0.12097299085921134,151.23591850352716,18.295461386711622,0.3692790475467098,
52,30,1.170094,0.195709,0.002703,0.2201947677512998,176.98046101122364,356.9804610112236,21.282126875264844,21.282126875264844,12.860984541345696,12.860984541345696,0.24108448047527092,0.24108448047527092,0.8085661935478924,0.1942343431584642,0.15855669979427603,154.66057201528832,24.52246988703908,0.36149472813402567,
53,30,1.286266,0.225465,0.004723,0.3847502360671065,174.98092293661554,354.98092293661557,21.906347062960485,21.906347062960485,16.483053494837694,16.483053494837694,0.30017724681846997,0.30017724681846997,0.8377208962232795,0.2315889031523229,0.19532898333413115,162.0739800032024,31.657745738941827,0.3622673174007238,
54,30,1.357231,0.243642,0.00367,0.2989695884747578,176.98046101122364,356.9804610112236,18.48088091094947,18.48088091094947,17.280957690285575,17.280957690285575,0.37303982974094135,0.37303982974094135,0.8831114094089272,0.2701642556038285,0.1973907007461495,167.58610465595672,33.079938633356846,0.3736282389516663,
55,30,1.402924,0.255345,0.005578,0.4544011892403811,174.98092293661554,354.98092293661557,17.110502780239475,17.110502780239475,19.174352382988033,19.174352382988033,0.4470622496098757,0.4470622496098757,0.900175742185303,0.3087974890217553,0.21293041759808415,172.54325897984518,36.73970818831282,0.3772320855320343,
56,30,1.440898,0.265072,0.004097,0.3337543335098318,174.98092293661554,354.98092293661557,15.695634023420869,15.695634023420869,20.558777272337256,20.558777272337256,0.5225507599790349,0.5225507599790349,0.8907775937034139,0.3492939439851557,0.22605136343858054,174.19964688947502,39.378067689885114,0.3745043866655275,
57,30,1.432988,0.263046,0.004684,0.3815731750451677,172.98138486200742,352.9813848620074,15.404594579444483,15.404594579444483,19.637463779345396,19.637463779345396,0.5085635029880224,0.5085635029880224,0.8899030213283686,0.3363766694669079,0.21457968006100975,175.20751431320207,37.595972365611686,0.38225428318775106,
58,30,1.349228,0.241592,0.005531,0.4505724233934293,174.98092293661554,354.98092293661557,15.184093488745471,15.184093488745471,18.088700396027726,18.088700396027726,0.47525704388203316,0.47525704388203316,0.8807038341751625,0.3324627547121027,0.20951668028590736,164.9298026302261,34.55554472729489,0.36215071639703117,
0,31,0.428342,0.005717,,,,,,,,,,,,,,,,,nan_exist
1,31,0.428433,0.005741,,,,,,,,,,,,,,,,,nan_exist
2,31,0.435669,0.007594,,,,,,,,,,,,,,,,,nan_exist
3,31,0.433772,0.007108,,,,,,,,,,,,,,,,,nan_exist
4,31,0.429868,0.006108,,,,,,,,,,,,,,,,,nan_exist
5,31,0.431616,0.006556,,,,,,,,,,,,,,,,,nan_exist
6,31,0.445018,0.009989,,,,,,,,,,,,,,,,,nan_exist
7,31,0.491523,0.0219,,,,,,,,,,,,,,,,,nan_exist
8,31,0.646672,0.06164,0.000154,0.012545317881502,339.02619162502174,159.02619162502174,8.72135604118838,8.72135604118838,0.8760656571901485,0.8760656571901485,0.04007400103954414,0.04007400103954414,0.12652953056336202,0.03944557057635141,0.012528812683206603,97.01507261472659,1.2154836722375961,0.26610996928469166,
9,31,1.26263,0.21941,,,,,,,,,,,,,,,,,nan_exist
10,31,2.28076,0.480192,,,,,,,,,,,,,,,,,nan_exist
11,31,2.808264,0.615307,,,,,,,,,,,,,,,,,nan_exist
12,31,3.13526,0.699063,,,,,,,,,,,,,,,,,nan_exist
13,31,3.098875,0.689743,,,,,,,,,,,,,,,,,nan_exist
14,31,3.294611,0.739879,0.003032,0.2469961286799633,343.02526777423793,163.02526777423793,6.759853500831251,6.759853500831251,8.436108962846765,8.436108962846765,0.4978688586874257,0.4978688586874257,0.35395239545263524,0.09712710350103886,0.032793742991859665,440.90963122663675,14.459077129081948,1.1845848724932078,
15,31,3.64336,0.829207,0.006873,0.559895907789376,13.018338893359438,193.01833889335944,6.351908940157262,6.351908940157262,8.652780818656161,8.652780818656161,0.5434523926791369,0.5434523926791369,0.2405941801692143,0.09493672418986682,0.030422569576554603,479.40999258533134,14.584883855122769,1.2911808575839128,
16,31,3.886046,0.891368,0.006659,0.5424628037202758,17.01741504257566,197.01741504257566,7.663353570148363,7.663353570148363,10.239418027938418,10.239418027938418,0.5330481936735446,0.5330481936735446,0.3995221071864753,0.09395447711018563,0.034279890584575576,514.2010264353004,17.62675492467855,1.379372976418394,
17,31,3.883475,0.890709,,,,,,,,,,,,,,,,,nan_exist
18,31,3.809462,0.871752,,,,,,,,,,,,,,,,,nan_exist
19,31,3.684373,0.839711,,,,,,,,,,,,,,,,,nan_exist
20,31,3.728927,0.851124,0.006443,0.5248667734449222,19.016953117183746,199.01695311718373,24.340271384040946,24.340271384040946,39.76848077226095,39.76848077226095,0.651813948869471,0.651813948869471,0.8653011956538234,0.170643916209105,0.15815995556661752,482.54812375964923,76.31978981258078,1.1284120387418568,
21,31,3.595651,0.816986,,,,,,,,,,,,,,,,,nan_exist
22,31,3.589233,0.815342,,,,,,,,,,,,,,,,,nan_exist
23,31,3.61219,0.821223,0.005076,0.4135067114708093,19.016953117183746,199.01695311718373,11.090994626163775,11.090994626163775,16.041801547771446,16.041801547771446,0.57702244991789,0.57702244991789,0.5637332784109037,0.13254958604582495,0.06468519429447629,455.2860540089463,29.450266863134118,1.182877186516145,
24,31,3.381851,0.762224,0.004391,0.357704485829063,15.017876967967549,195.01787696796754,7.755946926400562,7.755946926400562,11.071653715127077,11.071653715127077,0.569492135885159,0.569492135885159,0.4037901325997898,0.1209121599561535,0.045908867290794075,428.9148054438626,19.690992882179046,1.1367328126713432,
25,31,3.134776,0.698939,,,,,,,,,,,,,,,,,nan_exist
26,31,2.498337,0.535922,,,,,,,,,,,,,,,,,nan_exist
27,31,2.151274,0.447026,,,,,,,,,,,,,,,,,nan_exist
28,31,2.093608,0.432256,,,,,,,,,,,,,,,,,nan_exist
29,31,1.854857,0.371103,0.001117,0.0909942861924535,9.01926274414324,189.01926274414325,4.15567361392534,4.15567361392534,2.4915117934874775,2.4915117934874775,0.2391837013403178,0.2391837013403178,0.20787137378088316,0.0634920794005984,0.013388381261513885,261.4202366420948,3.499993797639547,0.7164451190123756,
30,31,1.934941,0.391615,,,,,,,,,,,,,,,,,nan_exist
31,31,2.042895,0.419266,,,,,,,,,,,,,,,,,nan_exist
32,31,2.034344,0.417076,0.004075,0.3319621452410457,9.01926274414324,189.01926274414325,4.5367922937177685,4.5367922937177685,4.237077291083765,4.237077291083765,0.37258687797604473,0.37258687797604473,0.1093515695773224,0.10374240863187488,0.02684733267541506,259.2974761857984,6.961445605055644,0.700933418279841,
33,31,1.944371,0.39403,0.004092,0.3333470179941986,11.018800818751352,191.01880081875134,5.706940605951194,5.706940605951194,5.152682942177461,5.152682942177461,0.3601970346413344,0.3601970346413344,0.34750496649965046,0.11311926768768864,0.034661452159619674,254.56468067891637,8.823581500881119,0.6826141643834313,
34,31,2.178652,0.454039,,,,,,,,,,,,,,,,,nan_exist
35,31,2.219175,0.464418,,,,,,,,,,,,,,,,,nan_exist
36,31,2.049621,0.420989,0.003504,0.285446713355736,7.019724669535155,187.01972466953515,21.520725383491918,21.520725383491918,24.75211378661269,24.75211378661269,0.4588444182444542,0.4588444182444542,0.8661389443445877,0.19589500986571906,0.1616982033812037,292.35658184252657,47.273534030606385,0.6807862439220005,
37,31,2.192685,0.457633,,,,,,,,,,,,,,,,,nan_exist
38,31,2.383341,0.506467,0.003106,0.2530243983113345,9.01926274414324,189.01926274414325,22.96118147054072,22.96118147054072,34.66224282804653,34.66224282804653,0.6022440184705115,0.6022440184705115,0.8898032558932975,0.2272211781140113,0.20029205647408724,333.1648339471585,66.73026973612417,0.7400960116973176,
39,31,2.246953,0.471533,0.002743,0.2234532918763653,183.06222180558999,3.062221805589985,22.088344198272527,22.088344198272527,33.961235056383515,33.961235056383515,0.6133810862881391,0.6133810862881391,0.935062038140044,0.2338499345585669,0.19876258402547428,328.2700828418805,65.24780992390868,0.7306174247721439,
40,31,2.114143,0.437515,,,,,,,,,,,,,,,,,nan_exist
41,31,2.108738,0.436131,0.003375,0.2749379730523998,178.97999908583176,358.97999908583176,20.713355388272745,20.713355388272745,31.170828438818063,31.170828438818063,0.6003547540358634,0.6003547540358634,0.9354749387281546,0.2456838606467728,0.1972865734626574,303.07582309727707,59.79279063823631,0.6757862012751132,
42,31,2.16314,0.450065,0.004019,0.3274002114659541,178.97999908583176,358.97999908583176,21.9642676769957,21.9642676769957,30.230213747003535,30.230213747003535,0.5490786484032655,0.5490786484032655,0.9100320888365957,0.23353214780516837,0.19743005139766073,294.04867360604294,58.05404474345502,0.6555406357294109,
43,31,2.115071,0.437753,,,,,,,,,,,,,,,,,nan_exist
44,31,1.851664,0.370285,0.001713,0.1395462956559291,176.98046101122364,356.9804610112236,27.11453230128951,27.11453230128951,23.541670110266413,23.541670110266413,0.34637394640958924,0.34637394640958924,0.8429458433164313,0.18748969166549354,0.19478985195932633,232.83656800814015,45.35420061302324,0.5207843538753247,
45,31,1.316501,0.233209,0.001155,0.0940898841112657,174.98092293661554,354.98092293661557,24.73276047571524,24.73276047571524,15.683269146394847,15.683269146394847,0.2529729410332332,0.2529729410332332,0.8261325434986705,0.1857103208974007,0.17489543361905116,172.0067101535544,30.083188157692348,0.39423200554406124,
46,31,1.193753,0.201768,0.002001,0.1630076693564006,174.98092293661554,354.98092293661557,26.486845696565485,26.486845696565485,11.404534279103558,11.404534279103558,0.1717739803502477,0.1717739803502477,0.7493965188150327,0.13561354998299116,0.1357054960564794,159.9360686246743,21.70420353003456,0.38397740304066597,
47,31,1.239756,0.213552,0.002201,0.179300289981728,174.98092293661554,354.98092293661557,25.96672081084856,25.96672081084856,12.3195307944429,12.3195307944429,0.18927232839340238,0.18927232839340238,0.757262995239651,0.14725084463138202,0.14469262889764492,162.38885686382986,23.49647060331091,0.3858121840569971,
48,31,1.194096,0.201856,0.002787,0.2270376684139373,176.98046101122364,356.9804610112236,27.253301865302014,27.253301865302014,11.7029698438546,11.7029698438546,0.17131170014011124,0.17131170014011124,0.7108339309251944,0.13695282298192893,0.14152596060586445,157.66681322719114,22.313947197643643,0.37598018341540973,
49,31,1.145531,0.189417,0.001671,0.1361248453246104,176.98046101122364,356.9804610112236,25.53605858314782,25.53605858314782,10.728850489769227,10.728850489769227,0.16761365371002163,0.16761365371002163,0.7405716238203048,0.13814547072932298,0.1329636660926715,153.32591167343935,20.38677532310163,0.36927537875093813,
50,31,1.136131,0.187009,0.000931,0.075842149010899,176.98046101122364,356.9804610112236,25.889710596330676,25.889710596330676,10.104092058574032,10.104092058574032,0.15569697128266988,0.15569697128266988,0.7285690980370128,0.128471410445384,0.125082147217173,153.1395940958513,19.15502925347539,0.3721793467843775,
51,31,1.159727,0.193053,0.001201,0.097837186855091,176.98046101122364,356.9804610112236,25.951458136671118,25.951458136671118,10.380909803597604,10.380909803597604,0.1595819320779039,0.1595819320779039,0.7410214851229,0.1287352641454006,0.12567417729875016,156.63115573264474,19.68449163605254,0.38040740026831166,
52,31,1.208565,0.205562,0.003048,0.2482995383299895,174.98092293661554,354.98092293661557,23.436422022133858,23.436422022133858,11.777190570475447,11.777190570475447,0.20047510914722552,0.20047510914722552,0.7742302877976832,0.15944158188961247,0.14147958787387727,158.38165684232135,22.40777153683348,0.3777052369596885,
53,31,1.293764,0.227385,0.002864,0.2333103273546883,174.98092293661554,354.98092293661557,21.113607086163338,21.113607086163338,15.872982118611498,15.872982118611498,0.2999205042192878,0.2999205042192878,0.848022952501633,0.2259590692813516,0.18415527123369735,165.1610307089396,30.415274407441785,0.37429376750416055,
54,31,1.390384,0.252133,0.004517,0.3679688368230193,174.98092293661554,354.98092293661557,18.500983537962565,18.500983537962565,18.776680537163855,18.776680537163855,0.4048872178333,0.4048872178333,0.9028807276128943,0.2830453964311071,0.20736471139408588,173.65416281338133,36.00974535417842,0.3823456040533414,
55,31,1.33864,0.23888,0.003568,0.2906603519558408,176.98046101122364,356.9804610112236,16.119302607525004,16.119302607525004,17.1585725787002,17.1585725787002,0.4246635378496186,0.4246635378496186,0.8960869232929811,0.2992886669782566,0.196647553754867,166.49849726012764,32.741522190065524,0.37154715297239477,
56,31,1.41831,0.259286,0.005023,0.4091891670050976,174.98092293661554,354.98092293661557,16.915965587639683,16.915965587639683,19.669214989741715,19.669214989741715,0.4638742873446867,0.4638742873446867,0.8840290093259959,0.32080030439089624,0.21946372751132492,171.81708480824406,37.70761788214668,0.3725262970169372,
57,31,1.392985,0.252799,0.005745,0.4680055274625295,174.98092293661554,354.98092293661557,16.084386287672423,16.084386287672423,19.269874837455905,19.269874837455905,0.4779521999292468,0.4779521999292468,0.8787950065768015,0.33192976354938425,0.2185513888263179,168.83238380105956,36.8985519585795,0.36648286622911125,
58,31,1.34787,0.241244,0.005199,0.4235266731553857,174.98092293661554,354.98092293661557,14.795975905790538,14.795975905790538,18.41695900023586,18.41695900023586,0.4965744516208864,0.4965744516208864,0.8976995629751284,0.3464020805395097,0.2143770167862867,164.11564030881686,35.182621377375426,0.35814727480955955,
0,32,0.427072,0.005392,,,,,,,,,,,,,,,,,nan_exist
1,32,0.435871,0.007646,,,,,,,,,,,,,,,,,nan_exist
2,32,0.439355,0.008538,,,,,,,,,,,,,,,,,nan_exist
3,32,0.434065,0.007183,,,,,,,,,,,,,,,,,nan_exist
4,32,0.424883,0.004831,,,,,,,,,,,,,,,,,nan_exist
5,32,0.43165,0.006565,,,,,,,,,,,,,,,,,nan_exist
6,32,0.454949,0.012532,,,,,,,,,,,,,,,,,nan_exist
7,32,0.502121,0.024615,,,,,,,,,,,,,,,,,nan_exist
8,32,0.74629,0.087156,0.00021,0.0171072516565937,9.01926274414324,189.01926274414325,4.016858762096979,4.016858762096979,0.8700802874189201,0.8700802874189201,0.0864137463011097,0.0864137463011097,0.14323009411624466,0.055316158127832915,0.010660184421205698,106.74308116643138,1.1379009309218873,0.29334772287641525,
9,32,1.496714,0.279368,,,,,,,,,,,,,,,,,nan_exist
10,32,2.308093,0.487194,,,,,,,,,,,,,,,,,nan_exist
11,32,2.752259,0.600961,,,,,,,,,,,,,,,,,nan_exist
12,32,3.184419,0.711654,,,,,,,,,,,,,,,,,nan_exist
13,32,3.191919,0.713575,,,,,,,,,,,,,,,,,nan_exist
14,32,3.299882,0.741229,,,,,,,,,,,,,,,,,nan_exist
15,32,3.526995,0.799401,0.003231,0.2632072862021641,343.02526777423793,163.02526777423793,6.120179202760151,6.120179202760151,6.861034373359281,6.861034373359281,0.44723473090234533,0.44723473090234533,0.3317650166415713,0.07628896476556371,0.022924455074676307,483.2759888071116,11.0788386940784,1.3116587503139812,
16,32,3.696255,0.842755,0.004993,0.4067452739112985,209.05621677549527,29.056216775495272,13.695964362152091,13.695964362152091,9.429749146481155,9.429749146481155,0.27467402284621106,0.27467402284621106,0.3783031571750174,0.05982532935340006,0.031059180969921676,515.9288937771257,16.024328879435245,1.3886237913824735,
17,32,3.756647,0.858224,0.006455,0.5258443306824419,21.016491191791857,201.01649119179186,8.659411464526471,8.659411464526471,14.449803549283036,14.449803549283036,0.6657077796705578,0.6657077796705578,0.7051732719898769,0.12730643994730328,0.05262340486737811,498.0017325655293,26.206546797451608,1.3105421826891048,
18,32,3.694608,0.842333,0.006252,0.5093073207477344,21.016491191791857,201.01649119179186,9.530014989661474,9.530014989661474,16.280208035487494,16.280208035487494,0.6815165900717876,0.6815165900717876,0.7575713252355776,0.14009924526735557,0.062238858287575465,480.93231411546776,29.932678144148326,1.2527767665869984,
19,32,3.514615,0.79623,,,,,,,,,,,,,,,,,nan_exist
20,32,3.609559,0.820549,0.007328,0.5969616197119959,17.01741504257566,197.01741504257566,9.306886015725858,9.306886015725858,16.093926377478134,16.093926377478134,0.6898706698239441,0.6898706698239441,0.5796770574903969,0.1469429498685089,0.06423442125624186,459.791860828176,29.53446407862839,1.19515943541541,
21,32,3.352213,0.754633,,,,,,,,,,,,,,,,,nan_exist
22,32,3.307282,0.743124,,,,,,,,,,,,,,,,,nan_exist
23,32,3.152345,0.703439,,,,,,,,,,,,,,,,,nan_exist
24,32,2.943707,0.649999,,,,,,,,,,,,,,,,,nan_exist
25,32,2.999282,0.664233,,,,,,,,,,,,,,,,,nan_exist
26,32,2.394857,0.509417,,,,,,,,,,,,,,,,,nan_exist
27,32,2.01645,0.412493,0.002482,0.202191421960313,13.018338893359438,193.01833889335944,6.126006292912755,6.126006292912755,3.4877505062632497,3.4877505062632497,0.22713184967662398,0.22713184967662398,0.24212759157651687,0.06617103386608915,0.019019798926832455,283.0409838120708,5.383382600158427,0.7712711144775344,
28,32,2.028977,0.415701,,,,,,,,,,,,,,,,,nan_exist
29,32,1.917828,0.387232,0.001826,0.1487516263092391,9.01926274414324,189.01926274414325,4.035011327846608,4.035011327846608,2.423497026764885,2.423497026764885,0.23961157772502534,0.23961157772502534,0.14187250645633231,0.06084509595407611,0.012325291445067228,269.63874912483976,3.323376167847016,0.7397649248805354,
30,32,2.021139,0.413694,0.001963,0.1599120714375884,13.018338893359438,193.01833889335944,5.814610007262716,5.814610007262716,3.687804564150167,3.687804564150167,0.2530214684491748,0.2530214684491748,0.3943932475759938,0.07090160834911997,0.02004122091991055,287.6958503303532,5.7657760942121286,0.7831390951003919,
31,32,1.999901,0.408254,0.002643,0.2153069815637016,13.018338893359438,193.01833889335944,6.266536105701654,6.266536105701654,5.261589620266587,5.261589620266587,0.33496504707533814,0.33496504707533814,0.49096737433222615,0.1006486221013202,0.03230738579889762,277.1108426080506,8.952726901195888,0.7448836547412631,
32,32,2.057282,0.422951,,,,,,,,,,,,,,,,,nan_exist
33,32,2.00844,0.410441,,,,,,,,,,,,,,,,,nan_exist
34,32,2.271295,0.477768,,,,,,,,,,,,,,,,,nan_exist
35,32,2.152936,0.447452,,,,,,,,,,,,,,,,,nan_exist
36,32,2.146832,0.445888,,,,,,,,,,,,,,,,,nan_exist
37,32,2.408328,0.512868,,,,,,,,,,,,,,,,,nan_exist
38,32,2.449873,0.523509,,,,,,,,,,,,,,,,,nan_exist
39,32,2.266453,0.476528,,,,,,,,,,,,,,,,,nan_exist
40,32,2.102748,0.434597,,,,,,,,,,,,,,,,,nan_exist
41,32,2.093895,0.432329,,,,,,,,,,,,,,,,,nan_exist
42,32,2.070208,0.426262,0.003701,0.3014949446716835,178.97999908583176,358.97999908583176,21.928016378720372,21.928016378720372,26.556180896735828,26.556180896735828,0.4831437181877461,0.4831437181877461,0.9017497296558772,0.21638064168595275,0.18220708380012363,279.2423828568218,50.879940253739136,0.6343401183418963,
43,32,2.114832,0.437692,,,,,,,,,,,,,,,,,nan_exist
44,32,1.852655,0.370538,0.002783,0.2267118160014307,176.98046101122364,356.9804610112236,30.4708729429644,30.4708729429644,21.684903820601058,21.684903820601058,0.2839112944571485,0.2839112944571485,0.7859746041536742,0.15207328715191384,0.18054627101618323,231.25738423227907,41.75265836809467,0.5264020162894011,
45,32,1.353897,0.242787,0.001572,0.1280599981150733,172.98138486200742,352.9813848620074,2.3119800869435614,2.3119800869435614,2.3500147796804196,2.3500147796804196,0.405505333059412,0.405505333059412,-0.13604346875874174,0.13663068081335342,0.02449566875101047,156.6523486859569,3.8373040424789906,0.42448623512077194,
46,32,1.199673,0.203285,0.002148,0.1749827455160162,345.0248058488461,165.02480584884609,28.26523600727368,28.26523600727368,11.798849528660604,11.798849528660604,0.1665317754950262,0.1665317754950262,0.66561316636034,0.13281821735175037,0.14320772524912134,157.52579471152137,22.558910728697043,0.37490801106340094,
47,32,1.222152,0.209043,0.000831,0.0676958386982353,176.98046101122364,356.9804610112236,25.347545186471528,25.347545186471528,13.010287199035137,13.010287199035137,0.20476750729419105,0.20476750729419105,0.7883758950307594,0.1622249319394016,0.15593050882937184,159.47310501569638,24.86672240969739,0.3739066183499972,
48,32,1.183968,0.199262,0.000701,0.0571056352917725,178.97999908583176,358.97999908583176,25.407404637537287,25.407404637537287,11.509305277263978,11.509305277263978,0.18071694290113804,0.18071694290113804,0.7557993740498453,0.1465777002905415,0.1406673754027438,155.78776538951098,21.914256077200918,0.37187085920086127,
49,32,1.103617,0.178681,0.001425,0.1160849219554577,178.97999908583176,358.97999908583176,24.2140049183776,24.2140049183776,9.88690424892752,9.88690424892752,0.16289350483216294,0.16289350483216294,0.737800109673491,0.13847563531807597,0.12612917685585068,148.48242931711678,18.72796658732497,0.3604290631383106,
50,32,1.12092,0.183113,0.000654,0.0532768694448205,178.97999908583176,358.97999908583176,24.52537271113597,24.52537271113597,10.079932824128267,10.079932824128267,0.16396535271918913,0.16396535271918913,0.7459966443498847,0.13613151280913674,0.12552245333136858,152.11406369813807,19.09373046159436,0.3695009256570658,
51,32,1.190872,0.20103,0.001244,0.1013401002895364,178.97999908583176,358.97999908583176,25.54298024321284,25.54298024321284,10.288655067245978,10.288655067245978,0.16069305444032972,0.16069305444032972,0.7341508477082541,0.1259631213607581,0.12075578359476628,161.22732911388437,19.46913246403838,0.3937727684717944,
52,32,1.244005,0.21464,0.002253,0.1835363713443131,178.97999908583176,358.97999908583176,23.66219291103478,23.66219291103478,11.564270914770457,11.564270914770457,0.1949724874302335,0.1949724874302335,0.7654278512743506,0.1500753097921091,0.13404960254745338,163.7584678866968,21.95175753399161,0.3939075287575144,
53,32,1.298119,0.228501,0.001543,0.1256975681244009,174.98092293661554,354.98092293661557,22.79765702651024,22.79765702651024,15.400776094605156,15.400776094605156,0.26950228823905376,0.26950228823905376,0.846825474127118,0.2026579553418789,0.17666280917981123,167.05379213255134,29.512192202276765,0.3820599998063182,
54,32,1.385431,0.250865,0.00336,0.2737160265055003,174.98092293661554,354.98092293661557,19.525339905791906,19.525339905791906,19.13788644520076,19.13788644520076,0.3910258206694407,0.3910258206694407,0.9029086760152856,0.2781524363646193,0.213084678351745,172.54292750164277,36.766254208556006,0.37715742581412987,
55,32,1.300622,0.229142,0.003359,0.2736345634023737,176.98046101122364,356.9804610112236,16.701970952280874,16.701970952280874,18.168081101322997,18.168081101322997,0.43396169983699784,0.43396169983699784,0.90928323139412,0.32124921626671804,0.21748179029024298,159.96211025450063,34.78884611675403,0.34770351149374057,
56,32,1.285562,0.225284,0.003611,0.2941632653902862,174.98092293661554,354.98092293661557,15.568636690405961,15.568636690405961,17.75070071650981,17.75070071650981,0.45485710556350034,0.45485710556350034,0.9189345544060041,0.33392576223504816,0.2144878987590374,158.2805540327654,33.949263448904134,0.3453646960662813,
57,32,1.275499,0.222707,0.004603,0.3749746636919101,174.98092293661554,354.98092293661557,15.898263288533613,15.898263288533613,17.866940589422292,17.866940589422292,0.4483431864964725,0.4483431864964725,0.8977678211152346,0.33386668971813094,0.21790666966066843,156.95239783503746,34.20097430748932,0.3409761764654115,
58,32,1.274616,0.222481,0.004166,0.3393752876255698,174.98092293661554,354.98092293661557,14.188845405252527,14.188845405252527,18.09089778771052,18.09089778771052,0.5086547785816841,0.5086547785816841,0.9193530640267886,0.3676321646159449,0.22097521741074977,156.36274376593664,34.55229129861921,0.33836236796477065,
0,33,0.426793,0.005321,,,,,,,,,,,,,,,,,nan_exist
1,33,0.432965,0.006901,,,,,,,,,,,,,,,,,nan_exist
2,33,0.435816,0.007632,,,,,,,,,,,,,,,,,nan_exist
3,33,0.434596,0.007319,,,,,,,,,,,,,,,,,nan_exist
4,33,0.43332,0.006992,,,,,,,,,,,,,,,,,nan_exist
5,33,0.433746,0.007102,,,,,,,,,,,,,,,,,nan_exist
6,33,0.461296,0.014158,,,,,,,,,,,,,,,,,nan_exist
7,33,0.499603,0.02397,,,,,,,,,,,,,,,,,nan_exist
8,33,0.814033,0.104508,,,,,,,,,,,,,,,,,nan_exist
9,33,1.705014,0.332722,,,,,,,,,,,,,,,,,nan_exist
10,33,2.333678,0.493747,,,,,,,,,,,,,,,,,nan_exist
11,33,2.753027,0.601158,,,,,,,,,,,,,,,,,nan_exist
12,33,2.98696,0.661077,,,,,,,,,,,,,,,,,nan_exist
13,33,3.233326,0.724181,,,,,,,,,,,,,,,,,nan_exist
14,33,3.448503,0.779296,,,,,,,,,,,,,,,,,nan_exist
15,33,3.5783,0.812542,0.004483,0.3651990913167137,341.0257296996299,161.0257296996299,5.260314729061604,5.260314729061604,3.081076369503026,3.081076369503026,0.23366883851069084,0.23366883851069084,0.024111824085943256,0.037069403551802174,0.007153895545785495,486.3521611476141,3.4793125593170657,1.341313468300825,
16,33,3.716795,0.848016,,,,,,,,,,,,,,,,,nan_exist
17,33,3.707655,0.845675,,,,,,,,,,,,,,,,,nan_exist
18,33,3.479724,0.787293,,,,,,,,,,,,,,,,,nan_exist
19,33,3.29477,0.739919,0.00598,0.4871493566972892,17.01741504257566,197.01741504257566,8.517617001130992,8.517617001130992,13.90194264646948,13.90194264646948,0.6511296176684207,0.6511296176684207,0.6500256510919722,0.14126864985697232,0.05812592330277374,435.98144461112867,25.34182401089896,1.1406656127784158,
20,33,3.450344,0.779768,,,,,,,,,,,,,,,,,nan_exist
21,33,3.381881,0.762232,,,,,,,,,,,,,,,,,nan_exist
22,33,3.234304,0.724432,,,,,,,,,,,,,,,,,nan_exist
23,33,3.086784,0.686646,,,,,,,,,,,,,,,,,nan_exist
24,33,2.887006,0.635475,,,,,,,,,,,,,,,,,nan_exist
25,33,3.051822,0.677691,,,,,,,,,,,,,,,,,nan_exist
26,33,2.427802,0.517856,0.002686,0.218809894998147,11.018800818751352,191.01880081875134,4.989905064527567,4.989905064527567,3.868025053364312,3.868025053364312,0.30924811504106864,0.30924811504106864,0.22755857849852068,0.07138165607802383,0.01806156018180814,326.4899079899967,5.896917121914328,0.8905360857446732,
27,33,2.10223,0.434464,,,,,,,,,,,,,,,,,nan_exist
28,33,2.203673,0.460448,,,,,,,,,,,,,,,,,nan_exist
29,33,2.03271,0.416657,0.001204,0.0980815761644709,11.018800818751352,191.01880081875134,4.953232563214398,4.953232563214398,2.9871540231425824,2.9871540231425824,0.24059077030888726,0.24059077030888726,0.21058382154984856,0.06266524847886243,0.015093242550009794,288.38845662724935,4.352716924498054,0.7889881658409759,
30,33,1.932953,0.391106,0.001453,0.1183658888430035,15.017876967967549,195.01787696796754,6.343403311257449,6.343403311257449,3.758741907119059,3.758741907119059,0.23639062413158443,0.23639062413158443,0.4068104156578043,0.0719933883464784,0.021805598847184117,274.86687499008974,5.993636812413001,0.7468701060491021,
31,33,1.986664,0.404863,0.00328,0.2671989782553693,15.017876967967549,195.01787696796754,7.0449222642692915,7.0449222642692915,4.891277156421214,4.891277156421214,0.27698492469604413,0.27698492469604413,0.46732565008755267,0.08816629805897146,0.029977111008782288,274.9385274165162,8.241862756956039,0.7408240684987781,
32,33,2.110511,0.436585,0.004185,0.3409230865849759,11.018800818751352,191.01880081875134,5.448758276268771,5.448758276268771,4.66093653730778,4.66093653730778,0.34126025724034204,0.34126025724034204,0.31744561691276574,0.09629550286374053,0.02783827798173305,277.6512529623885,7.7293327619434535,0.749783111667903,
33,33,2.172854,0.452554,0.003795,0.3091524763655874,11.018800818751352,191.01880081875134,5.4196712859613685,5.4196712859613685,5.499245942174075,5.499245942174075,0.4047997749129335,0.4047997749129335,0.33667970382875345,0.11285791073460036,0.033476502412882816,280.34793007861566,9.385068157723481,0.7526746164469227,
34,33,2.363687,0.501433,,,,,,,,,,,,,,,,,nan_exist
35,33,2.123132,0.439818,,,,,,,,,,,,,,,,,nan_exist
36,33,2.169648,0.451733,,,,,,,,,,,,,,,,,nan_exist
37,33,2.537902,0.546057,0.003713,0.3024725019092031,7.019724669535155,187.01972466953515,22.139510355149483,22.139510355149483,33.61564324483501,33.61564324483501,0.6057361322869668,0.6057361322869668,0.8758763822984712,0.22578997280004967,0.19222063316919635,335.93124146093203,64.57291593493454,0.7537731264611042,
38,33,2.517597,0.540856,0.001828,0.1489145525154924,7.019724669535155,187.01972466953515,24.970059380775975,24.970059380775975,34.11232103426823,34.11232103426823,0.5450065991302346,0.5450065991302346,0.8954373559008321,0.19812268136333402,0.18885902009419744,347.41456448614457,65.61237421530564,0.7827838618634415,
39,33,2.342646,0.496044,,,,,,,,,,,,,,,,,nan_exist
40,33,2.196574,0.458629,,,,,,,,,,,,,,,,,nan_exist
41,33,2.246203,0.471341,,,,,,,,,,,,,,,,,nan_exist
42,33,2.147254,0.445997,,,,,,,,,,,,,,,,,nan_exist
43,33,2.202209,0.460073,,,,,,,,,,,,,,,,,nan_exist
44,33,2.011075,0.411116,0.003447,0.2808033164775177,176.98046101122364,356.9804610112236,27.23969695080053,27.23969695080053,24.886607474272104,24.886607474272104,0.36447982351542557,0.36447982351542557,0.8464033388540249,0.18234758177291738,0.19026411331159496,251.84329010591142,47.91674028547601,0.5664626383900984,
45,33,1.447262,0.266702,0.001177,0.0958820723800517,176.98046101122364,356.9804610112236,25.6918954547709,25.6918954547709,18.02864022513431,18.02864022513431,0.2799476923224237,0.2799476923224237,0.8241146434721667,0.18929733065324547,0.18554443856366365,186.78464824060555,34.65685269011456,0.42257720986247493,
46,33,1.187956,0.200284,0.001109,0.0903425813674404,174.98092293661554,354.98092293661557,27.513349554280122,27.513349554280122,13.499120707600673,13.499120707600673,0.19573661825070798,0.19573661825070798,0.7694274687493305,0.15882282391978675,0.1668612304655004,155.19157240733307,25.895456729763396,0.35915587688213796,
47,33,1.183645,0.199179,0.001932,0.1573867152406626,176.98046101122364,356.9804610112236,25.66255664681653,25.66255664681653,14.421066790851363,14.421066790851363,0.22418550694469883,0.22418550694469883,0.8275038015451005,0.18194603751834582,0.17789389615977647,155.6357574754253,27.68665127908146,0.35541418387873286,
48,33,1.126968,0.184662,0.002122,0.1728647048347237,176.98046101122364,356.9804610112236,26.162614524014337,26.162614524014337,10.994949494823855,10.994949494823855,0.1676571819814657,0.1676571819814657,0.7705701397814804,0.14150990426937088,0.13993918350666085,149.6525277957998,20.942252549452093,0.3575285423509659,
49,33,1.061287,0.167839,0.002513,0.2047167781572387,176.98046101122364,356.9804610112236,25.42951373317592,25.42951373317592,10.537141778774366,10.537141778774366,0.16530836626471537,0.16530836626471537,0.7663702390353762,0.14657774182143385,0.14080816994484832,142.50777973649315,20.06625966759914,0.3401153335247056,
50,33,1.114501,0.181469,,,,,,,,,,,,,,,,,nan_exist
51,33,1.203163,0.204179,0.002319,0.1889129361506712,178.97999908583176,358.97999908583176,26.33711660164907,26.33711660164907,10.98811022999432,10.98811022999432,0.16644273626300343,0.16644273626300343,0.7459876269389083,0.13013335724537123,0.12915192064065334,161.53506249851586,20.862563572491297,0.39075694146117934,
52,33,1.231375,0.211405,0.00229,0.1865505061599987,178.97999908583176,358.97999908583176,25.069347024089645,25.069347024089645,11.847880956593873,11.847880956593873,0.18854183326778962,0.18854183326778962,0.7746000255718425,0.1468026616110569,0.13892630127695205,162.26806661920222,22.543302310767814,0.38812434530120665,
53,33,1.22498,0.209767,0.002203,0.1794632161879813,178.97999908583176,358.97999908583176,22.986037799357458,22.986037799357458,13.720580286720017,13.720580286720017,0.23813236695225642,0.23813236695225642,0.8098264070302835,0.18873263133067547,0.16536122678265916,158.62580240807478,26.230557285582933,0.36776456978469957,
54,33,1.286775,0.225595,0.002739,0.2231274394638587,176.98046101122364,356.9804610112236,18.48810542912189,18.48810542912189,17.40295349788782,17.40295349788782,0.37552652329813174,0.37552652329813174,0.8995258548325229,0.28272733718636733,0.20692694768820485,161.1971884902851,33.35604219021492,0.3551142952779727,
55,33,1.267165,0.220572,0.003404,0.2773004030430723,176.98046101122364,356.9804610112236,15.8539388903835,15.8539388903835,18.05467757754082,18.05467757754082,0.4543208028299973,0.4543208028299973,0.9257149319380069,0.3381170869589331,0.2201620201784912,156.8824678911247,34.539561061497295,0.3398414078600761,
56,33,1.219318,0.208317,0.003253,0.2649994744709501,176.98046101122364,356.9804610112236,15.59510740349058,15.59510740349058,16.623603073968475,16.623603073968475,0.42525248125786375,0.42525248125786375,0.9224457153990016,0.32449571126465165,0.2083870437938801,152.3351318898771,31.74466780048232,0.33497351135942993,
57,33,1.266086,0.220296,0.00398,0.3242231504440152,176.98046101122364,356.9804610112236,17.022466155027544,17.022466155027544,17.807577257232822,17.807577257232822,0.4173423177773184,0.4173423177773184,0.8801195978036453,0.3178396001054432,0.21835423959896866,156.2453134083323,34.11682660017894,0.33924579668931487,
58,33,1.285555,0.225282,0.005532,0.4506538864965558,174.98092293661554,354.98092293661557,15.347752349057592,15.347752349057592,18.256706507152597,18.256706507152597,0.47455627123344596,0.47455627123344596,0.9079941300017605,0.34515549388514905,0.2195304683411628,159.09530793833005,34.92626746258311,0.3449140013215193,
0,34,0.421534,0.003973,,,,,,,,,,,,,,,,,nan_exist
1,34,0.432769,0.006851,,,,,,,,,,,,,,,,,nan_exist
2,34,0.430927,0.006379,,,,,,,,,,,,,,,,,nan_exist
3,34,0.439683,0.008622,,,,,,,,,,,,,,,,,nan_exist
4,34,0.440753,0.008896,,,,,,,,,,,,,,,,,nan_exist
5,34,0.458861,0.013534,,,,,,,,,,,,,,,,,nan_exist
6,34,0.479257,0.018759,,,,,,,,,,,,,,,,,nan_exist
7,34,0.497635,0.023466,,,,,,,,,,,,,,,,,nan_exist
8,34,0.942292,0.13736,,,,,,,,,,,,,,,,,nan_exist
9,34,1.821428,0.36254,,,,,,,,,,,,,,,,,nan_exist
10,34,2.42242,0.516477,,,,,,,,,,,,,,,,,nan_exist
11,34,2.917718,0.643342,,,,,,,,,,,,,,,,,nan_exist
12,34,3.106904,0.6918,,,,,,,,,,,,,,,,,nan_exist
13,34,3.338485,0.751116,,,,,,,,,,,,,,,,,nan_exist
14,34,3.62177,0.823677,0.003876,0.315750987718845,245.04790211844107,65.04790211844107,14.957720240765294,14.957720240765294,7.8528994261367835,7.8528994261367835,0.2094472656526849,0.2094472656526849,-0.04794838651419697,0.050432328217611955,0.027361626199973933,479.36151681027184,13.11611063761518,1.2951261282573796,
15,34,3.6946,0.842331,,,,,,,,,,,,,,,,,nan_exist
16,34,3.730912,0.851632,,,,,,,,,,,,,,,,,nan_exist
17,34,3.474769,0.786024,,,,,,,,,,,,,,,,,nan_exist
18,34,3.31623,0.745416,,,,,,,,,,,,,,,,,nan_exist
19,34,3.242889,0.72663,,,,,,,,,,,,,,,,,nan_exist
20,34,3.233415,0.724204,0.003542,0.2885423112745482,19.016953117183746,199.01695311718373,9.486711330813405,9.486711330813405,12.645711533964787,12.645711533964787,0.5317869196960222,0.5317869196960222,0.6564437674941821,0.1199828473740919,0.05222959740550169,437.3680699210108,22.843558209995706,1.1514569769750418,
21,34,3.2875,0.738057,0.004929,0.4015316353111938,15.017876967967549,195.01787696796754,6.626788554272751,6.626788554272751,6.444728679769632,6.444728679769632,0.38798201195329546,0.38798201195329546,0.3887217469859954,0.0757373303151524,0.02393770560775293,436.8973760867506,10.458320769564352,1.1845529314366285,
22,34,3.301492,0.741641,,,,,,,,,,,,,,,,,nan_exist
23,34,3.322666,0.747065,0.004085,0.3327767762723121,11.018800818751352,191.01880081875134,4.899608878331267,4.899608878331267,5.310171277341675,5.310171277341675,0.43237162216637787,0.43237162216637787,0.21025965594837492,0.07655829238333833,0.019533206734768074,422.16342974640054,8.24620554909518,1.149770067214737,
24,34,3.206542,0.717321,,,,,,,,,,,,,,,,,nan_exist
25,34,3.007132,0.666244,,,,,,,,,,,,,,,,,nan_exist
26,34,2.154199,0.447775,,,,,,,,,,,,,,,,,nan_exist
27,34,2.200675,0.45968,0.003014,0.2455297928236839,13.018338893359438,193.01833889335944,6.021366106102404,6.021366106102404,4.042530711838917,4.042530711838917,0.2678356360260844,0.2678356360260844,0.24169170266433992,0.07254402916101696,0.02113757864913605,302.18730879073314,6.387508006334883,0.8216661132899952,
28,34,2.205195,0.460837,0.002407,0.1960816892258152,11.018800818751352,191.01880081875134,5.079968917491941,5.079968917491941,3.383239034124867,3.383239034124867,0.2656939672936604,0.2656939672936604,0.1309517497411271,0.06641066807910631,0.01662365169292856,303.9110478288068,5.052111404739037,0.830163712289077,
29,34,1.963293,0.398877,,,,,,,,,,,,,,,,,nan_exist
30,34,1.712155,0.334551,0.001853,0.1509511300936583,15.017876967967549,195.01787696796754,6.7420175309801875,6.7420175309801875,4.08418831595475,4.08418831595475,0.2416717833895919,0.2416717833895919,0.47778798354498697,0.0847714319856776,0.02777799205855167,244.92143465955462,6.803425666942189,0.6614389138683678,
31,34,1.779331,0.351757,0.001689,0.1375911811808899,15.017876967967549,195.01787696796754,6.869927904280124,6.869927904280124,4.277058293831746,4.277058293831746,0.2483722410082402,0.2483722410082402,0.4826186026340802,0.08589532442608656,0.028576782099331375,250.3965331540747,7.155527166371996,0.6756694610769519,
32,34,2.060953,0.423891,,,,,,,,,,,,,,,,,nan_exist
33,34,2.328413,0.492398,,,,,,,,,,,,,,,,,nan_exist
34,34,2.384044,0.506648,,,,,,,,,,,,,,,,,nan_exist
35,34,2.143956,0.445152,0.003509,0.2858540288713692,7.019724669535155,187.01972466953515,24.047326063302453,24.047326063302453,23.373818419366533,23.373818419366533,0.38776886866192006,0.38776886866192006,0.8294242181470934,0.16422874597693907,0.14970651763064022,297.9032262798706,44.59805459729205,0.7036254768960515,
36,34,2.179928,0.454366,,,,,,,,,,,,,,,,,nan_exist
37,34,2.537651,0.545992,,,,,,,,,,,,,,,,,nan_exist
38,34,2.494416,0.534918,,,,,,,,,,,,,,,,,nan_exist
39,34,2.321516,0.490632,0.002419,0.1970592464633349,181.0626837309819,1.0626837309818882,23.528856677614165,23.528856677614165,34.915462201969795,34.915462201969795,0.5920072659279036,0.5920072659279036,0.9110909690753602,0.2185455660848466,0.19680941427475349,341.07992000087154,67.1277392762513,0.7609782797906117,
40,34,2.27722,0.479286,,,,,,,,,,,,,,,,,nan_exist
41,34,2.316466,0.489338,,,,,,,,,,,,,,,,,nan_exist
42,34,2.145919,0.445655,,,,,,,,,,,,,,,,,nan_exist
43,34,2.230105,0.467218,0.002151,0.1752271348253962,345.0248058488461,165.02480584884609,27.040333529014056,27.040333529014056,28.263095183142685,28.263095183142685,0.4169824174493758,0.4169824174493758,0.7694803275019055,0.18176063693555122,0.1883749303804363,289.3547533537926,54.50718151826899,0.6523543662097878,
44,34,2.124351,0.44013,0.002287,0.1863061168506188,343.02526777423793,163.02526777423793,30.44252601470418,30.44252601470418,19.629811039712305,19.629811039712305,0.25724414512282856,0.25724414512282856,0.6219048295742962,0.1248346334629942,0.14721253596784367,255.4778083839513,37.609536055708304,0.6051896453562305,
45,34,1.528821,0.287592,0.002284,0.1860617275412389,176.98046101122364,356.9804610112236,26.6982884602894,26.6982884602894,16.480767732000096,16.480767732000096,0.24626578859352086,0.24626578859352086,0.7909754152768874,0.15969654094986305,0.16222418537339736,194.5896557810223,31.567148391166143,0.45284029830515593,
46,34,1.243926,0.21462,0.0021,0.1710725165659377,174.98092293661554,354.98092293661557,27.155238325920813,27.155238325920813,13.837534068997982,13.837534068997982,0.20328959482374123,0.20328959482374123,0.7626599227770765,0.15685837532165572,0.16229933696199456,163.37477765599405,26.515618089881116,0.3801643321280915,
47,34,1.274135,0.222357,0.000571,0.0465154318853097,174.98092293661554,354.98092293661557,26.38675431372069,26.38675431372069,14.061707192823421,14.061707192823421,0.2125994530113616,0.2125994530113616,0.7890575572909735,0.1618690196850798,0.1624282386336559,165.8260367856859,26.934831074698792,0.38580890475274193,
48,34,1.199665,0.203283,0.000404,0.0329110936631613,176.98046101122364,356.9804610112236,25.48401324317748,25.48401324317748,11.152713225239138,11.152713225239138,0.1745913724138906,0.1745913724138906,0.7487092372649146,0.13861547170652705,0.1331469504090131,159.16772597327406,21.192697316878906,0.3832639684899865,
49,34,1.199338,0.203199,0.001484,0.1208912450399293,178.97999908583176,358.97999908583176,24.52870043623134,24.52870043623134,11.402975801946603,11.402975801946603,0.18546148344130844,0.18546148344130844,0.7573246874601177,0.14674369095198356,0.13577679244654878,159.59758362023126,21.66964798617485,0.38313315453904556,
50,34,1.290968,0.226669,,,,,,,,,,,,,,,,,nan_exist
51,34,1.346042,0.240775,0.002385,0.1942895009570292,178.97999908583176,358.97999908583176,26.71216936841262,26.71216936841262,12.28746450579311,12.28746450579311,0.18351145662056983,0.18351145662056983,0.7484245828444932,0.1295100563553516,0.13053164564066636,178.84417922795103,23.344825027878727,0.4319426505557564,
52,34,1.339695,0.23915,0.002446,0.199258750247754,176.98046101122364,356.9804610112236,28.267197936406887,28.267197936406887,14.442038704013104,14.442038704013104,0.20382423002048372,0.20382423002048372,0.7487245891223726,0.14642792569934618,0.15825641130199947,174.791725027243,27.66191112809736,0.4086939274976268,
53,34,1.305382,0.230361,0.004189,0.3412489389974824,176.98046101122364,356.9804610112236,21.09842117996501,21.09842117996501,14.998820998430842,14.998820998430842,0.2836071856470929,0.2836071856470929,0.838943611464603,0.2088012012761772,0.16956054498880682,169.01008225267273,28.657441655366256,0.3898684461036291,
54,34,1.278486,0.223472,0.004007,0.3264226542284345,176.98046101122364,356.9804610112236,18.394757690795053,18.394757690795053,17.495993981212994,17.495993981212994,0.3794500506113038,0.3794500506113038,0.8929743370027257,0.28588394741604234,0.20843465909410916,160.90012361745676,33.53716241440462,0.3537860033418115,
55,34,1.284343,0.224972,0.003672,0.299132514681011,176.98046101122364,356.9804610112236,15.656447181099464,15.656447181099464,17.498734483678412,17.498734483678412,0.4458856443168876,0.4458856443168876,0.9179746186705346,0.3252988028171189,0.20954625441262617,159.50598572447728,33.423881864958034,0.3502280662764424,
56,34,1.326293,0.235717,0.003712,0.3023910388060765,176.98046101122364,356.9804610112236,17.066388918914186,17.066388918914186,18.613682976529443,18.613682976529443,0.43511167878614326,0.43511167878614326,0.9131927235159799,0.31554124566152875,0.21717191838179464,164.1946085816179,35.65845813361784,0.3570448623555557,
57,34,1.443242,0.265672,0.004653,0.3790478188482419,174.98092293661554,354.98092293661557,17.001479428632244,17.001479428632244,20.238968972545422,20.238968972545422,0.4749104611027768,0.4749104611027768,0.8963685436842903,0.32122608917108003,0.22063954906488956,175.89370281420173,38.809107272279164,0.38079054317200717,
58,34,1.389016,0.251783,0.006218,0.5065375752414288,174.98092293661554,354.98092293661557,15.62332181278956,15.62332181278956,20.00668895628185,20.00668895628185,0.5108717730545251,0.5108717730545251,0.9037573240195862,0.3486976559398759,0.22486255240344843,170.37878611075428,38.31180872026542,0.36685271497358013,
0,35,0.423095,0.004374,,,,,,,,,,,,,,,,,nan_exist
1,35,0.421141,0.003873,,,,,,,,,,,,,,,,,nan_exist
2,35,0.431036,0.006407,,,,,,,,,,,,,,,,,nan_exist
3,35,0.439211,0.008501,,,,,,,,,,,,,,,,,nan_exist
4,35,0.44606,0.010256,,,,,,,,,,,,,,,,,nan_exist
5,35,0.461084,0.014104,,,,,,,,,,,,,,,,,nan_exist
6,35,0.463315,0.014675,,,,,,,,,,,,,,,,,nan_exist
7,35,0.498557,0.023702,,,,,,,,,,,,,,,,,nan_exist
8,35,1.094716,0.176401,,,,,,,,,,,,,,,,,nan_exist
9,35,1.867854,0.374432,,,,,,,,,,,,,,,,,nan_exist
10,35,2.530724,0.544218,,,,,,,,,,,,,,,,,nan_exist
11,35,3.015946,0.668502,,,,,,,,,,,,,,,,,nan_exist
12,35,3.37244,0.759813,,,,,,,,,,,,,,,,,nan_exist
13,35,3.344933,0.752768,0.002517,0.2050426305697453,13.018338893359438,193.01833889335944,4.791506815318727,4.791506815318727,3.735638130589993,3.735638130589993,0.31103034014425857,0.31103034014425857,0.3703839957841182,0.0483795241019665,0.010166211523974721,475.8364513181092,4.837454014917398,1.3083305480644216,
14,35,3.547896,0.804755,,,,,,,,,,,,,,,,,nan_exist
15,35,3.858392,0.884284,,,,,,,,,,,,,,,,,nan_exist
16,35,4.011263,0.92344,,,,,,,,,,,,,,,,,nan_exist
17,35,3.779854,0.864168,,,,,,,,,,,,,,,,,nan_exist
18,35,3.529436,0.800026,,,,,,,,,,,,,,,,,nan_exist
19,35,3.290178,0.738743,,,,,,,,,,,,,,,,,nan_exist
20,35,3.066738,0.681512,,,,,,,,,,,,,,,,,nan_exist
21,35,3.00827,0.666536,0.00468,0.3812473226326611,17.01741504257566,197.01741504257566,7.501374854676784,7.501374854676784,7.118064463173158,7.118064463173158,0.378556854442792,0.378556854442792,0.5349447682473993,0.08225502210424744,0.028892694574770835,413.4573642332479,11.945897344481011,1.1153096302465748,
22,35,3.123186,0.69597,,,,,,,,,,,,,,,,,nan_exist
23,35,3.320407,0.746486,0.004428,0.3607186206447486,11.018800818751352,191.01880081875134,4.952732400862221,4.952732400862221,5.307190657697684,5.307190657697684,0.42749387048218057,0.42749387048218057,0.18662532180200453,0.07473865286080025,0.019076132932065407,429.6231959106447,8.195549195890237,1.1706323519854291,
24,35,3.386872,0.76351,0.004476,0.3646288495948272,9.01926274414324,189.01926274414325,4.053515879316047,4.053515879316047,5.6716909380469875,5.6716909380469875,0.5582011724938376,0.5582011724938376,0.05426117869391067,0.09188064742995579,0.021525300535989528,416.8295559815106,8.972381464785087,1.1329365958797932,
25,35,2.861064,0.628831,,,,,,,,,,,,,,,,,nan_exist
26,35,2.092153,0.431883,0.002945,0.2399088387079459,11.018800818751352,191.01880081875134,5.162511508771039,5.162511508771039,3.579929379395712,3.579929379395712,0.2766454249769213,0.2766454249769213,0.28265336032298793,0.07367388356122788,0.019263738330133076,287.2845569117937,5.534174530637017,0.7826399510587686,
27,35,2.119507,0.438889,0.002894,0.2357542204484874,11.018800818751352,191.01880081875134,5.078188807268791,5.078188807268791,3.495931075219993,3.495931075219993,0.27464018535076806,0.27464018535076806,0.2172042072026602,0.07114175219805219,0.018201496052054452,293.2060755814847,5.336789227134773,0.7996369065398609,
28,35,2.101162,0.434191,0.002184,0.1779154172285752,9.01926274414324,189.01926274414325,4.135350519549345,4.135350519549345,2.596989170328263,2.596989170328263,0.2505346951584377,0.2505346951584377,0.03782759468193875,0.059989355672715114,0.012296642447630785,289.1707800732415,3.5558296888631276,0.7933748621788287,
29,35,1.906158,0.384243,,,,,,,,,,,,,,,,,nan_exist
30,35,1.726067,0.338114,,,,,,,,,,,,,,,,,nan_exist
31,35,1.639519,0.315946,,,,,,,,,,,,,,,,,nan_exist
32,35,2.058742,0.423325,0.003642,0.2966886215872119,11.018800818751352,191.01880081875134,5.643033009001613,5.643033009001613,5.664311197365136,5.664311197365136,0.4004465723265401,0.4004465723265401,0.3717503555337973,0.11783470623534673,0.03608760087855734,270.3530033836969,9.756391282430116,0.7238794780590744,
33,35,2.324472,0.491389,0.003192,0.2600302251802253,9.01926274414324,189.01926274414325,4.090880541648951,4.090880541648951,3.701650982791792,3.701650982791792,0.3609846509304122,0.3609846509304122,0.20278059029687334,0.0799910860583568,0.018127891691129855,310.928084194813,5.636470634014074,0.8480322598911081,
34,35,2.180701,0.454563,,,,,,,,,,,,,,,,,nan_exist
35,35,2.075397,0.427591,,,,,,,,,,,,,,,,,nan_exist
36,35,2.190745,0.457136,0.003656,0.2978291050309848,7.019724669535155,187.01972466953515,21.766374624455548,21.766374624455548,32.08154950241318,32.08154950241318,0.5880026756005676,0.5880026756005676,0.8980254810525069,0.24347364442416494,0.20452836160365212,301.7401484016193,61.71441818262605,0.6667381394972035,
37,35,2.507192,0.53819,0.002934,0.2390127445735529,5.020186594927044,185.02018659492705,22.575988679931182,22.575988679931182,36.044191763392504,36.044191763392504,0.6369400809496764,0.6369400809496764,0.8889847152236485,0.2382284432520066,0.2068110670441601,335.4220764807235,69.36899754714631,0.7390363303710478,
38,35,2.423199,0.516677,,,,,,,,,,,,,,,,,nan_exist
39,35,2.277279,0.479301,,,,,,,,,,,,,,,,,nan_exist
40,35,2.301563,0.485521,,,,,,,,,,,,,,,,,nan_exist
41,35,2.382856,0.506343,,,,,,,,,,,,,,,,,nan_exist
42,35,2.129286,0.441394,,,,,,,,,,,,,,,,,nan_exist
43,35,2.129816,0.44153,,,,,,,,,,,,,,,,,nan_exist
44,35,2.021499,0.413786,0.002521,0.2053684829822518,343.02526777423793,163.02526777423793,8.250348799126547,8.250348799126547,7.291140727987472,7.291140727987472,0.35256016194842926,0.35256016194842926,0.3680385256340095,0.13622886578608323,0.054725075760657604,241.69804087265845,13.226943597958751,0.6346419368741658,
45,35,1.579929,0.300683,0.001821,0.1483443107936059,345.0248058488461,165.02480584884609,8.026863162336255,8.026863162336255,7.312107432309347,7.312107432309347,0.36341828116286434,0.36341828116286434,0.45544290398323783,0.17400622374988434,0.06999514225222893,192.854117571786,13.498851393365243,0.4982090727178354,
46,35,1.30226,0.229561,0.00092,0.074946054876506,345.0248058488461,165.02480584884609,30.69934886144918,30.69934886144918,14.803461343243288,14.803461343243288,0.19237302565475817,0.19237302565475817,0.6884948298649505,0.1404809765619246,0.16815381262107318,169.38682203737682,28.48303993335213,0.3913993947334019,
47,35,1.288847,0.226126,0.002645,0.2154699077699548,176.98046101122364,356.9804610112236,26.580921675092554,26.580921675092554,13.96470519171775,13.96470519171775,0.20959060044701056,0.20959060044701056,0.7681652363864682,0.15779979143536027,0.15945192341279715,167.64099181695707,26.730678588042792,0.3914175367469841,
48,35,1.172237,0.196257,0.000934,0.0760865383202789,176.98046101122364,356.9804610112236,26.82183444843116,26.82183444843116,12.695278905643276,12.695278905643276,0.1888268875377304,0.1888268875377304,0.7612577280798757,0.15508057588273838,0.1581737191500558,153.6121354072202,24.29740276394199,0.3592075906757728,
49,35,1.171865,0.196162,0.002546,0.2074050605604178,178.97999908583176,358.97999908583176,23.594508496674404,23.594508496674404,13.530486293860584,13.530486293860584,0.22877709267704777,0.22877709267704777,0.8185964198666636,0.18415998572843503,0.1653563146958227,156.5034271270947,25.87882994700263,0.36284610327803357,
50,35,1.30611,0.230547,0.000838,0.0682660804201218,178.97999908583176,358.97999908583176,24.802998000043672,24.802998000043672,12.043742812482284,12.043742812482284,0.1937168330284745,0.1937168330284745,0.7687331926388941,0.13941556104797442,0.13019032115935117,175.53338701598227,22.852748029799415,0.4241128860727301,
51,35,1.385332,0.250839,,,,,,,,,,,,,,,,,nan_exist
52,35,1.380189,0.249522,0.002677,0.2180767270700072,174.98092293661554,354.98092293661557,25.704366505028677,25.704366505028677,12.922583663432443,12.922583663432443,0.2005637833696259,0.2005637833696259,0.7655977946601664,0.13986460385759797,0.13565754135976218,181.20703375170555,24.58210067585182,0.4350692585440381,
53,35,1.237682,0.21302,0.001926,0.1568979366219028,174.98092293661554,354.98092293661557,20.558980331953453,20.558980331953453,14.338357467167077,14.338357467167077,0.2782325257771687,0.2782325257771687,0.8477485745303209,0.2132365578238122,0.16937670572854657,161.7183712300338,27.391324974729287,0.37313068404251254,
54,35,1.253348,0.217033,0.004033,0.328540694909727,174.98092293661554,354.98092293661557,17.53140193941617,17.53140193941617,17.329286638891784,17.329286638891784,0.3943429711634229,0.3943429711634229,0.9039502285541314,0.2970561313835776,0.2086014969103055,159.17141259408413,33.203394932453804,0.34991116017119533,
55,35,1.29872,0.228654,0.005578,0.4544011892403811,176.98046101122364,356.9804610112236,15.85681843829854,15.85681843829854,18.196409525911555,18.196409525911555,0.45780413893447114,0.45780413893447114,0.9165787440455275,0.3304693105836294,0.21506486963404212,161.7672599169488,34.7904546650948,0.3527133479218167,
56,35,1.397326,0.253911,0.003793,0.3089895501593341,176.98046101122364,356.9804610112236,16.549480000119555,16.549480000119555,18.616574916780415,18.616574916780415,0.44877173485274696,0.44877173485274696,0.91215585585531,0.307872099906039,0.20666564946678345,172.22696257047625,35.593397075318876,0.3795376819309927,
57,35,1.434106,0.263332,0.005326,0.4338724872524686,176.98046101122364,356.9804610112236,17.24523595662215,17.24523595662215,19.69084003669,19.69084003669,0.455517607704314,0.455517607704314,0.8878785760699949,0.31328395746361404,0.21736680396597874,173.58543022877438,37.73171018388808,0.37737144456912863,
58,35,1.406285,0.256206,0.006642,0.541077930967123,174.98092293661554,354.98092293661557,16.31883979118329,16.31883979118329,19.598188421463217,19.598188421463217,0.47911163297403525,0.47911163297403525,0.9037990259369724,0.32615279973959793,0.21705029139827164,172.9206369915043,37.53247464778076,0.3760782287325654,
0,36,0.416189,0.002605,,,,,,,,,,,,,,,,,nan_exist
1,36,0.418524,0.003203,,,,,,,,,,,,,,,,,nan_exist
2,36,0.426677,0.005291,,,,,,,,,,,,,,,,,nan_exist
3,36,0.435331,0.007508,,,,,,,,,,,,,,,,,nan_exist
4,36,0.444742,0.009918,,,,,,,,,,,,,,,,,nan_exist
5,36,0.457578,0.013206,,,,,,,,,,,,,,,,,nan_exist
6,36,0.460398,0.013928,,,,,,,,,,,,,,,,,nan_exist
7,36,0.553462,0.037765,,,,,,,,,,,,,,,,,nan_exist
8,36,1.504071,0.281253,,,,,,,,,,,,,,,,,nan_exist
9,36,2.212755,0.462774,,,,,,,,,,,,,,,,,nan_exist
10,36,2.600285,0.562035,,,,,,,,,,,,,,,,,nan_exist
11,36,2.806328,0.614811,,,,,,,,,,,,,,,,,nan_exist
12,36,3.111864,0.69307,,,,,,,,,,,,,,,,,nan_exist
13,36,3.630185,0.825832,,,,,,,,,,,,,,,,,nan_exist
14,36,3.877384,0.889149,,,,,,,,,,,,,,,,,nan_exist
15,36,4.018481,0.925289,0.005999,0.4886971556566953,209.05621677549527,29.056216775495272,34.119166476358394,34.119166476358394,38.724847091399305,38.724847091399305,0.4527947310068205,0.4527947310068205,0.7324957218528556,0.10394148766197232,0.14322880862777398,519.0934525913426,74.34913678113588,1.2354008772505742,
16,36,4.258961,0.986886,,,,,,,,,,,,,,,,,nan_exist
17,36,4.110918,0.948966,,,,,,,,,,,,,,,,,nan_exist
18,36,3.83575,0.878485,,,,,,,,,,,,,,,,,nan_exist
19,36,3.44007,0.777136,0.003361,0.2737974896086269,209.05621677549527,29.056216775495272,16.447781617179377,16.447781617179377,20.962289374423772,20.962289374423772,0.5084420331026663,0.5084420331026663,0.6995692718681127,0.13176008769404313,0.0861518990913178,457.20509353646514,39.38908708239006,1.1606000179279863,
20,36,3.001427,0.664783,,,,,,,,,,,,,,,,,nan_exist
21,36,2.805615,0.614628,,,,,,,,,,,,,,,,,nan_exist
22,36,3.066022,0.681328,,,,,,,,,,,,,,,,,nan_exist
23,36,3.187488,0.71244,0.004587,0.3736712540418839,11.018800818751352,191.01880081875134,4.912316663537667,4.912316663537667,5.336767302130265,5.336767302130265,0.43341304384688806,0.43341304384688806,0.24275269600320581,0.07727577946361645,0.019803300005999978,419.73545300651995,8.31214709904242,1.1428425164096598,
24,36,3.265882,0.73252,,,,,,,,,,,,,,,,,nan_exist
25,36,2.827835,0.620319,,,,,,,,,,,,,,,,,nan_exist
26,36,2.130022,0.441583,,,,,,,,,,,,,,,,,nan_exist
27,36,2.199737,0.45944,,,,,,,,,,,,,,,,,nan_exist
28,36,2.253657,0.47325,0.001411,0.1149444385116848,11.018800818751352,191.01880081875134,5.237699180501806,5.237699180501806,4.072275839249421,4.072275839249421,0.3101749363120497,0.3101749363120497,0.26722428308448354,0.0770087118556676,0.020588304508968,310.1303840165343,6.385058783615591,0.8437370145358853,
29,36,2.137684,0.443545,0.001389,0.1131522502428988,15.017876967967549,195.01787696796754,7.167042735866655,7.167042735866655,5.864475634372083,5.864475634372083,0.3264369097768648,0.3264369097768648,0.49948843263400156,0.0993169402757616,0.0348632352709829,289.71804350190314,10.100508312855709,0.7767153755251317,
30,36,1.788748,0.354169,0.002856,0.2326586225296752,15.017876967967549,195.01787696796754,7.105144907994574,7.105144907994574,4.964289087319278,4.964289087319278,0.2787367231368805,0.2787367231368805,0.509119410818051,0.10005233094132772,0.03496469486158151,244.67753933156717,8.555075502210855,0.6558957328593231,
31,36,1.690145,0.328913,,,,,,,,,,,,,,,,,nan_exist
32,36,2.114851,0.437697,,,,,,,,,,,,,,,,,nan_exist
33,36,2.295832,0.484053,,,,,,,,,,,,,,,,,nan_exist
34,36,2.146806,0.445882,,,,,,,,,,,,,,,,,nan_exist
35,36,2.113729,0.437409,,,,,,,,,,,,,,,,,nan_exist
36,36,2.279676,0.479915,0.003479,0.2834101357775701,7.019724669535155,187.01972466953515,20.88905932464917,20.88905932464917,31.795521558088996,31.795521558088996,0.6072354757482588,0.6072354757482588,0.8789541858243477,0.2405095828786489,0.19461148113498436,313.65632472811444,61.041121922693975,0.7017088966817235,
37,36,2.403528,0.511638,,,,,,,,,,,,,,,,,nan_exist
38,36,2.271452,0.477808,,,,,,,,,,,,,,,,,nan_exist
39,36,2.161369,0.449612,0.001705,0.138894590830916,181.0626837309819,1.0626837309818882,26.369350209527983,26.369350209527983,32.561746355683056,32.561746355683056,0.4926271311871574,0.4926271311871574,0.8989661802291753,0.19638026778545992,0.19813394797752426,316.60307398971474,62.7298169914024,0.7052034916619787,
40,36,2.231391,0.467547,,,,,,,,,,,,,,,,,nan_exist
41,36,2.27372,0.478389,,,,,,,,,,,,,,,,,nan_exist
42,36,2.099735,0.433825,,,,,,,,,,,,,,,,,nan_exist
43,36,2.143673,0.445079,0.001547,0.1260234205369074,176.98046101122364,356.9804610112236,25.758843393376125,25.758843393376125,28.355145747039234,28.355145747039234,0.439152734177021,0.439152734177021,0.8751060415843432,0.1969535480163391,0.19382176553723715,281.5886870102864,54.57801647164618,0.6305851959406672,
44,36,1.996528,0.40739,0.001169,0.0952303675550386,343.02526777423793,163.02526777423793,8.290137855329421,8.290137855329421,6.68958734837148,6.68958734837148,0.32191976518077386,0.32191976518077386,0.34052244020229194,0.12438513093457369,0.0496353430545438,242.1744875515048,12.020413768677287,0.6393168716189653,
45,36,1.550364,0.29311,0.002657,0.2164474650074745,176.98046101122364,356.9804610112236,28.085484914353657,28.085484914353657,15.641379344747062,15.641379344747062,0.22217909227652954,0.22217909227652954,0.7553863878634012,0.14158993045212215,0.1516810496793571,197.2044169286486,29.912172961143,0.46470067768751555,
46,36,1.344247,0.240316,0.000531,0.0432569077602442,176.98046101122364,356.9804610112236,28.60571458465054,28.60571458465054,14.397686390119272,14.397686390119272,0.2007936499534582,0.2007936499534582,0.7463669547555541,0.14506102399161827,0.15895678815889128,173.54204306472917,27.585685776101343,0.40543432580174393,
47,36,1.395948,0.253558,0.001502,0.1223575808962087,172.98138486200742,352.9813848620074,2.2658609308528965,2.2658609308528965,1.8730200573156641,1.8730200573156641,0.32977614942231614,0.32977614942231614,-0.18357458460414078,0.10633824540543275,0.01758918664619675,162.12357044577016,2.8516217403184783,0.44242207973736575,
48,36,1.259934,0.21872,0.001226,0.0998737644332569,176.98046101122364,356.9804610112236,22.588014206181406,22.588014206181406,13.994221929732523,13.994221929732523,0.24716147059812923,0.24716147059812923,0.8168635843612385,0.188996484570957,0.16288077103645845,164.14419700422977,26.735933369209278,0.3816896212083903,
49,36,1.231507,0.211439,0.001669,0.1359619191183571,178.97999908583176,358.97999908583176,23.970685568069182,23.970685568069182,12.668821650224816,12.668821650224816,0.21084622652062243,0.21084622652062243,0.775730336559336,0.1634724413023022,0.14843333722401633,162.6813401161616,24.147334217517113,0.3848166830517903,
50,36,1.291383,0.226775,0.002423,0.1973850988758414,178.97999908583176,358.97999908583176,25.281212394370208,25.281212394370208,12.308064766547703,12.308064766547703,0.19422357396073722,0.19422357396073722,0.7600246140083545,0.14197375779146185,0.13535471453765943,172.86581118514167,23.398202526285786,0.4151878018301552,
51,36,1.353002,0.242558,0.001172,0.0954747568644185,178.97999908583176,358.97999908583176,27.617930942538024,27.617930942538024,12.366897152637732,12.366897152637732,0.17864039713287402,0.17864039713287402,0.7378093928112144,0.12483754250641764,0.13046336409836137,180.17981868970836,23.506865288892158,0.4352026483356005,
52,36,1.329374,0.236506,0.002163,0.1762046920629158,176.98046101122364,356.9804610112236,24.980449221129494,24.980449221129494,12.305104313878001,12.305104313878001,0.19651473566791344,0.19651473566791344,0.7706054544471275,0.1421241879164161,0.13382961890619607,174.69966289852766,23.37998930875088,0.4203324266382688,
53,36,1.20408,0.204414,0.002118,0.1725388524222171,174.98092293661554,354.98092293661557,21.428025767300426,21.428025767300426,14.66159082729845,14.66159082729845,0.2729662798838451,0.2729662798838451,0.848664402292176,0.21628399290241765,0.17838049068014705,157.38577583790646,28.074551920041387,0.3591978442162919,
54,36,1.243546,0.214522,0.003632,0.2958739905559455,174.98092293661554,354.98092293661557,17.63499849273305,17.63499849273305,17.272741451015694,17.272741451015694,0.3907472329012159,0.3907472329012159,0.9001086345220691,0.29753301459587117,0.20993866117022633,157.68661857813876,33.10451758875459,0.34606139163717825,
55,36,1.311522,0.231934,0.003732,0.3040203008686092,176.98046101122364,356.9804610112236,15.563677446232191,15.563677446232191,18.517426332545053,18.517426332545053,0.4746554478395126,0.4746554478395126,0.9117631679727147,0.34015029990687806,0.21841773444041943,162.08308257138913,35.401819686362245,0.35189239690285246,
56,36,1.339809,0.239179,0.004307,0.3508615851664255,176.98046101122364,356.9804610112236,16.064495620156414,16.064495620156414,18.260812570152275,18.260812570152275,0.4534851501704829,0.4534851501704829,0.9050796976827944,0.31981294773389635,0.21001702055199328,166.19277285296167,34.9033109918532,0.3646929496141902,
57,36,1.323595,0.235026,0.004987,0.4062564952925387,174.98092293661554,354.98092293661557,16.592869542258878,16.592869542258878,19.523667574126975,19.523667574126975,0.4694074429974328,0.4694074429974328,0.9126201591064675,0.338450038531424,0.22841627282145857,163.95419950701717,37.44980716481868,0.35140108983944024,
58,36,1.343438,0.240109,0.006574,0.5355384399545117,174.98092293661554,354.98092293661557,15.978316998155584,15.978316998155584,19.140151637920113,19.140151637920113,0.4778861091905041,0.4778861091905041,0.9048575742744027,0.33491505920248765,0.21945549477454795,166.99806475757202,36.64864292776497,0.3620817273050196,
0,37,0.417672,0.002984,,,,,,,,,,,,,,,,,nan_exist
1,37,0.425596,0.005014,,,,,,,,,,,,,,,,,nan_exist
2,37,0.420117,0.003611,,,,,,,,,,,,,,,,,nan_exist
3,37,0.430352,0.006232,,,,,,,,,,,,,,,,,nan_exist
4,37,0.44338,0.009569,,,,,,,,,,,,,,,,,nan_exist
5,37,0.455028,0.012553,,,,,,,,,,,,,,,,,nan_exist
6,37,0.461602,0.014237,,,,,,,,,,,,,,,,,nan_exist
7,37,0.620896,0.055038,0.000348,0.0283491598880696,343.02526777423793,163.02526777423793,6.6585947035463535,6.6585947035463535,1.2951097033129315,1.2951097033129315,0.07759505442409707,0.07759505442409707,0.22498598556390126,0.07010574110353711,0.021882799419844924,94.5945116459264,2.069992724565992,0.2570125525593345,
8,37,1.705693,0.332896,,,,,,,,,,,,,,,,,nan_exist
9,37,2.294981,0.483835,,,,,,,,,,,,,,,,,nan_exist
10,37,2.455745,0.525013,,,,,,,,,,,,,,,,,nan_exist
11,37,2.78007,0.608085,,,,,,,,,,,,,,,,,nan_exist
12,37,2.996142,0.663429,,,,,,,,,,,,,,,,,nan_exist
13,37,3.623591,0.824143,,,,,,,,,,,,,,,,,nan_exist
14,37,3.927624,0.902018,,,,,,,,,,,,,,,,,nan_exist
15,37,4.088773,0.943294,,,,,,,,,,,,,,,,,nan_exist
16,37,4.21057,0.974491,0.005639,0.459370438531106,209.05621677549527,29.056216775495272,21.707774733921358,21.707774733921358,29.240450032698178,29.240450032698178,0.5373766753613954,0.5373766753613954,0.7103578576783007,0.12799556500794465,0.10543220674157427,525.7320691081322,55.42909220088421,1.306397158075689,
17,37,4.098996,0.945912,,,,,,,,,,,,,,,,,nan_exist
18,37,3.897004,0.894175,,,,,,,,,,,,,,,,,nan_exist
19,37,3.441037,0.777384,,,,,,,,,,,,,,,,,nan_exist
20,37,3.106781,0.691768,,,,,,,,,,,,,,,,,nan_exist
21,37,2.816841,0.617503,,,,,,,,,,,,,,,,,nan_exist
22,37,2.995725,0.663322,,,,,,,,,,,,,,,,,nan_exist
23,37,2.994982,0.663132,,,,,,,,,,,,,,,,,nan_exist
24,37,3.088166,0.687,,,,,,,,,,,,,,,,,nan_exist
25,37,2.914564,0.642534,,,,,,,,,,,,,,,,,nan_exist
26,37,2.420343,0.515945,,,,,,,,,,,,,,,,,nan_exist
27,37,2.427444,0.517764,0.001661,0.135310214293344,13.018338893359438,193.01833889335944,5.86212462225719,5.86212462225719,3.9299846623619565,3.9299846623619565,0.2674520151264958,0.2674520151264958,0.22177670634442936,0.06484522431134283,0.01795596571869203,333.68478148667486,5.991632497223975,0.9102587471929192,
28,37,2.550882,0.549381,,,,,,,,,,,,,,,,,nan_exist
29,37,2.488863,0.533496,0.002435,0.1983626561133611,17.01741504257566,197.01741504257566,7.260976874785764,7.260976874785764,5.85256809514085,5.85256809514085,0.3215596058690174,0.3215596058690174,0.5508913676205551,0.08595555677662928,0.029782041410982233,331.5792790746127,9.87510782042375,0.8936226979283027,
30,37,2.017992,0.412887,0.001878,0.1529877076718242,15.017876967967549,195.01787696796754,6.780029105549973,6.780029105549973,5.008282518896192,5.008282518896192,0.29469130852956804,0.29469130852956804,0.46350336446339324,0.09345085673691639,0.03130939865289452,271.5604925614657,8.502395719983326,0.7307169356707844,
31,37,1.711478,0.334378,,,,,,,,,,,,,,,,,nan_exist
32,37,1.995932,0.407237,,,,,,,,,,,,,,,,,nan_exist
33,37,2.134493,0.442728,,,,,,,,,,,,,,,,,nan_exist
34,37,2.232105,0.46773,0.002595,0.211396752613623,11.018800818751352,191.01880081875134,5.854474508191447,5.854474508191447,7.038616290766813,7.038616290766813,0.4796334205538506,0.4796334205538506,0.42587146196984393,0.13072336920033578,0.04156812393851488,296.5841020068523,12.328444710413976,0.7895990480456619,
35,37,2.269059,0.477195,,,,,,,,,,,,,,,,,nan_exist
36,37,2.323163,0.491053,,,,,,,,,,,,,,,,,nan_exist
37,37,2.237446,0.469098,0.002763,0.225082553938898,5.020186594927044,185.02018659492705,22.539941536958942,22.539941536958942,34.56461541818496,34.56461541818496,0.6117711740076527,0.6117711740076527,0.9180866031203416,0.24195937453970054,0.2098304643236962,317.13642642533046,66.54488361078481,0.6960876189292935,
38,37,2.24437,0.470872,0.00146,0.11893613056489,181.0626837309819,1.0626837309818882,23.943500837321974,23.943500837321974,31.499040285247762,31.499040285247762,0.5248313121473698,0.5248313121473698,0.9029059126755037,0.20474302543501738,0.1871871001232313,323.16101282733575,60.491572864035334,0.7296373332313901,
39,37,2.112767,0.437163,,,,,,,,,,,,,,,,,nan_exist
40,37,2.155089,0.448003,0.002194,0.1787300482598416,183.06222180558999,3.062221805589985,22.06707504674057,22.06707504674057,33.95825805611179,33.95825805611179,0.6139184680647826,0.6139184680647826,0.8993330058087926,0.25046543231044877,0.2131300546476591,306.6737804126638,65.36139957835525,0.6703121689841904,
41,37,2.139567,0.444028,,,,,,,,,,,,,,,,,nan_exist
42,37,2.056076,0.422642,,,,,,,,,,,,,,,,,nan_exist
43,37,2.096559,0.433011,,,,,,,,,,,,,,,,,nan_exist
44,37,1.97001,0.400597,0.002849,0.2320883808077888,343.02526777423793,163.02526777423793,8.878268327737002,8.878268327737002,7.3710460570990515,7.3710460570990515,0.331215707209046,0.331215707209046,0.3505206242627461,0.13166049040254899,0.05525175418262753,241.89471021737245,13.365107067008182,0.6348044531954563,
45,37,1.566064,0.297131,0.003322,0.2706204285866881,176.98046101122364,356.9804610112236,28.98191851146688,28.98191851146688,16.395912425989014,16.395912425989014,0.22569322627479776,0.22569322627479776,0.7689130323164662,0.14056017578686378,0.1562902119879665,200.91930950868772,31.40172147558866,0.47088218898083073,
46,37,1.295741,0.227891,0.001637,0.1333550998183047,178.97999908583176,358.97999908583176,26.902289260155985,26.902289260155985,13.178595456650745,13.178595456650745,0.19542942509918299,0.19542942509918299,0.7633043146323395,0.1450408303136875,0.14804130452418576,169.9705751359864,25.16266567385756,0.40224419295035785,
47,37,1.324122,0.235161,0.001189,0.0968596296175713,174.98092293661554,354.98092293661557,27.183770321424166,27.183770321424166,12.39183914508804,12.39183914508804,0.1818595621010296,0.1818595621010296,0.7427859682436819,0.13429173123475216,0.13828084065032645,170.73433764841172,23.609287737899052,0.40868069419586855,
48,37,1.32241,0.234722,0.001412,0.1150259016148114,176.98046101122364,356.9804610112236,23.432208676154584,23.432208676154584,12.340505806040682,12.340505806040682,0.21010181309024253,0.21010181309024253,0.7526416035066397,0.1556087767168733,0.13788609737089524,170.07086899339583,23.450408401976148,0.40727905719838803,
49,37,1.225315,0.209853,0.000577,0.0470042105040695,178.97999908583176,358.97999908583176,22.488890321506933,22.488890321506933,13.63597980001531,13.63597980001531,0.24189583386084385,0.24189583386084385,0.8324641912711027,0.18435876308703303,0.1580607173616847,164.616733013795,26.01943890989736,0.3849924836219379,
50,37,1.274023,0.222329,,,,,,,,,,,,,,,,,nan_exist
51,37,1.312572,0.232202,,,,,,,,,,,,,,,,,nan_exist
52,37,1.331783,0.237123,0.003274,0.2667101996366095,178.97999908583176,358.97999908583176,25.179377176940477,25.179377176940477,12.465898526318043,12.465898526318043,0.1975098093330387,0.1975098093330387,0.7625426845911986,0.14337026851300913,0.13616486213567455,174.07068938852638,23.70231142245052,0.41768993879465516,
53,37,1.228123,0.210572,0.00245,0.1995846026602606,174.98092293661554,354.98092293661557,21.65073511366189,21.65073511366189,15.017070963655167,15.017070963655167,0.276708596901653,0.276708596901653,0.8615280304547179,0.21589027074085812,0.17973118614278566,160.05538356789702,28.766943937196658,0.3646901100852788,
54,37,1.283197,0.224678,0.003634,0.2960369167621988,174.98092293661554,354.98092293661557,17.52523132483432,17.52523132483432,17.71433716327743,17.71433716327743,0.4032470632044314,0.4032470632044314,0.8989662928796536,0.3013973838034222,0.21168263207013407,160.39958479711913,33.95380629281084,0.3512382736230786,
55,37,1.323188,0.234922,0.00293,0.2386868921610463,176.98046101122364,356.9804610112236,15.528672868206899,15.528672868206899,18.550064359704603,18.550064359704603,0.47656390472397303,0.47656390472397303,0.9146976446364653,0.3380412104540054,0.2166510485097523,163.65042836297107,35.45503689390779,0.35609830963628686,
56,37,1.282205,0.224424,0.005363,0.4368866220681542,174.98092293661554,354.98092293661557,16.21794595004398,16.21794595004398,18.229354996551436,18.229354996551436,0.448420562935207,0.448420562935207,0.92185365782245,0.32721119174897534,0.216732125099321,161.05169911186613,34.905076999371175,0.3504072836458193,
57,37,1.297736,0.228403,0.004078,0.3322065345504257,174.98092293661554,354.98092293661557,15.357723122201431,15.357723122201431,18.906669661516055,18.906669661516055,0.4911320414845847,0.4911320414845847,0.9181713062177421,0.351134717490187,0.2235564274931255,161.86689066817593,36.18638380719774,0.34911251905827273,
58,37,1.301475,0.22936,0.004775,0.3889863174296916,174.98092293661554,354.98092293661557,15.449206496114307,15.449206496114307,18.514559933163596,18.514559933163596,0.4780983905045884,0.4780983905045884,0.8984175775690061,0.34330346279590246,0.2194083680462578,161.45366673926418,35.424285534346325,0.35008161445810515,
0,38,0.419812,0.003533,,,,,,,,,,,,,,,,,nan_exist
1,38,0.427829,0.005586,,,,,,,,,,,,,,,,,nan_exist
2,38,0.421875,0.004061,,,,,,,,,,,,,,,,,nan_exist
3,38,0.427923,0.00561,,,,,,,,,,,,,,,,,nan_exist
4,38,0.439275,0.008518,,,,,,,,,,,,,,,,,nan_exist
5,38,0.454225,0.012347,,,,,,,,,,,,,,,,,nan_exist
6,38,0.471784,0.016845,,,,,,,,,,,,,,,,,nan_exist
7,38,0.70396,0.076314,0.000585,0.0476559153290826,343.02526777423793,163.02526777423793,8.547433845362164,8.547433845362164,2.320235559832355,2.320235559832355,0.10829449891680258,0.10829449891680258,0.24104646161366428,0.09913407134785561,0.039213870595811245,103.47650521559495,4.057714285231128,0.27616330813989953,
8,38,1.667737,0.323174,,,,,,,,,,,,,,,,,nan_exist
9,38,2.382218,0.50618,,,,,,,,,,,,,,,,,nan_exist
10,38,2.54012,0.546625,,,,,,,,,,,,,,,,,nan_exist
11,38,2.759924,0.602925,,,,,,,,,,,,,,,,,nan_exist
12,38,2.865887,0.630066,,,,,,,,,,,,,,,,,nan_exist
13,38,3.430048,0.774569,,,,,,,,,,,,,,,,,nan_exist
14,38,3.899943,0.894927,,,,,,,,,,,,,,,,,nan_exist
15,38,3.961444,0.91068,,,,,,,,,,,,,,,,,nan_exist
16,38,3.933283,0.903467,,,,,,,,,,,,,,,,,nan_exist
17,38,3.759856,0.859046,,,,,,,,,,,,,,,,,nan_exist
18,38,3.582634,0.813652,,,,,,,,,,,,,,,,,nan_exist
19,38,3.398347,0.766449,,,,,,,,,,,,,,,,,nan_exist
20,38,3.27017,0.733618,,,,,,,,,,,,,,,,,nan_exist
21,38,2.993009,0.662627,0.002037,0.1659403410689595,17.01741504257566,197.01741504257566,7.549715912553366,7.549715912553366,6.621188592817188,6.621188592817188,0.34987701613968125,0.34987701613968125,0.43533413362676143,0.07625798872013922,0.026496431489225702,413.2773518515397,10.950375039382948,1.1175749355893243,
22,38,2.934764,0.647708,,,,,,,,,,,,,,,,,nan_exist
23,38,2.93062,0.646647,,,,,,,,,,,,,,,,,nan_exist
24,38,3.094189,0.688543,0.006439,0.5245409210324157,7.019724669535155,187.01972466953515,26.887089807948385,26.887089807948385,36.629161810469746,36.629161810469746,0.5434921163368892,0.5434921163368892,0.8560386437016068,0.16538426426487793,0.16958115383499592,414.5298928124423,70.29645752223115,0.9562039869172532,
25,38,2.972453,0.657362,,,,,,,,,,,,,,,,,nan_exist
26,38,2.491631,0.534205,,,,,,,,,,,,,,,,,nan_exist
27,38,2.331482,0.493184,,,,,,,,,,,,,,,,,nan_exist
28,38,2.480779,0.531425,,,,,,,,,,,,,,,,,nan_exist
29,38,2.330856,0.493024,,,,,,,,,,,,,,,,,nan_exist
30,38,2.153074,0.447487,,,,,,,,,,,,,,,,,nan_exist
31,38,1.922005,0.388302,,,,,,,,,,,,,,,,,nan_exist
32,38,2.117728,0.438434,,,,,,,,,,,,,,,,,nan_exist
33,38,2.251906,0.472802,,,,,,,,,,,,,,,,,nan_exist
34,38,2.359288,0.500307,,,,,,,,,,,,,,,,,nan_exist
35,38,2.284331,0.481107,0.002442,0.1989328978352475,5.020186594927044,185.02018659492705,22.086834499631966,22.086834499631966,32.130794641572926,32.130794641572926,0.5803607794332334,0.5803607794332334,0.9033519324447873,0.22592503531814484,0.191851561050382,321.54139544670863,61.688218658769244,0.7218143799664983,
36,38,2.286009,0.481537,,,,,,,,,,,,,,,,,nan_exist
37,38,2.122313,0.439608,0.002112,0.1720500738034573,3.020648520318958,183.02064852031896,22.60462186159273,22.60462186159273,33.27143080137066,33.27143080137066,0.5871976340674797,0.5871976340674797,0.9176736128133304,0.24041744706549528,0.20897349106543228,306.4206685260317,64.03379683648848,0.6732968658042867,
38,38,2.124917,0.440275,,,,,,,,,,,,,,,,,nan_exist
39,38,2.094732,0.432544,,,,,,,,,,,,,,,,,nan_exist
40,38,2.118171,0.438547,0.001321,0.1076127592302874,183.06222180558999,3.062221805589985,19.91729956205055,19.91729956205055,32.6345368838883,32.6345368838883,0.6536677587110954,0.6536677587110954,0.9218789019536446,0.265849485937805,0.20681579417692095,302.89872885499994,62.644241163326654,0.6673735769213147,
41,38,2.111144,0.436747,0.002066,0.168302771059632,181.0626837309819,1.0626837309818882,20.62319963834112,20.62319963834112,29.34466763871247,29.34466763871247,0.5676533627519957,0.5676533627519957,0.9188806609100049,0.2375276614135398,0.1897991198851952,296.2286384498378,56.22393486256891,0.6666797321868579,
42,38,2.022117,0.413944,0.000966,0.0786933576203313,181.0626837309819,1.0626837309818882,22.19307863872363,22.19307863872363,24.503829344076085,24.503829344076085,0.4404802828948779,0.4404802828948779,0.9003657913315829,0.19458739320234944,0.16509137003158994,283.5626154773338,46.813740678893964,0.6576357633289995,
43,38,2.0598,0.423596,0.001949,0.1587715879938155,178.97999908583176,358.97999908583176,26.760147963065098,26.760147963065098,26.74706851401952,26.74706851401952,0.3987472910001843,0.3987472910001843,0.869219197824048,0.1815641627696615,0.1857025091166904,277.02908860145794,51.44499685160068,0.6266224770829368,
44,38,1.903158,0.383474,0.001787,0.1455745652873003,343.02526777423793,163.02526777423793,33.75519919962536,33.75519919962536,20.236224282297336,20.236224282297336,0.23916568864402218,0.23916568864402218,0.6365693122699662,0.11930850099129153,0.16227277701707715,239.9347618939978,38.93488011547021,0.5583330049403544,
45,38,1.496948,0.279428,0.000461,0.0375544905413796,176.98046101122364,356.9804610112236,28.712569478328536,28.712569478328536,15.77409395267685,15.77409395267685,0.21917066730990767,0.21917066730990767,0.7833340275701579,0.14191234389881388,0.15607725764075236,193.5291584539661,30.205500325017653,0.4536768281359679,
46,38,1.274827,0.222534,0.001061,0.0864323524173618,176.98046101122364,356.9804610112236,28.124260551227756,28.124260551227756,14.735736983869002,14.735736983869002,0.2090262428422779,0.2090262428422779,0.7658862834477874,0.15871268070463315,0.17100268398806825,165.46135095002543,28.294335108746054,0.38101948844799827,
47,38,1.314678,0.232742,0.0025,0.2036577578165925,178.97999908583176,358.97999908583176,26.108701847357853,26.108701847357853,12.484051701710506,12.484051701710506,0.1907569393395093,0.1907569393395093,0.7571242273294209,0.14316585281453761,0.14131706986099254,168.30614277466802,23.784530936521946,0.401448921772628,
48,38,1.223271,0.209329,0.000404,0.0329110936631613,176.98046101122364,356.9804610112236,22.294137062117937,22.294137062117937,14.917091173758218,14.917091173758218,0.26693378412601537,0.26693378412601537,0.8504197193090342,0.2080749189744655,0.17772108544279389,160.766650871624,28.571623695907704,0.36720840882143413,
49,38,1.184778,0.19947,0.001774,0.144515544946654,178.97999908583176,358.97999908583176,20.665790523841682,20.665790523841682,13.91045943309514,13.91045943309514,0.26853414590011887,0.26853414590011887,0.8614237797700499,0.20798906688991262,0.1657497284506248,160.14029234901858,26.543209970853496,0.37110300660601414,
50,38,1.242551,0.214268,0.00239,0.1946968164726624,176.98046101122364,356.9804610112236,22.585620026313237,22.585620026313237,13.663859446450568,13.663859446450568,0.2413522958546583,0.2413522958546583,0.850602008807408,0.17925926912556683,0.15416972495239648,169.00800706434853,26.055917963863294,0.3970891363902368,
51,38,1.279739,0.223793,,,,,,,,,,,,,,,,,nan_exist
52,38,1.305392,0.230363,0.002822,0.2298888770233696,178.97999908583176,358.97999908583176,26.388223140600207,26.388223140600207,12.966683301786508,12.966683301786508,0.19603283548481576,0.19603283548481576,0.7468646520227712,0.14459848457492788,0.14445571194950052,171.18400197797615,24.72850688009325,0.4068208197163414,
53,38,1.222728,0.20919,0.001774,0.144515544946654,174.98092293661554,354.98092293661557,21.494115876836045,21.494115876836045,15.331433659431655,15.331433659431655,0.28455960417094767,0.28455960417094767,0.8638756214204386,0.22269523250168985,0.18436141001694029,159.40269016369072,29.38770471907148,0.3611527373461646,
54,38,1.278525,0.223482,0.003462,0.2820252630244172,174.98092293661554,354.98092293661557,17.809370528924934,17.809370528924934,17.976706646996004,17.976706646996004,0.4026907257733998,0.4026907257733998,0.9062372854218537,0.3026769924959885,0.21538035832000824,160.10352054404035,34.48315362307021,0.3489454636693615,
55,38,1.326063,0.235658,0.002914,0.2373834825110202,176.98046101122364,356.9804610112236,15.6899482679022,15.6899482679022,18.364327221413756,18.364327221413756,0.4669426855113821,0.4669426855113821,0.9153652352643407,0.33364740193255404,0.2154422537254654,162.93928961196264,35.104007774427544,0.35509800510426415,
56,38,1.290347,0.22651,0.007163,0.5835202076961008,174.98092293661554,354.98092293661557,15.614530767393898,15.614530767393898,18.168504630174436,18.168504630174436,0.4641948436760817,0.4641948436760817,0.9270020894820901,0.3336237861186576,0.21476848140336707,161.81032468447307,34.75175770787004,0.3529404638238973,
57,38,1.341709,0.239666,0.005648,0.4601036064592458,174.98092293661554,354.98092293661557,15.978384655568703,15.978384655568703,19.446717931527026,19.446717931527026,0.48553831724303903,0.48553831724303903,0.9091919148763372,0.3440333414803698,0.22560822165415204,165.15739018065892,37.26086509169937,0.3552681252471099,
58,38,1.313208,0.232366,0.003797,0.3093154025718407,174.98092293661554,354.98092293661557,15.89666669425153,15.89666669425153,17.996915396930312,17.996915396930312,0.45165006014998926,0.45165006014998926,0.85855009576955,0.3298172906629375,0.21516873668370748,160.05459691959817,34.43874541960996,0.3489329208333006,
0,39,0.41753,0.002948,,,,,,,,,,,,,,,,,nan_exist
1,39,0.421553,0.003978,,,,,,,,,,,,,,,,,nan_exist
2,39,0.42666,0.005286,,,,,,,,,,,,,,,,,nan_exist
3,39,0.423288,0.004423,,,,,,,,,,,,,,,,,nan_exist
4,39,0.429164,0.005928,,,,,,,,,,,,,,,,,nan_exist
5,39,0.448734,0.010941,,,,,,,,,,,,,,,,,nan_exist
6,39,0.467653,0.015786,,,,,,,,,,,,,,,,,nan_exist
7,39,0.735577,0.084412,0.000528,0.0430125184508643,343.02526777423793,163.02526777423793,40.77572611519374,40.77572611519374,12.203827823178415,12.203827823178415,0.11940002950900527,0.11940002950900527,0.751718552038657,0.11268715959896318,0.2142214399564737,110.66010661140393,23.705767384031844,0.2415398311871447,
8,39,1.614907,0.309642,,,,,,,,,,,,,,,,,nan_exist
9,39,2.476191,0.53025,,,,,,,,,,,,,,,,,nan_exist
10,39,2.684467,0.583597,,,,,,,,,,,,,,,,,nan_exist
11,39,2.891814,0.636707,,,,,,,,,,,,,,,,,nan_exist
12,39,2.920382,0.644024,0.002068,0.1684656972658853,178.97999908583176,358.97999908583176,33.904103912133145,33.904103912133145,36.47120390180181,36.47120390180181,0.429148792467083,0.429148792467083,0.7449258065195776,0.12937343706689197,0.17743288029766954,396.0681971406375,70.27552101296851,0.9049796559101917,
13,39,3.216622,0.719903,,,,,,,,,,,,,,,,,nan_exist
14,39,3.560268,0.807923,,,,,,,,,,,,,,,,,nan_exist
15,39,3.542744,0.803435,,,,,,,,,,,,,,,,,nan_exist
16,39,3.608985,0.820402,,,,,,,,,,,,,,,,,nan_exist
17,39,3.544027,0.803763,,,,,,,,,,,,,,,,,nan_exist
18,39,3.462438,0.782865,,,,,,,,,,,,,,,,,nan_exist
19,39,3.347955,0.753542,,,,,,,,,,,,,,,,,nan_exist
20,39,3.248511,0.728071,,,,,,,,,,,,,,,,,nan_exist
21,39,3.105446,0.691426,,,,,,,,,,,,,,,,,nan_exist
22,39,3.041007,0.674921,,,,,,,,,,,,,,,,,nan_exist
23,39,3.004883,0.665668,,,,,,,,,,,,,,,,,nan_exist
24,39,3.108959,0.692326,,,,,,,,,,,,,,,,,nan_exist
25,39,2.895695,0.637701,0.004448,0.3623478827072813,7.019724669535155,187.01972466953515,25.263992434116304,25.263992434116304,34.355900840429776,34.355900840429776,0.5425120935366512,0.5425120935366512,0.8630750183818127,0.17961672612413246,0.17274619126734173,381.5732153061665,65.9153196337736,0.8768274879788692,
26,39,2.380077,0.505631,,,,,,,,,,,,,,,,,nan_exist
27,39,2.243933,0.47076,,,,,,,,,,,,,,,,,nan_exist
28,39,2.371897,0.503536,,,,,,,,,,,,,,,,,nan_exist
29,39,2.448108,0.523057,,,,,,,,,,,,,,,,,nan_exist
30,39,2.23186,0.467667,0.002045,0.1665920458939726,207.05667870088718,27.056678700887176,14.951831709357611,14.951831709357611,11.972931511444965,11.972931511444965,0.3194597620622393,0.3194597620622393,0.6977361946688299,0.12038897547225473,0.07263880638046658,306.2195655542048,22.243423732202473,0.7888226161722286,
31,39,2.02738,0.415292,,,,,,,,,,,,,,,,,nan_exist
32,39,2.18925,0.456753,,,,,,,,,,,,,,,,,nan_exist
33,39,2.37976,0.50555,0.003301,0.2689097034210287,11.018800818751352,191.01880081875134,5.577753571903583,5.577753571903583,6.51166222602818,6.51166222602818,0.46573900122464157,0.46573900122464157,0.37805307721849735,0.1180173026965146,0.03589345296671071,312.3567804757491,11.211563408839481,0.8365144918525266,
34,39,2.495493,0.535194,0.004602,0.3748932005887835,9.01926274414324,189.01926274414325,4.334015375567347,4.334015375567347,7.1929579560682155,7.1929579560682155,0.6621054152235993,0.6621054152235993,0.18904157920130948,0.1471741669802313,0.039359315096638654,318.15322746172825,12.522293128678712,0.8489748175918043,
35,39,2.226484,0.46629,,,,,,,,,,,,,,,,,nan_exist
36,39,2.173896,0.452821,,,,,,,,,,,,,,,,,nan_exist
37,39,2.007353,0.410162,,,,,,,,,,,,,,,,,nan_exist
38,39,2.053146,0.421892,0.002546,0.2074050605604178,7.019724669535155,187.01972466953515,24.23548499705199,24.23548499705199,30.281279027547818,30.281279027547818,0.4984625853450623,0.4984625853450623,0.8804233794591768,0.21138490464957896,0.19589801070929944,297.49457040411863,58.278594538984464,0.664488821847595,
39,39,2.063509,0.424546,0.002027,0.1651257100376932,183.06222180558999,3.062221805589985,23.025319974750516,23.025319974750516,29.021199243726088,29.021199243726088,0.5028283393660794,0.5028283393660794,0.8875498841976508,0.21098483086890016,0.18588336384898327,299.60618499235017,55.691805496338816,0.677539943044476,
40,39,2.117902,0.438478,0.00249,0.2028431267853261,181.0626837309819,1.0626837309818882,20.890878478802755,20.890878478802755,33.415430040900596,33.415430040900596,0.6381171512072961,0.6381171512072961,0.92790550147824,0.2579525753541948,0.20902312548735694,307.18288580815124,64.20832688784563,0.6749293303341822,
41,39,2.103878,0.434886,,,,,,,,,,,,,,,,,nan_exist
42,39,2.069419,0.42606,,,,,,,,,,,,,,,,,nan_exist
43,39,2.064804,0.424878,0.00212,0.1727017786284704,178.97999908583176,358.97999908583176,24.59423910745547,24.59423910745547,23.631095508274843,23.631095508274843,0.38331916223411017,0.38331916223411017,0.8648524476325024,0.17437988371174382,0.1628872632172319,277.5330930244301,45.206605974962855,0.6453513529151869,
44,39,1.895039,0.381395,0.002886,0.2351025156234744,178.97999908583176,358.97999908583176,29.918870140569375,29.918870140569375,18.469593104727114,18.469593104727114,0.24627606445923728,0.24627606445923728,0.7380606289504826,0.12709904264987854,0.14645327208421463,241.0630007375787,35.304465236457844,0.5715514875031135,
45,39,1.493449,0.278532,7.9e-05,0.0064355851470043,174.98092293661554,354.98092293661557,27.88174450086526,27.88174450086526,15.229449150452075,15.229449150452075,0.21790857358837304,0.21790857358837304,0.7736487812050715,0.14083411613218758,0.14958183006324946,194.61740836831734,29.11122810589967,0.4597393896178269,
46,39,1.236193,0.212639,0.001475,0.1201580771117895,176.98046101122364,356.9804610112236,24.785604236182426,24.785604236182426,13.550182415755652,13.550182415755652,0.21810001568997728,0.21810001568997728,0.785152742969152,0.17024485973837922,0.16016373354608826,161.79165416957548,25.913155388396746,0.37744027439216316,
47,39,1.178957,0.197979,0.001697,0.1382428860059029,176.98046101122364,356.9804610112236,23.957700742082547,23.957700742082547,14.928702130659259,14.928702130659259,0.2485919051896976,0.2485919051896976,0.8409497768417051,0.20174261509527786,0.18448162015768627,155.35965947993327,28.661001688004532,0.35194071608869093,
48,39,1.126061,0.18443,0.001429,0.1164107743679642,176.98046101122364,356.9804610112236,21.616055634279565,21.616055634279565,13.897020658507891,13.897020658507891,0.25648107157435784,0.25648107157435784,0.854141656852176,0.21427290906116195,0.17803436531251335,149.4347199518275,26.604515522276785,0.34119501230430754,
49,39,1.200217,0.203424,0.000601,0.0489593249791088,176.98046101122364,356.9804610112236,21.78528382054093,21.78528382054093,14.117329063351551,14.117329063351551,0.25852311570072756,0.25852311570072756,0.8480773577210027,0.20017959100701033,0.16712576997844725,161.41457036750472,26.97653435840948,0.37343898891415345,
50,39,1.263018,0.21951,0.002291,0.1866319692631253,176.98046101122364,356.9804610112236,24.55531726944606,24.55531726944606,12.270264371061764,12.270264371061764,0.1993510079957627,0.1993510079957627,0.7692184721295173,0.14804592387670357,0.13719774610094007,170.049087140906,23.330351482254656,0.4075520434962538,
51,39,1.270029,0.221306,,,,,,,,,,,,,,,,,nan_exist
52,39,1.303357,0.229842,0.001798,0.1464706594216933,176.98046101122364,356.9804610112236,25.870097221107837,25.870097221107837,12.074584113712932,12.074584113712932,0.18620193345439884,0.18620193345439884,0.7547229275402527,0.13759822505234576,0.13426761616363614,170.98311409670487,22.957495133999572,0.41118227489640363,
53,39,1.220676,0.208664,0.00169,0.1376726442840165,174.98092293661554,354.98092293661557,21.01189070820491,21.01189070820491,14.384168259900433,14.384168259900433,0.2731050226261545,0.2731050226261545,0.8525868368218683,0.21359210490264607,0.1729951520545027,159.00952636547865,27.507877191710435,0.36528235881602283,
54,39,1.215221,0.207267,0.004779,0.3893121698421982,176.98046101122364,356.9804610112236,16.2522439408914,16.2522439408914,16.75561043951099,16.75561043951099,0.4112983697862176,0.4112983697862176,0.9297842931077682,0.31478694321676637,0.20848426087477173,153.62827148057875,32.02907662909723,0.3377755412541153,
55,39,1.283594,0.22478,0.004995,0.4069082001175518,176.98046101122364,356.9804610112236,14.93548274662384,14.93548274662384,16.956670716078197,16.956670716078197,0.45293031355264335,0.45293031355264335,0.9333820394262349,0.32157144670664367,0.19980140067362498,161.70731085184048,32.309347207363004,0.3594387879013263,
56,39,1.315282,0.232897,0.004126,0.3361167635005043,174.98092293661554,354.98092293661557,15.673020092887768,15.673020092887768,17.858214622157426,17.858214622157426,0.4545643930166759,0.4545643930166759,0.9213483636974741,0.3212395227550856,0.2071470194522877,164.7585755111071,34.129247846330514,0.3628592435132683,
57,39,1.384817,0.250707,0.00536,0.4366422327587743,172.98138486200742,352.9813848620074,15.907965498508904,15.907965498508904,20.0011795100872,20.0011795100872,0.5015924987529374,0.5015924987529374,0.9053710021268458,0.34426207203023684,0.22518712468167643,170.35256243067252,38.36120371591892,0.3666426630965378,
58,39,1.293989,0.227443,0.006384,0.5200604503604506,172.98138486200742,352.9813848620074,15.545030548021163,15.545030548021163,18.422535883205093,18.422535883205093,0.47278958078076183,0.47278958078076183,0.8879396088732834,0.34483024125738154,0.2216478002292595,159.28226510594214,35.304563676265815,0.34438250397132314,
0,40,0.411841,0.001491,,,,,,,,,,,,,,,,,nan_exist
1,40,0.42048,0.003704,,,,,,,,,,,,,,,,,nan_exist
2,40,0.439202,0.008499,,,,,,,,,,,,,,,,,nan_exist
3,40,0.444286,0.009801,,,,,,,,,,,,,,,,,nan_exist
4,40,0.437335,0.008021,,,,,,,,,,,,,,,,,nan_exist
5,40,0.450475,0.011386,,,,,,,,,,,,,,,,,nan_exist
6,40,0.460198,0.013877,,,,,,,,,,,,,,,,,nan_exist
7,40,0.58024,0.044624,,,,,,,,,,,,,,,,,nan_exist
8,40,1.33908,0.238992,,,,,,,,,,,,,,,,,nan_exist
9,40,2.225885,0.466137,,,,,,,,,,,,,,,,,nan_exist
10,40,2.545822,0.548085,,,,,,,,,,,,,,,,,nan_exist
11,40,2.862372,0.629166,,,,,,,,,,,,,,,,,nan_exist
12,40,3.139506,0.70015,,,,,,,,,,,,,,,,,nan_exist
13,40,3.213792,0.719178,,,,,,,,,,,,,,,,,nan_exist
14,40,3.326123,0.74795,,,,,,,,,,,,,,,,,nan_exist
15,40,3.283626,0.737065,,,,,,,,,,,,,,,,,nan_exist
16,40,3.292412,0.739315,0.007624,0.6210746982374804,15.017876967967549,195.01787696796754,7.117796222096174,7.117796222096174,11.13930180036567,11.13930180036567,0.6243419063504654,0.6243419063504654,0.5792580729051668,0.1346964700733249,0.049060638863372384,407.3913589104807,19.986880335565615,1.0761235515969862,
17,40,3.315572,0.745247,0.006868,0.5594885922737429,15.017876967967549,195.01787696796754,7.12933301237746,7.12933301237746,10.577838572894146,10.577838572894146,0.5919133016598108,0.5919133016598108,0.5429500161877894,0.12730255375342375,0.04610785113347469,408.94131858223454,18.855405439516517,1.0835719809519946,
18,40,3.307674,0.743225,0.006684,0.5444993812984417,15.017876967967549,195.01787696796754,7.102942152575203,7.102942152575203,9.490171189554145,9.490171189554145,0.5330228593214807,0.5330228593214807,0.4603530298319335,0.1166582089744269,0.041686838582408146,401.2355775197356,16.72624275358453,1.0680814854615308,
19,40,3.295781,0.740178,0.006253,0.5093887838508612,15.017876967967549,195.01787696796754,6.560285367189887,6.560285367189887,7.11991839255644,7.11991839255644,0.43297453095630756,0.43297453095630756,0.37163038342992194,0.09107871032143769,0.029719145596755547,403.70517241979223,11.997772797307107,1.0880761100624587,
20,40,3.189882,0.713053,,,,,,,,,,,,,,,,,nan_exist
21,40,3.11957,0.695044,,,,,,,,,,,,,,,,,nan_exist
22,40,3.174409,0.70909,0.003645,0.2969330108965918,15.017876967967549,195.01787696796754,6.600637331960196,6.600637331960196,7.245340290111573,7.245340290111573,0.43790810375626305,0.43790810375626305,0.5065258522354663,0.08893109556264012,0.029004443752974125,419.25633137384256,12.160296681410898,1.1308223185900879,
23,40,3.22218,0.721326,,,,,,,,,,,,,,,,,nan_exist
24,40,3.056671,0.678933,,,,,,,,,,,,,,,,,nan_exist
25,40,2.769974,0.605499,0.004929,0.4015316353111938,7.019724669535155,187.01972466953515,3.157479974193857,3.157479974193857,4.9207092435286865,4.9207092435286865,0.6217233308999659,0.6217233308999659,-0.10289304156820722,0.11382974571019393,0.02367699176113293,333.860111915823,7.904803119201858,0.9054314133239476,
26,40,2.298096,0.484633,,,,,,,,,,,,,,,,,nan_exist
27,40,2.100773,0.434091,0.002296,0.1870392847787585,17.01741504257566,197.01741504257566,8.972139955356196,8.972139955356196,8.027551644280825,8.027551644280825,0.3569415741333609,0.3569415741333609,0.579904432376501,0.12082496574680693,0.05059121939187703,285.23755889563364,14.430515920892447,0.7522417860409478,
28,40,2.242159,0.470305,0.002266,0.1845953916849594,17.01741504257566,197.01741504257566,8.310102679541187,8.310102679541187,7.651380281303663,7.651380281303663,0.36731905914432933,0.36731905914432933,0.597722606215597,0.11494956829666933,0.045517567092574526,299.29910849606193,13.62336725171724,0.7935437256787353,
29,40,2.329451,0.492664,0.002686,0.218809894998147,17.01741504257566,197.01741504257566,7.985076706386918,7.985076706386918,7.834452819122892,7.834452819122892,0.3914169629527005,0.3914169629527005,0.5562161424019567,0.11674854077010763,0.045134318552254436,309.00466688387445,13.946715069270056,0.8196054217072344,
30,40,2.037475,0.417878,,,,,,,,,,,,,,,,,nan_exist
31,40,1.930241,0.390411,,,,,,,,,,,,,,,,,nan_exist
32,40,2.145713,0.445602,,,,,,,,,,,,,,,,,nan_exist
33,40,2.231154,0.467487,0.003357,0.2734716371961204,9.01926274414324,189.01926274414325,4.238363501159182,4.238363501159182,4.753803537796912,4.753803537796912,0.44745884193991675,0.44745884193991675,0.25935242986316953,0.10859946259834037,0.027199392572307756,288.4755608477335,7.846360027014157,0.7795255578353315,
34,40,2.341408,0.495727,,,,,,,,,,,,,,,,,nan_exist
35,40,2.207884,0.461526,0.002633,0.2144923505324352,9.01926274414324,189.01926274414325,22.03721064892204,22.03721064892204,27.875672169738028,27.875672169738028,0.5046366529904737,0.5046366529904737,0.8284999083703518,0.20820117785391407,0.17610047843284812,303.4357563914318,53.4351818741643,0.6944460403257431,
36,40,2.0999,0.433867,,,,,,,,,,,,,,,,,nan_exist
37,40,1.993945,0.406728,,,,,,,,,,,,,,,,,nan_exist
38,40,2.073734,0.427165,,,,,,,,,,,,,,,,,nan_exist
39,40,2.095776,0.432811,0.002077,0.169198865194025,181.0626837309819,1.0626837309818882,21.817989152269828,21.817989152269828,31.841942415591003,31.841942415591003,0.5822304260503044,0.5822304260503044,0.9204889779774601,0.23689036235063193,0.19912818363102192,307.11885260669123,61.156019278413964,0.6832300925785479,
40,40,2.066216,0.42524,0.001525,0.1242312322681214,181.0626837309819,1.0626837309818882,20.21059526377514,20.21059526377514,33.33972367346678,33.33972367346678,0.6581016153485646,0.6581016153485646,0.9396769282120108,0.26850441950683485,0.21157531440555002,302.6879273077914,64.04129338691024,0.6629073164468922,
41,40,2.084719,0.429979,0.002558,0.2083826177979374,181.0626837309819,1.0626837309818882,21.509296822087958,21.509296822087958,29.80148414808479,29.80148414808479,0.5527410841797102,0.5527410841797102,0.9127484810606571,0.23574501571410977,0.195572139438977,292.442065420858,57.193520396310475,0.6534681806237431,
42,40,2.08773,0.43075,,,,,,,,,,,,,,,,,nan_exist
43,40,2.078807,0.428465,,,,,,,,,,,,,,,,,nan_exist
44,40,1.825159,0.363496,0.001171,0.0953932937612919,178.97999908583176,358.97999908583176,31.88742884474905,31.88742884474905,18.888694945055136,18.888694945055136,0.23631566759037057,0.23631566759037057,0.7259500942843975,0.12423496857471834,0.15565184760411244,232.66164620085596,36.214215097777554,0.5456873086196622,
45,40,1.428403,0.261871,,,,,,,,,,,,,,,,,nan_exist
46,40,1.204202,0.204445,0.002111,0.1719686107003307,174.98092293661554,354.98092293661557,26.91429161688512,26.91429161688512,14.048493632049128,14.048493632049128,0.20823650741223992,0.20823650741223992,0.7774304319787946,0.1659477261442401,0.17033830065521544,158.26615462930022,26.958787830790556,0.3647426855514157,
47,40,1.084734,0.173844,0.002062,0.1679769186471255,174.98092293661554,354.98092293661557,23.846992101677387,23.846992101677387,14.004858692096082,14.004858692096082,0.23429077510079943,0.23429077510079943,0.8261372150600098,0.2050417820269184,0.18677347952041662,144.0321103056121,26.901378404447627,0.3253631441699013,
48,40,1.082516,0.173276,0.000867,0.0706285104107942,176.98046101122364,356.9804610112236,21.595721409482334,21.595721409482334,13.053533176916789,13.053533176916789,0.24114064976816962,0.24114064976816962,0.8462467039299914,0.20930420150166423,0.17361741629642607,143.8219108602073,24.969988570364094,0.3301442285828978,
49,40,1.198696,0.203035,0.001114,0.0907498968830736,178.97999908583176,358.97999908583176,22.792426325936646,22.792426325936646,13.597106936544625,13.597106936544625,0.237994006015695,0.237994006015695,0.8261390005149138,0.18676301731784026,0.16225334641768338,160.08528337489412,25.974372939799707,0.3725303067641511,
50,40,1.20604,0.204915,0.001285,0.1046800875177285,176.98046101122364,356.9804610112236,25.726776228359576,25.726776228359576,13.416650031603469,13.416650031603469,0.20805051170988217,0.20805051170988217,0.8015599849102699,0.16035377910249746,0.15650123039837466,163.9127405075219,25.652545567396686,0.3840560970559034,
51,40,1.232608,0.211721,0.001693,0.1379170335933964,176.98046101122364,356.9804610112236,28.800619865766897,28.800619865766897,12.444414361975081,12.444414361975081,0.1723783400137066,0.1723783400137066,0.7530557474920393,0.12989957175324007,0.1429043940963121,166.2294396263051,23.75491735076662,0.3957625618764958,
52,40,1.302923,0.229731,0.002098,0.1709095903596844,176.98046101122364,356.9804610112236,28.150131058371752,28.150131058371752,13.51706109398972,13.51706109398972,0.19156312863978747,0.19156312863978747,0.7552539279091255,0.14096689860833317,0.1513961058519396,170.73617530449226,25.84879206915423,0.4024649534314945,
53,40,1.167525,0.195051,0.002364,0.1925787757913699,176.98046101122364,356.9804610112236,20.458165831519075,20.458165831519075,13.644722346578556,13.644722346578556,0.266077452554516,0.266077452554516,0.8590614187428907,0.21299742274697966,0.168396906570906,154.69007269267476,26.04932971867501,0.3573353971499993,
54,40,1.179331,0.198075,0.003849,0.3135514839344258,178.97999908583176,358.97999908583176,15.758265649399377,15.758265649399377,16.106806007975983,16.106806007975983,0.4077660614288699,0.4077660614288699,0.9188462807598544,0.31545616324521447,0.20395733439089855,150.6947120935701,30.735291785408464,0.33322061196711567,
55,40,1.286017,0.225401,0.004971,0.4049530856425125,176.98046101122364,356.9804610112236,15.918419613683033,15.918419613683033,16.993352269687588,16.993352269687588,0.4258818947269535,0.4258818947269535,0.9198746640248588,0.3077176261378961,0.20041323402059452,161.83218502833512,32.43331157014788,0.3594413151616312,
56,40,1.278524,0.223482,0.004682,0.3814102488389144,176.98046101122364,356.9804610112236,15.418431340078389,15.418431340078389,16.55749048755402,16.55749048755402,0.4284147243733971,0.4284147243733971,0.9030932384884415,0.3094975336130125,0.19674122990115064,160.41751332602507,31.560738869446396,0.3579354846016074,
57,40,1.295083,0.227723,0.005079,0.4137511007801893,174.98092293661554,354.98092293661557,15.793519424412818,15.793519424412818,18.718308449534714,18.718308449534714,0.47282207704584617,0.47282207704584617,0.9196390983167425,0.34060866683031804,0.22131582347036197,161.93722740995145,35.839270834740674,0.3502721015978077,
58,40,1.216377,0.207563,0.006341,0.5165575369260053,174.98092293661554,354.98092293661557,14.403288773038271,14.403288773038271,16.165524334457366,16.165524334457366,0.44775267950924247,0.44775267950924247,0.8881184064671811,0.33406611835570704,0.2024285454846553,152.23258387708714,30.816220529609538,0.33726767596521556,
0,41,0.411283,0.001348,,,,,,,,,,,,,,,,,nan_exist
1,41,0.413771,0.001985,,,,,,,,,,,,,,,,,nan_exist
2,41,0.423997,0.004605,,,,,,,,,,,,,,,,,nan_exist
3,41,0.447545,0.010636,,,,,,,,,,,,,,,,,nan_exist
4,41,0.450312,0.011345,,,,,,,,,,,,,,,,,nan_exist
5,41,0.439686,0.008623,,,,,,,,,,,,,,,,,nan_exist
6,41,0.448265,0.01082,,,,,,,,,,,,,,,,,nan_exist
7,41,0.491641,0.021931,,,,,,,,,,,,,,,,,nan_exist
8,41,1.057217,0.166796,0.00029,0.0236242999067247,183.06222180558999,3.062221805589985,22.52827645378679,22.52827645378679,14.994125641041679,14.994125641041679,0.2655236714683195,0.2655236714683195,0.8269818873590765,0.2263858745178931,0.1957976743653502,147.1185833272721,28.80547647140486,0.32864751904407563,
9,41,2.132879,0.442315,,,,,,,,,,,,,,,,,nan_exist
10,41,2.690506,0.585144,0.000248,0.0202028495754059,7.019724669535155,187.01972466953515,3.1083966443843356,3.1083966443843356,3.7885429786619382,3.7885429786619382,0.4862345923699153,0.4862345923699153,0.19707019375431145,0.0809850033202109,0.015072269492470864,364.3499097310899,5.491580029024419,0.9968286936168486,
11,41,3.026712,0.671259,,,,,,,,,,,,,,,,,nan_exist
12,41,3.228527,0.722952,,,,,,,,,,,,,,,,,nan_exist
13,41,3.249975,0.728446,0.005145,0.4191276655865473,13.018338893359438,193.01833889335944,23.915471087840007,23.915471087840007,34.731230479360846,34.731230479360846,0.5793637197315765,0.5793637197315765,0.8169417187748024,0.16753167169862057,0.15219938630046573,436.32885919967146,66.40898459537232,1.0275552072341643,
14,41,3.322633,0.747056,,,,,,,,,,,,,,,,,nan_exist
15,41,3.21427,0.7193,,,,,,,,,,,,,,,,,nan_exist
16,41,3.049384,0.677067,0.007708,0.6279175989001179,15.017876967967549,195.01787696796754,7.523086092841596,7.523086092841596,9.84635912741217,9.84635912741217,0.5221432953796693,0.5221432953796693,0.516322721487132,0.1235406661544065,0.046124974491749834,380.1022554036566,17.53220683475024,1.0071390238025177,
17,41,3.239453,0.725751,,,,,,,,,,,,,,,,,nan_exist
18,41,3.166314,0.707017,,,,,,,,,,,,,,,,,nan_exist
19,41,3.189542,0.712966,,,,,,,,,,,,,,,,,nan_exist
20,41,3.217001,0.72,0.004015,0.3270743590534475,341.0257296996299,161.0257296996299,7.814848210787078,7.814848210787078,6.445322807381653,6.445322807381653,0.3290290111010652,0.3290290111010652,0.16754497081857866,0.07524209129150022,0.02676884421161493,399.5425920944481,10.695293403681092,1.0801313852521306,
21,41,3.030885,0.672328,,,,,,,,,,,,,,,,,nan_exist
22,41,3.133875,0.698708,,,,,,,,,,,,,,,,,nan_exist
23,41,3.176706,0.709679,,,,,,,,,,,,,,,,,nan_exist
24,41,2.916171,0.642946,,,,,,,,,,,,,,,,,nan_exist
25,41,2.701032,0.58784,,,,,,,,,,,,,,,,,nan_exist
26,41,2.402013,0.51125,0.000964,0.078530431414078,15.017876967967549,195.01787696796754,7.880260570623993,7.880260570623993,7.539442694388016,7.539442694388016,0.3816881985689093,0.3816881985689093,0.46359045125098775,0.11062923012543863,0.04195845537636537,316.2376365080569,13.268842759750555,0.8415799826341842,
27,41,2.137737,0.443559,,,,,,,,,,,,,,,,,nan_exist
28,41,2.119821,0.43897,,,,,,,,,,,,,,,,,nan_exist
29,41,2.109659,0.436367,,,,,,,,,,,,,,,,,nan_exist
30,41,1.918542,0.387415,,,,,,,,,,,,,,,,,nan_exist
31,41,1.849005,0.369604,0.001311,0.1067981281990211,15.017876967967549,195.01787696796754,6.999204441666601,6.999204441666601,4.90331813206649,4.90331813206649,0.2794804657362625,0.2794804657362625,0.5646560152309821,0.09372119694522502,0.032080082293292955,260.26182275003396,8.349220691623515,0.699757227940029,
32,41,1.98436,0.404273,,,,,,,,,,,,,,,,,nan_exist
33,41,2.111568,0.436856,,,,,,,,,,,,,,,,,nan_exist
34,41,2.209454,0.461928,,,,,,,,,,,,,,,,,nan_exist
35,41,2.30581,0.486609,,,,,,,,,,,,,,,,,nan_exist
36,41,2.130172,0.441621,,,,,,,,,,,,,,,,,nan_exist
37,41,1.994343,0.40683,0.001954,0.1591789035094487,3.020648520318958,183.02064852031896,23.76774449687632,23.76774449687632,27.139314730610238,27.139314730610238,0.45553418451569044,0.45553418451569044,0.894810450100075,0.19859376260933964,0.18008675189052747,289.07881074207586,52.05926406691697,0.6583876296532192,
38,41,2.123589,0.439935,,,,,,,,,,,,,,,,,nan_exist
39,41,2.105189,0.435222,0.002611,0.2127001622636492,181.0626837309819,1.0626837309818882,22.667191533916363,22.667191533916363,30.64635611114249,30.64635611114249,0.5393754746669835,0.5393754746669835,0.9141567912189149,0.2247031566605691,0.19540596483637881,301.2701030983259,58.86997517228369,0.6733336886834506,
40,41,2.044174,0.419594,,,,,,,,,,,,,,,,,nan_exist
41,41,1.987162,0.404991,,,,,,,,,,,,,,,,,nan_exist
42,41,1.945696,0.39437,,,,,,,,,,,,,,,,,nan_exist
43,41,2.027305,0.415273,0.001186,0.0966152403081914,7.019724669535155,187.01972466953515,3.2700301725832106,3.2700301725832106,3.210421955155494,3.210421955155494,0.39167010340727,0.39167010340727,-0.09924686823114182,0.09919376007134414,0.020357773555303812,245.32606705657042,4.994292520350939,0.6675882626006097,
44,41,1.84716,0.369131,,,,,,,,,,,,,,,,,nan_exist
45,41,1.441708,0.265279,,,,,,,,,,,,,,,,,nan_exist
46,41,1.20036,0.203461,0.001933,0.1574681783437893,174.98092293661554,354.98092293661557,26.505887666032276,26.505887666032276,13.638805912131291,13.638805912131291,0.20527878187271778,0.20527878187271778,0.7718398938751064,0.16332457631908415,0.16474997886888337,158.65690536532782,26.138721806340186,0.36810606544163227,
47,41,1.067158,0.169343,,,,,,,,,,,,,,,,,nan_exist
48,41,1.043784,0.163356,0.00185,0.1507067407842784,176.98046101122364,356.9804610112236,21.45394718322637,21.45394718322637,12.260898109066012,12.260898109066012,0.22799490506925046,0.22799490506925046,0.822596403182859,0.20529442642627715,0.16915585493397858,138.5212532764292,23.431681024500563,0.3196932562553573,
49,41,1.141701,0.188436,0.002353,0.1916826816569768,176.98046101122364,356.9804610112236,21.362873891559232,21.362873891559232,12.558492480401847,12.558492480401847,0.2345243272964001,0.2345243272964001,0.8514170475986227,0.18822760901211705,0.1540006242660105,155.34538176310656,23.92328576836013,0.36506137776318454,
50,41,1.176533,0.197358,0.001231,0.1002810799488901,176.98046101122364,356.9804610112236,25.013945698488204,25.013945698488204,12.610033882863414,12.610033882863414,0.2011148394502555,0.2011148394502555,0.7712169025214726,0.15897471776355881,0.15059359900904418,159.81558131088175,24.06720356732822,0.3770788270654265,
51,41,1.216353,0.207557,0.000454,0.0369842488194931,176.98046101122364,356.9804610112236,28.507688728001348,28.507688728001348,11.400028370077322,11.400028370077322,0.1595342701399886,0.1595342701399886,0.7298786213951858,0.12076533006473791,0.13082691538037194,165.73756421520983,21.682934288932216,0.4001517497952156,
52,41,1.293972,0.227438,0.002075,0.1690359389877717,174.98092293661554,354.98092293661557,27.088786862865593,27.088786862865593,13.181955141888418,13.181955141888418,0.19413343502891917,0.19413343502891917,0.758662170078304,0.1446332450339727,0.14878631963490282,169.25230565326592,25.182427647871094,0.4001941055705412,
53,41,1.190424,0.200916,0.003664,0.2984808098559979,176.98046101122364,356.9804610112236,20.415828958765122,20.415828958765122,14.666512511248964,14.666512511248964,0.2865958545495042,0.2865958545495042,0.8773248033714446,0.228010277624075,0.18036094480851564,155.5696097488045,28.05868179778645,0.3541970220861613,
54,41,1.185462,0.199645,0.002861,0.2330659380453084,178.97999908583176,358.97999908583176,15.88572717118446,15.88572717118446,16.02032027689477,16.02032027689477,0.4023223510736636,0.4023223510736636,0.9150847298924971,0.3112378961027895,0.2023953246524554,151.04233108821586,30.57026163686311,0.33464463736486877,
55,41,1.302555,0.229637,0.005137,0.4184759607615342,176.98046101122364,356.9804610112236,15.215975868296628,15.215975868296628,16.64675709046626,16.64675709046626,0.43645542635201184,0.43645542635201184,0.919594528382276,0.30848011092627353,0.19411505184486544,163.34929936526396,31.708557715110658,0.3656687268059814,
56,41,1.350998,0.242045,0.004593,0.3741600326606437,176.98046101122364,356.9804610112236,15.927017607813935,15.927017607813935,17.27664273790145,17.27664273790145,0.432747889231804,0.432747889231804,0.9077683567007248,0.3017314127584992,0.1964726072886616,167.74096480275165,32.95650470391223,0.37440127805233175,
57,41,1.330255,0.236732,0.004506,0.3670727426886263,174.98092293661554,354.98092293661557,16.540250088201994,16.540250088201994,19.042471124319032,19.042471124319032,0.4592945580812608,0.4592945580812608,0.9044789507690922,0.3285505088640725,0.22099704840354933,165.13831033827933,36.49507916310907,0.35734230881991735,
58,41,1.22433,0.2096,0.005699,0.4642582247187042,172.98138486200742,352.9813848620074,15.24405227463704,15.24405227463704,16.143932987034393,16.143932987034393,0.4224924793265813,0.4224924793265813,0.8799525085881265,0.3174818619684662,0.20057787116548692,153.79001405102377,30.84687362486467,0.3415087234059975,
0,42,0.422809,0.0043,,,,,,,,,,,,,,,,,nan_exist
1,42,0.420843,0.003796,,,,,,,,,,,,,,,,,nan_exist
2,42,0.41944,0.003437,,,,,,,,,,,,,,,,,nan_exist
3,42,0.429412,0.005991,,,,,,,,,,,,,,,,,nan_exist
4,42,0.45016,0.011306,,,,,,,,,,,,,,,,,nan_exist
5,42,0.453272,0.012103,,,,,,,,,,,,,,,,,nan_exist
6,42,0.445259,0.010051,,,,,,,,,,,,,,,,,nan_exist
7,42,0.542098,0.034855,,,,,,,,,,,,,,,,,nan_exist
8,42,1.445712,0.266305,,,,,,,,,,,,,,,,,nan_exist
9,42,2.390411,0.508278,,,,,,,,,,,,,,,,,nan_exist
10,42,2.763878,0.603937,0.000114,0.0092867937564366,3.020648520318958,183.02064852031896,20.69708971567896,20.69708971567896,25.032950334280883,25.032950334280883,0.48251722482356807,0.48251722482356807,0.7442898028374243,0.1547819566232393,0.12202980382455109,386.99573133558624,47.225013175820266,0.9438075504437944,
11,42,2.964049,0.655209,,,,,,,,,,,,,,,,,nan_exist
12,42,3.107866,0.692046,,,,,,,,,,,,,,,,,nan_exist
13,42,3.179848,0.710483,,,,,,,,,,,,,,,,,nan_exist
14,42,3.301106,0.741542,,,,,,,,,,,,,,,,,nan_exist
15,42,3.175377,0.709338,0.007765,0.6325609957783364,15.017876967967549,195.01787696796754,6.954990988545158,6.954990988545158,8.862016181535637,8.862016181535637,0.508330341511451,0.508330341511451,0.532781848134771,0.11097485596265039,0.03885622560426624,398.7151067676823,15.492564140394165,1.0645070628535782,
16,42,3.023467,0.670428,0.009586,0.7809053065719423,17.01741504257566,197.01741504257566,7.97475141144932,7.97475141144932,9.203865627115965,9.203865627115965,0.46042954223230087,0.46042954223230087,0.5789398928367635,0.11197881907499867,0.043025977121956036,378.77023556439065,16.29695948987137,1.0068702113181092,
17,42,3.150643,0.703003,,,,,,,,,,,,,,,,,nan_exist
18,42,3.134852,0.698958,,,,,,,,,,,,,,,,,nan_exist
19,42,3.217538,0.720137,,,,,,,,,,,,,,,,,nan_exist
20,42,3.125178,0.69648,,,,,,,,,,,,,,,,,nan_exist
21,42,2.93068,0.646662,0.001873,0.1525803921561911,13.018338893359438,193.01833889335944,5.735758324956566,5.735758324956566,5.096457594163634,5.096457594163634,0.3544766531982911,0.3544766531982911,0.2645070419103127,0.07417076898372792,0.02102501680035295,383.0062960813891,8.052713809752163,1.0415377285323248,
22,42,2.974493,0.657884,,,,,,,,,,,,,,,,,nan_exist
23,42,2.934084,0.647534,,,,,,,,,,,,,,,,,nan_exist
24,42,2.668319,0.579461,0.004572,0.3724493074949843,11.018800818751352,191.01880081875134,5.625120322567267,5.625120322567267,8.867326114198212,8.867326114198212,0.6288845568101369,0.6288845568101369,0.37673791813850377,0.1492300222802844,0.047104117604749425,334.7705604954187,15.769071852184084,0.8861152462312073,
25,42,2.546197,0.548181,,,,,,,,,,,,,,,,,nan_exist
26,42,2.348026,0.497422,,,,,,,,,,,,,,,,,nan_exist
27,42,2.29156,0.482959,,,,,,,,,,,,,,,,,nan_exist
28,42,2.179517,0.45426,0.002454,0.1999104550727672,17.01741504257566,197.01741504257566,8.073887336679846,8.073887336679846,8.112960899923168,8.112960899923168,0.4008729608498561,0.4008729608498561,0.636347331798628,0.13045866012887422,0.05145297128671567,284.4835898593025,14.63752598057249,0.749572399663139,
29,42,2.146532,0.445812,,,,,,,,,,,,,,,,,nan_exist
30,42,2.00968,0.410759,0.001547,0.1260234205369074,19.016953117183746,199.01695311718373,8.81226080575639,8.81226080575639,3.9356199027256586,3.9356199027256586,0.1781705300597799,0.1781705300597799,0.35059537771592497,0.05986257742106287,0.022024327740891553,285.38375717422934,6.285385399932238,0.775273254928603,
31,42,1.911351,0.385573,,,,,,,,,,,,,,,,,nan_exist
32,42,1.918179,0.387322,,,,,,,,,,,,,,,,,nan_exist
33,42,2.032146,0.416513,0.001952,0.1590159773031954,9.01926274414324,189.01926274414325,4.274527737322558,4.274527737322558,5.444098564885222,5.444098564885222,0.508098491733237,0.508098491733237,0.4194449521303182,0.13015676295422043,0.033880221680310414,274.36016585365996,9.295383239368732,0.7362910628174757,
34,42,2.151952,0.4472,0.00174,0.1417457994403483,11.018800818751352,191.01880081875134,6.160271841062904,6.160271841062904,8.626425133770423,8.626425133770423,0.5586515990477483,0.5586515990477483,0.5289065231583516,0.15879453365047022,0.05329563204356189,290.6679820091746,15.491333816005636,0.7643795783143581,
35,42,2.281344,0.480342,0.003606,0.293755949874653,9.01926274414324,189.01926274414325,24.18532380861563,24.18532380861563,29.210972277425626,29.210972277425626,0.481841466556997,0.481841466556997,0.8396327048253052,0.19928473140828687,0.18402356849911214,305.07443043235287,56.14088534599571,0.6914820696843255,
36,42,2.203935,0.460515,0.003175,0.2586453524270725,181.0626837309819,1.0626837309818882,24.935450316643173,24.935450316643173,28.250832334817925,28.250832334817925,0.45198507874422983,0.45198507874422983,0.8736653682512758,0.1862387155616866,0.1768389707225013,306.4828647111798,54.19811433960865,0.7007909732543642,
37,42,2.079712,0.428696,0.002608,0.2124557729542693,181.0626837309819,1.0626837309818882,23.533973518217724,23.533973518217724,27.78480505858056,27.78480505858056,0.47100135818538336,0.47100135818538336,0.8960441525583502,0.20057603241997085,0.1801720563510142,295.7334678697615,53.282907037911514,0.6734737800884723,
38,42,2.118024,0.43851,0.002034,0.1656959517595796,181.0626837309819,1.0626837309818882,23.523275361419195,23.523275361419195,29.880971113794676,29.880971113794676,0.5067654301364004,0.5067654301364004,0.9053618583780119,0.21553962437256144,0.19397464799676606,296.0445578555958,57.425138901397446,0.6628317193172177,
39,42,2.096928,0.433106,,,,,,,,,,,,,,,,,nan_exist
40,42,2.014196,0.411915,,,,,,,,,,,,,,,,,nan_exist
41,42,1.895641,0.381549,0.002085,0.1698505700190381,181.0626837309819,1.0626837309818882,23.772492039723517,23.772492039723517,25.062844228872212,25.062844228872212,0.42059655392058154,0.42059655392058154,0.8719981440140836,0.20242602912706753,0.18369629435778592,261.8398960019523,48.09901861058668,0.59372465942046,
42,42,1.8118,0.360074,,,,,,,,,,,,,,,,,nan_exist
43,42,1.907499,0.384586,0.002442,0.1989328978352475,7.019724669535155,187.01972466953515,3.2423774259547784,3.2423774259547784,2.645248726644053,2.645248726644053,0.3254715354199123,0.3254715354199123,-0.06968311658966653,0.08613332108046695,0.016847235904128476,233.8560272893277,3.9398276593456103,0.6386561100832836,
44,42,1.778447,0.351531,0.002127,0.1732720203503568,9.01926274414324,189.01926274414325,4.282283564311434,4.282283564311434,3.0385682126858082,3.0385682126858082,0.2830763805617106,0.2830763805617106,0.06675452308806351,0.09160904607065112,0.022216055652815307,217.36468769194875,4.828985998721151,0.5903769491478544,
45,42,1.410691,0.257335,0.001205,0.0981630392675975,178.97999908583176,358.97999908583176,32.11616005039378,32.11616005039378,14.504125642692696,14.504125642692696,0.18016814432501788,0.18016814432501788,0.7302380816690528,0.11837855913210384,0.14952920937776273,185.72319239963505,27.771042122631542,0.43875597299167646,
46,42,1.185293,0.199601,0.000572,0.0465968949884363,345.0248058488461,165.02480584884609,7.488332465095344,7.488332465095344,5.794181630625437,5.794181630625437,0.3086860851272811,0.3086860851272811,0.5274677677310924,0.18019787698981019,0.06964544427590863,153.75933855574155,10.708637445284467,0.3973630586401586,
47,42,1.124521,0.184035,0.002035,0.1657774148627062,172.98138486200742,352.9813848620074,2.340663696294113,2.340663696294113,2.408634514068393,2.408634514068393,0.4105272138058145,0.4105272138058145,-0.15645809239174246,0.16939574984746555,0.031941892358142474,128.67105437992913,4.109996968612393,0.3460029372536576,
48,42,1.05848,0.16712,0.000453,0.0369027857163665,176.98046101122364,356.9804610112236,19.917569340309935,19.917569340309935,12.178530231526624,12.178530231526624,0.24393190451558466,0.24393190451558466,0.8362254082269543,0.2142224196300244,0.16547263208874918,140.35520590418525,23.224945348323885,0.3253618348773927,
49,42,1.086508,0.174299,0.002111,0.1719686107003307,176.98046101122364,356.9804610112236,21.765306888965913,21.765306888965913,12.593879788856157,12.593879788856157,0.23083667727262147,0.23083667727262147,0.8330668064543519,0.1947679858121422,0.16230974296786047,148.123800162959,24.0419359318726,0.34467184508635107,
50,42,1.13411,0.186491,0.001137,0.0926235482549862,176.98046101122364,356.9804610112236,24.3236442869392,24.3236442869392,10.62266706413991,10.62266706413991,0.17422681291177694,0.17422681291177694,0.7585106663215274,0.14141211374665016,0.12953119485186168,155.54486041122624,20.14791162213217,0.3761026355252613,
51,42,1.175807,0.197172,0.001622,0.1321331532714052,174.98092293661554,354.98092293661557,28.857509515597318,28.857509515597318,11.208571388326526,11.208571388326526,0.15495353219183303,0.15495353219183303,0.7296477744393539,0.12031585491709633,0.13226881380498437,161.29854885959713,21.334767726124227,0.3887882809263136,
52,42,1.209066,0.205691,0.002117,0.1724573893190905,176.98046101122364,356.9804610112236,24.895361300397465,24.895361300397465,12.18727242252407,12.18727242252407,0.19529815990409513,0.19529815990409513,0.7472935664560986,0.1552498426336762,0.14620731116963034,158.90896835247932,23.233652983555885,0.37687587602478734,
53,42,1.162824,0.193846,0.002371,0.1931490175132563,176.98046101122364,356.9804610112236,20.607669327534346,20.607669327534346,14.475760461398746,14.475760461398746,0.28023512980670845,0.28023512980670845,0.8756310017813694,0.22816680324665833,0.18198484829986405,152.24415513944493,27.706129477592853,0.3459389601718113,
54,42,1.246313,0.215231,0.002665,0.2170991698324876,176.98046101122364,356.9804610112236,16.285495244886864,16.285495244886864,16.680247089541414,16.680247089541414,0.40861243158388466,0.40861243158388466,0.9167642802776222,0.30285087869209165,0.2006557528340059,158.75017341319156,31.854135558752944,0.35248899404010725,
55,42,1.324875,0.235354,0.004398,0.3582747275509495,176.98046101122364,356.9804610112236,15.782524726567445,15.782524726567445,17.746524936046317,17.746524936046317,0.44858723492252106,0.44858723492252106,0.9153985011361773,0.31792601615014376,0.20591253529399034,164.57619315542325,33.88830118166666,0.3630219221493239,
56,42,1.339279,0.239043,0.005248,0.427518365208591,174.98092293661554,354.98092293661557,16.115854158560982,16.115854158560982,19.335379184492442,19.335379184492442,0.4786404858466765,0.4786404858466765,0.9232848097744498,0.33998391652042126,0.22434943878754157,165.1415359154759,37.04941090314966,0.3558114583675729,
57,42,1.368288,0.246473,0.005925,0.4826688860253242,172.98138486200742,352.9813848620074,17.504116080154635,17.504116080154635,19.688378418894896,19.688378418894896,0.44872454843608967,0.44872454843608967,0.9130525187075011,0.3185166281918551,0.22399387696905443,168.85505554225776,37.82249853673534,0.36397932501534,
58,42,1.281203,0.224168,0.005525,0.4500836447746694,172.98138486200742,352.9813848620074,16.901774550760614,16.901774550760614,16.338007030897668,16.338007030897668,0.3856353522256417,0.3856353522256417,0.846050259314538,0.2872550027464521,0.19586560852147766,159.5848590160262,31.25718552198819,0.35646575970566113,
0,43,0.425859,0.005081,,,,,,,,,,,,,,,,,nan_exist
1,43,0.436699,0.007858,,,,,,,,,,,,,,,,,nan_exist
2,43,0.437981,0.008186,,,,,,,,,,,,,,,,,nan_exist
3,43,0.431043,0.006409,,,,,,,,,,,,,,,,,nan_exist
4,43,0.436657,0.007847,,,,,,,,,,,,,,,,,nan_exist
5,43,0.469878,0.016356,,,,,,,,,,,,,,,,,nan_exist
6,43,0.515108,0.027941,,,,,,,,,,,,,,,,,nan_exist
7,43,0.609963,0.052238,,,,,,,,,,,,,,,,,nan_exist
8,43,1.742046,0.342207,,,,,,,,,,,,,,,,,nan_exist
9,43,2.596219,0.560994,,,,,,,,,,,,,,,,,nan_exist
10,43,2.7504,0.600485,,,,,,,,,,,,,,,,,nan_exist
11,43,2.935655,0.647936,,,,,,,,,,,,,,,,,nan_exist
12,43,3.071108,0.682631,0.002795,0.2276893732389504,13.018338893359438,193.01833889335944,7.663387452463922,7.663387452463922,14.152469590642058,14.152469590642058,0.7367523209318321,0.7367523209318321,0.5152221708525002,0.16023347734852547,0.06189458139790243,416.5115934348421,25.779810723022877,1.0853660630883868,
13,43,3.223194,0.721586,,,,,,,,,,,,,,,,,nan_exist
14,43,3.274193,0.734649,0.006756,0.5503647247235596,15.017876967967549,195.01787696796754,7.229528240606684,7.229528240606684,11.255608880741821,11.255608880741821,0.6211108283620097,0.6211108283620097,0.5625229275215268,0.1314717934384213,0.048221624640383466,417.9272735759523,20.153132113358424,1.1049281707294274,
15,43,3.266634,0.732713,,,,,,,,,,,,,,,,,nan_exist
16,43,3.175858,0.709461,,,,,,,,,,,,,,,,,nan_exist
17,43,3.19015,0.713122,,,,,,,,,,,,,,,,,nan_exist
18,43,3.194096,0.714133,0.005523,0.4499207185684161,17.01741504257566,197.01741504257566,7.964019122039259,7.964019122039259,10.527722137942572,10.527722137942572,0.5273660714250044,0.5273660714250044,0.563721947527805,0.12175316161638418,0.04722811081586371,398.7892664222775,18.834063666768316,1.0554311187653032,
19,43,3.315159,0.745142,0.005985,0.4875566722129224,15.017876967967549,195.01787696796754,6.648482453126296,6.648482453126296,7.6207430286935764,7.6207430286935764,0.4572827895169874,0.4572827895169874,0.38244521257565356,0.09557362766543315,0.03173769453101868,408.62873008535786,12.968933812047169,1.0990549896480852,
20,43,3.084969,0.686181,0.005318,0.4332207824274555,13.018338893359438,193.01833889335944,6.207983518216837,6.207983518216837,7.169430834849557,7.169430834849557,0.46072755799725157,0.46072755799725157,0.18218520280087314,0.10018578114496679,0.03194000748629908,381.37388860411045,12.181084857094277,1.0255355659639338,
21,43,2.876496,0.632783,0.002456,0.2000733812790204,7.019724669535155,187.01972466953515,3.009382890787816,3.009382890787816,2.5873776633518686,2.5873776633518686,0.3429986753885961,0.3429986753885961,-0.08214189109529157,0.05613396761822366,0.00850618915625291,365.2514844614831,3.1068982164315457,1.005957184014032,
22,43,2.825888,0.619821,0.003389,0.2760784564961728,11.018800818751352,191.01880081875134,5.124667469634535,5.124667469634535,6.524795636787839,6.524795636787839,0.5079386840057921,0.5079386840057921,0.37299881651488753,0.10739740350458113,0.030498462562778248,360.6547010516822,10.99941389811471,0.9712646865376875,
23,43,2.767719,0.604921,,,,,,,,,,,,,,,,,nan_exist
24,43,2.63925,0.572015,,,,,,,,,,,,,,,,,nan_exist
25,43,2.428999,0.518162,0.004264,0.3473586717319802,15.017876967967549,195.01787696796754,8.098441924358655,8.098441924358655,10.65587309156405,10.65587309156405,0.5249254548619221,0.5249254548619221,0.5836679195639192,0.15363733974309526,0.0614872193649338,316.63411174590453,19.468951087341395,0.8254587796071199,
26,43,2.158939,0.448989,,,,,,,,,,,,,,,,,nan_exist
27,43,2.224685,0.46583,0.00143,0.1164922374710909,17.01741504257566,197.01741504257566,8.548525746090963,8.548525746090963,8.780420592456645,8.780420592456645,0.40976434043497345,0.40976434043497345,0.633286719699266,0.13144375872109054,0.05382006455858223,295.30325568645856,15.893240285404715,0.776138931669594,
28,43,2.087307,0.430642,,,,,,,,,,,,,,,,,nan_exist
29,43,2.119763,0.438955,,,,,,,,,,,,,,,,,nan_exist
30,43,2.048147,0.420612,,,,,,,,,,,,,,,,,nan_exist
31,43,1.911174,0.385527,,,,,,,,,,,,,,,,,nan_exist
32,43,1.953975,0.39649,,,,,,,,,,,,,,,,,nan_exist
33,43,2.013423,0.411717,,,,,,,,,,,,,,,,,nan_exist
34,43,2.133561,0.442489,0.002332,0.1899719564913174,11.018800818751352,191.01880081875134,6.124605480785773,6.124605480785773,8.581583950250437,8.581583950250437,0.5589840327364254,0.5589840327364254,0.4741259816973262,0.16282660459294757,0.05460145880987087,282.9298313025651,15.448381529950723,0.7430040271461511,
35,43,2.264189,0.475948,,,,,,,,,,,,,,,,,nan_exist
36,43,2.281329,0.480338,,,,,,,,,,,,,,,,,nan_exist
37,43,2.226524,0.466301,,,,,,,,,,,,,,,,,nan_exist
38,43,2.213871,0.46306,0.002747,0.2237791442888718,181.0626837309819,1.0626837309818882,22.20200992046735,22.20200992046735,33.14862503057215,33.14862503057215,0.5956392285762069,0.5956392285762069,0.9044116048026333,0.23955323713826798,0.20470801484395287,311.338194419276,63.733423724670644,0.6877910297072372,
39,43,2.159709,0.449187,,,,,,,,,,,,,,,,,nan_exist
40,43,2.021352,0.413748,,,,,,,,,,,,,,,,,nan_exist
41,43,1.87169,0.375414,0.002327,0.1895646409756843,181.0626837309819,1.0626837309818882,22.666070259785634,22.666070259785634,22.34575046351846,22.34575046351846,0.3933043772044558,0.3933043772044558,0.869234658177608,0.19307912832006444,0.1670543284383978,255.74576271086244,42.72343664062896,0.5917286835284263,
42,43,1.728566,0.338754,,,,,,,,,,,,,,,,,nan_exist
43,43,1.787013,0.353725,0.002411,0.1964075416383218,7.019724669535155,187.01972466953515,3.208472723431549,3.208472723431549,2.2685486949463582,2.2685486949463582,0.28207189762101226,0.28207189762101226,-0.05219595408314093,0.07845498614729214,0.014741637643122012,221.42670151653465,3.264192198268489,0.6060069703285171,
44,43,1.674233,0.324838,0.001398,0.1138854181710385,9.01926274414324,189.01926274414325,4.291782231653064,4.291782231653064,2.89766470995427,2.89766470995427,0.26935219562215673,0.26935219562215673,0.07955155539944325,0.09241018840251378,0.02249111044479028,205.2388199249876,4.61604896649132,0.5572854748847119,
45,43,1.278486,0.223472,0.00189,0.1539652649093439,178.97999908583176,358.97999908583176,31.40254527150766,31.40254527150766,12.593658907346937,12.593658907346937,0.15999158538442862,0.15999158538442862,0.7297131950468005,0.1149968325703191,0.1406520666719729,171.00028361425342,24.051543291838243,0.40819094534004213,
46,43,1.1278,0.184875,0.001961,0.1597491452313351,345.0248058488461,165.02480584884609,7.2516216747357,7.2516216747357,5.1600688483758725,5.1600688483758725,0.28387714165666184,0.28387714165666184,0.5684366499414374,0.16684498345296592,0.06281718335741623,150.70426435110932,9.466817406488161,0.3923262415128365,
47,43,1.0948,0.176423,0.00078,0.0635412204387768,345.0248058488461,165.02480584884609,29.34809782668778,29.34809782668778,12.714413023317487,12.714413023317487,0.17283290233806659,0.17283290233806659,0.6029233437405603,0.15409184717220373,0.17477233063786327,140.08830110108048,24.48355887853458,0.3211242839515164,
48,43,1.003568,0.153055,0.001585,0.1291190184557196,174.98092293661554,354.98092293661557,21.251051517149936,21.251051517149936,10.955327176040765,10.955327176040765,0.20566244463839323,0.20566244463839323,0.7911060870177035,0.1929470618767174,0.15730004251882615,132.80120912836574,20.889635842443454,0.31086548134978415,
49,43,1.063702,0.168457,0.001755,0.1429677459872479,176.98046101122364,356.9804610112236,20.277511270262774,20.277511270262774,11.098722286530585,11.098722286530585,0.21835764357453796,0.21835764357453796,0.8351271036568837,0.18438365999022224,0.1438432768307009,146.47643995472424,21.069651101582934,0.34835219125872585,
50,43,1.103678,0.178697,0.000685,0.0558022256417463,176.98046101122364,356.9804610112236,25.501576681830652,25.501576681830652,10.04005206498803,10.04005206498803,0.15706484803385526,0.15706484803385526,0.7419123357023749,0.13044859100999365,0.12505451074682283,152.1657725445637,19.02901623797274,0.3698243230738638,
51,43,1.113299,0.181161,0.001461,0.1190175936680166,345.0248058488461,165.02480584884609,6.864902551827968,6.864902551827968,4.031828517965073,4.031828517965073,0.23430294181178385,0.23430294181178385,0.4785417769507532,0.13435044552548106,0.047826394432525884,150.97308941245396,7.220498522937021,0.3993127524708804,
52,43,1.138288,0.187562,0.001477,0.1203210033180428,176.98046101122364,356.9804610112236,24.705652367415937,24.705652367415937,11.211411160765575,11.211411160765575,0.18103978265689935,0.18103978265689935,0.7587451911998545,0.1529233717162511,0.1427989963528108,149.52434290435554,21.351926097055497,0.356034491131389,
53,43,1.080456,0.172749,0.000995,0.0810557876110038,176.98046101122364,356.9804610112236,19.88777545562209,19.88777545562209,12.703742908101383,12.703742908101383,0.254832933763781,0.254832933763781,0.8459805470796918,0.21991705490870955,0.16981013818450041,142.78332154150917,24.246055561405626,0.3292701832780654,
54,43,1.20098,0.20362,0.002152,0.1753085979285228,176.98046101122364,356.9804610112236,17.429375819398384,17.429375819398384,16.057393019080568,16.057393019080568,0.3675388639680595,0.3675388639680595,0.9049101860657189,0.2868401682899788,0.2001793274940646,153.41508962854095,30.710529469282974,0.3408460004423833,
55,43,1.244914,0.214873,0.003828,0.3118407587687664,176.98046101122364,356.9804610112236,17.027052117916682,17.027052117916682,17.739309803220436,17.739309803220436,0.4156304130999595,0.4156304130999595,0.9108620065709033,0.3211516263609517,0.22074386762062911,154.00392715940302,33.99542250993227,0.333356957359641,
56,43,1.287639,0.225816,0.005708,0.464991392646844,176.98046101122364,356.9804610112236,15.29429062587642,15.29429062587642,17.784420692425282,17.784420692425282,0.46389581054845436,0.46389581054845436,0.9131993416655988,0.3348941809723795,0.21210968750573847,160.10826257783066,33.96051354247038,0.35041041398711187,
57,43,1.361981,0.244858,0.005118,0.4169281618021281,174.98092293661554,354.98092293661557,17.805666652353004,17.805666652353004,19.42708625418938,19.42708625418938,0.4352707620064001,0.4352707620064001,0.895544245734782,0.30880184007895506,0.2198304222054081,169.60442441428756,37.28421222689806,0.36755614496497085,
58,43,1.349287,0.241607,0.005837,0.4755001329501802,172.98138486200742,352.9813848620074,17.30258101951538,17.30258101951538,17.668825838266688,17.668825838266688,0.40738671669755877,0.40738671669755877,0.8508734513950498,0.29321243687386295,0.20380432061740136,166.11113976207204,33.8541679861913,0.36738047715522426,
0,44,0.411901,0.001506,,,,,,,,,,,,,,,,,nan_exist
1,44,0.428618,0.005788,,,,,,,,,,,,,,,,,nan_exist
2,44,0.457723,0.013243,,,,,,,,,,,,,,,,,nan_exist
3,44,0.446481,0.010364,,,,,,,,,,,,,,,,,nan_exist
4,44,0.440226,0.008761,,,,,,,,,,,,,,,,,nan_exist
5,44,0.444026,0.009735,,,,,,,,,,,,,,,,,nan_exist
6,44,0.467046,0.015631,,,,,,,,,,,,,,,,,nan_exist
7,44,0.66696,0.066837,,,,,,,,,,,,,,,,,nan_exist
8,44,1.769212,0.349165,,,,,,,,,,,,,,,,,nan_exist
9,44,2.522695,0.542161,,,,,,,,,,,,,,,,,nan_exist
10,44,2.691005,0.585272,,,,,,,,,,,,,,,,,nan_exist
11,44,2.929925,0.646469,,,,,,,,,,,,,,,,,nan_exist
12,44,3.090727,0.687656,0.003021,0.2461000345455703,11.018800818751352,191.01880081875134,5.294215361662925,5.294215361662925,8.669469586817428,8.669469586817428,0.6532824470800243,0.6532824470800243,0.4100699521190204,0.11881668955312592,0.03503046485864263,425.33990798790273,14.899854699748516,1.1401112591337617,
13,44,3.15692,0.704611,0.00559,0.4553787464779008,13.018338893359438,193.01833889335944,6.6467172097535645,6.6467172097535645,10.516361845988564,10.516361845988564,0.6312020271012626,0.6312020271012626,0.47186028502064326,0.13007682034535803,0.044998892351476104,414.2990113736961,18.642996614127924,1.0990444854432448,
14,44,3.228058,0.722832,0.007399,0.6027455000339872,15.017876967967549,195.01787696796754,6.6898878647357956,6.6898878647357956,9.074162363205224,9.074162363205224,0.5411252175080984,0.5411252175080984,0.5352257559805453,0.11140462696442904,0.038070493868370525,415.93024455963405,15.8346698251774,1.1113765964846019,
15,44,3.327111,0.748203,,,,,,,,,,,,,,,,,nan_exist
16,44,3.387564,0.763687,,,,,,,,,,,,,,,,,nan_exist
17,44,3.349151,0.753848,,,,,,,,,,,,,,,,,nan_exist
18,44,3.291575,0.739101,,,,,,,,,,,,,,,,,nan_exist
19,44,3.256375,0.730085,,,,,,,,,,,,,,,,,nan_exist
20,44,2.995811,0.663345,0.004464,0.3636512923573076,11.018800818751352,191.01880081875134,5.107982192059893,5.107982192059893,5.548298937920189,5.548298937920189,0.43333178296577224,0.43333178296577224,0.21545646563650822,0.08821233680457097,0.024000991180223502,374.06334366092153,8.97789101205069,1.0141262573579746,
21,44,2.967424,0.656073,0.004488,0.3656064068323468,9.01926274414324,189.01926274414325,4.029025385112411,4.029025385112411,4.6190474822338965,4.6190474822338965,0.4573645384945804,0.4573645384945804,0.097870996620956,0.08536813830619068,0.01952554511049994,366.57402441941883,7.15755765013887,0.998379074359111,
22,44,2.971718,0.657173,,,,,,,,,,,,,,,,,nan_exist
23,44,2.816132,0.617322,,,,,,,,,,,,,,,,,nan_exist
24,44,2.768332,0.605078,,,,,,,,,,,,,,,,,nan_exist
25,44,2.479822,0.53118,,,,,,,,,,,,,,,,,nan_exist
26,44,2.1754,0.453206,,,,,,,,,,,,,,,,,nan_exist
27,44,2.162693,0.449951,,,,,,,,,,,,,,,,,nan_exist
28,44,1.913594,0.386147,,,,,,,,,,,,,,,,,nan_exist
29,44,1.946477,0.39457,,,,,,,,,,,,,,,,,nan_exist
30,44,2.024663,0.414596,,,,,,,,,,,,,,,,,nan_exist
31,44,2.005298,0.409636,,,,,,,,,,,,,,,,,nan_exist
32,44,2.04064,0.418689,,,,,,,,,,,,,,,,,nan_exist
33,44,2.074862,0.427454,,,,,,,,,,,,,,,,,nan_exist
34,44,2.15464,0.447888,0.00287,0.2337991059734482,9.01926274414324,189.01926274414325,23.586594144673334,23.586594144673334,21.608344209851875,21.608344209851875,0.3654822761566109,0.3654822761566109,0.7235557699589563,0.16179088490985516,0.14465112057697188,284.7196307673635,41.185013640760815,0.6764850475738964,
35,44,2.267144,0.476705,0.003495,0.2847135454275963,5.020186594927044,185.02018659492705,24.719405092166394,24.719405092166394,30.914208534885834,30.914208534885834,0.4989191610287225,0.4989191610287225,0.8729990528559135,0.203793002758046,0.1923968634913065,309.07631750004236,59.465314066451356,0.6933638984266417,
36,44,2.285812,0.481486,,,,,,,,,,,,,,,,,nan_exist
37,44,2.179478,0.45425,0.003189,0.2597858358708453,178.97999908583176,358.97999908583176,22.49150220850273,22.49150220850273,33.36079157574357,33.36079157574357,0.5917359429283774,0.5917359429283774,0.9242768320404047,0.2397724265752595,0.20739470012409844,309.45071851352105,64.1784389692985,0.6813118876228405,
38,44,2.077961,0.428248,0.002254,0.1836178344474398,178.97999908583176,358.97999908583176,24.752192997905624,24.752192997905624,30.597083932613685,30.597083932613685,0.49314702898219065,0.49314702898219065,0.9003754224904303,0.21123212352395973,0.1998603908307045,294.7057145525808,58.89999929052084,0.6550158757279443,
39,44,2.02769,0.415372,,,,,,,,,,,,,,,,,nan_exist
40,44,2.030421,0.416071,,,,,,,,,,,,,,,,,nan_exist
41,44,1.945041,0.394202,0.002747,0.2237791442888718,181.0626837309819,1.0626837309818882,24.35585128818375,24.35585128818375,23.58151919112085,23.58151919112085,0.38625892932759176,0.38625892932759176,0.8718465019805176,0.1819484647658825,0.16854222647328618,267.9135825260221,45.15475170137026,0.6187745300684773,
42,44,1.837517,0.366661,,,,,,,,,,,,,,,,,nan_exist
43,44,1.90705,0.384471,0.001677,0.1366136239433702,9.01926274414324,189.01926274414325,4.380874504511161,4.380874504511161,3.662096849002393,3.662096849002393,0.33348713059173496,0.33348713059173496,0.09855981989286844,0.10097548680039865,0.0254192056718289,234.71982322226006,5.966391461741949,0.6354261993347725,
44,44,1.696512,0.330544,5.9e-05,0.0048063230844715,181.0626837309819,1.0626837309818882,48.24093284292442,48.24093284292442,29.78850498404152,29.78850498404152,0.24634461665112678,0.24634461665112678,0.6430605578937728,0.09294693159186945,0.266691153768905,218.21097587669595,58.194936921594746,0.44448899709750334,
45,44,1.367759,0.246338,0.0028,0.2280966887545835,343.02526777423793,163.02526777423793,8.677793754945036,8.677793754945036,3.9871037482806373,3.9871037482806373,0.1832982329903567,0.1832982329903567,0.24079854561496972,0.09651072659550702,0.03841551747281602,180.98864572711005,6.952772482311104,0.4834329812355526,
46,44,1.199582,0.203261,,,,,,,,,,,,,,,,,nan_exist
47,44,1.20172,0.203809,0.001151,0.0937640316987591,347.0243439234541,167.02434392345413,28.50690384392058,28.50690384392058,14.815875626065173,14.815875626065173,0.2073420263655523,0.2073420263655523,0.6918141466761154,0.16663360946777048,0.1828962540976664,156.09844274130694,28.549820447864107,0.35430172859289677,
48,44,1.100756,0.177948,0.002254,0.1836178344474398,174.98092293661554,354.98092293661557,21.080154200767787,21.080154200767787,12.644141439707145,12.644141439707145,0.23929059396972052,0.23929059396972052,0.8171414293193102,0.20297252218133235,0.16457703094725523,146.697618705401,24.143058533567427,0.3404293338106488,
49,44,1.131239,0.185756,0.002029,0.1652886362439464,176.98046101122364,356.9804610112236,20.520328786081347,20.520328786081347,11.850291824353775,11.850291824353775,0.23038531658599948,0.23038531658599948,0.8235526007139405,0.18420002046112782,0.1452182991007841,155.0047936262015,22.50953248286504,0.3680423920648235,
50,44,1.14293,0.188751,,,,,,,,,,,,,,,,,nan_exist
51,44,1.186034,0.199791,0.002282,0.1858988013349856,174.98092293661554,354.98092293661557,28.197932413200665,28.197932413200665,10.42081099631192,10.42081099631192,0.1474328699559118,0.1474328699559118,0.7207547990220223,0.11201774395090729,0.11937980556907121,165.37777146502208,19.74276620294063,0.40454168128355955,
52,44,1.189052,0.200564,0.002446,0.199258750247754,176.98046101122364,356.9804610112236,24.781694728780376,24.781694728780376,11.170203394826709,11.170203394826709,0.17982089052629155,0.17982089052629155,0.7596426347166586,0.14315354291709065,0.13372901257126166,158.68147652749934,21.220317169372322,0.3818365537725751,
53,44,1.118415,0.182471,0.001826,0.1487516263092391,176.98046101122364,356.9804610112236,19.780412687580068,19.780412687580068,12.627391963426351,12.627391963426351,0.2546762105006583,0.2546762105006583,0.8234454977868548,0.2114394839090572,0.1622694819707365,148.2851418665193,24.062153154637258,0.34506385753300567,
54,44,1.2019,0.203855,0.002745,0.2236162180826185,176.98046101122364,356.9804610112236,16.592456911703287,16.592456911703287,16.16437061195799,16.16437061195799,0.3886495476531837,0.3886495476531837,0.9075199788752336,0.29750696348514793,0.1999001316051682,154.47386645295973,30.879346233505828,0.34331811172070525,
55,44,1.25461,0.217356,0.003913,0.3187651225345305,176.98046101122364,356.9804610112236,15.74795354431373,15.74795354431373,17.384885399859304,17.384885399859304,0.4404106099513951,0.4404106099513951,0.9112282371634028,0.32605764413658583,0.2109891109001376,157.43492589941695,33.21705504014703,0.3450496412757498,
56,44,1.265967,0.220265,0.004096,0.3336728704067051,174.98092293661554,354.98092293661557,15.609861665040727,15.609861665040727,17.812516943715394,17.812516943715394,0.4552356889318043,0.4552356889318043,0.9270800502918455,0.3326429242324442,0.2140693028695343,159.14377613155304,34.06779721250679,0.3474332747751285,
57,44,1.379502,0.249346,0.004738,0.3859721826140061,174.98092293661554,354.98092293661557,16.677481031634183,16.677481031634183,18.57764141346536,18.57764141346536,0.4443960461360958,0.4443960461360958,0.8872635261366107,0.30875323604328553,0.20863933338671328,170.43072330438824,35.55855249884294,0.3746449189042925,
58,44,1.367893,0.246372,0.004838,0.3941184929266698,174.98092293661554,354.98092293661557,16.245850021312464,16.245850021312464,17.869528654839748,17.869528654839748,0.4388142511415717,0.4388142511415717,0.8521320400741623,0.30607993290596514,0.20259271077875138,168.60166245432123,34.157467838424964,0.37345609615526737,
0,45,0.414932,0.002282,,,,,,,,,,,,,,,,,nan_exist
1,45,0.41487,0.002267,,,,,,,,,,,,,,,,,nan_exist
2,45,0.419105,0.003352,,,,,,,,,,,,,,,,,nan_exist
3,45,0.447271,0.010566,,,,,,,,,,,,,,,,,nan_exist
4,45,0.46109,0.014105,,,,,,,,,,,,,,,,,nan_exist
5,45,0.450716,0.011448,,,,,,,,,,,,,,,,,nan_exist
6,45,0.461682,0.014257,,,,,,,,,,,,,,,,,nan_exist
7,45,0.658479,0.064664,0.000795,0.0647631669856764,343.02526777423793,163.02526777423793,52.52723341766845,52.52723341766845,18.404248762464352,18.404248762464352,0.13977954848661583,0.13977954848661583,0.6680369980317542,0.09552040353579344,0.35881395985581066,100.83268580558897,36.18017527680017,0.17959030702441334,
8,45,1.783503,0.352826,0.00085,0.0692436376576414,181.0626837309819,1.0626837309818882,21.56302090239031,21.56302090239031,34.141859515586496,34.141859515586496,0.6316661915763182,0.6316661915763182,0.8898657552294276,0.3402955468430894,0.285751635188334,231.3395984381953,66.10566853752687,0.4589831386129679,
9,45,2.445051,0.522274,,,,,,,,,,,,,,,,,nan_exist
10,45,2.639667,0.572122,,,,,,,,,,,,,,,,,nan_exist
11,45,2.978053,0.658796,,,,,,,,,,,,,,,,,nan_exist
12,45,3.055936,0.678745,,,,,,,,,,,,,,,,,nan_exist
13,45,3.116817,0.694339,0.004774,0.388904854326565,15.017876967967549,195.01787696796754,6.765566943236642,6.765566943236642,8.017602873857976,8.017602873857976,0.4727705454230259,0.4727705454230259,0.4779642432981641,0.0968605926029586,0.032610034013214634,419.9468305690241,13.694480428597558,1.1284787503900737,
14,45,3.286108,0.7377,0.005972,0.4864976518722761,209.05621677549527,29.056216775495272,30.015574094286713,30.015574094286713,22.20052047351202,22.20052047351202,0.29507102666036983,0.29507102666036983,0.6070248597855845,0.08496192836518399,0.09684550530037123,432.2668160197713,41.863098222017356,1.0844547716604276,
15,45,3.399982,0.766868,0.006882,0.5606290757175159,19.016953117183746,199.01695311718373,8.50623195990818,8.50623195990818,9.39097012270212,9.39097012270212,0.4404365003905851,0.4404365003905851,0.05321205544186036,0.09967604743605415,0.03944124287183803,417.79311293340663,16.478279637387743,1.1147634258222747,
16,45,3.319065,0.746142,,,,,,,,,,,,,,,,,nan_exist
17,45,3.239672,0.725807,,,,,,,,,,,,,,,,,nan_exist
18,45,3.150535,0.702975,,,,,,,,,,,,,,,,,nan_exist
19,45,3.073702,0.683295,,,,,,,,,,,,,,,,,nan_exist
20,45,2.885876,0.635186,0.004454,0.3628366613260411,11.018800818751352,191.01880081875134,5.300359708007514,5.300359708007514,7.347565740985067,7.347565740985067,0.5530293779268669,0.5530293779268669,0.36957956900355804,0.11871550785996283,0.03502087354713457,360.5581299295716,12.627060674654842,0.9664751923747688,
21,45,2.784568,0.609237,,,,,,,,,,,,,,,,,nan_exist
22,45,2.900586,0.638954,,,,,,,,,,,,,,,,,nan_exist
23,45,2.841961,0.623938,0.004165,0.3392938245224431,13.018338893359438,193.01833889335944,7.100129707953269,7.100129707953269,13.231137516140377,13.231137516140377,0.7434315132414102,0.7434315132414102,0.6050516681067742,0.18290024630621646,0.06820218596024814,356.75547311979653,24.331503120052673,0.9233999166659551,
24,45,2.592567,0.560058,,,,,,,,,,,,,,,,,nan_exist
25,45,2.397774,0.510164,,,,,,,,,,,,,,,,,nan_exist
26,45,2.224294,0.465729,,,,,,,,,,,,,,,,,nan_exist
27,45,2.065631,0.42509,0.002223,0.181092478250514,17.01741504257566,197.01741504257566,8.547068889859858,8.547068889859858,8.422119397117857,8.422119397117857,0.3931101482153174,0.3931101482153174,0.6271258213971507,0.1362692585582376,0.05599493634943335,273.24991059986877,15.300611351528005,0.716525831245391,
28,45,1.919144,0.387569,,,,,,,,,,,,,,,,,nan_exist
29,45,1.929238,0.390154,,,,,,,,,,,,,,,,,nan_exist
30,45,1.997831,0.407724,,,,,,,,,,,,,,,,,nan_exist
31,45,2.090994,0.431586,,,,,,,,,,,,,,,,,nan_exist
32,45,2.25494,0.473579,,,,,,,,,,,,,,,,,nan_exist
33,45,2.215455,0.463465,,,,,,,,,,,,,,,,,nan_exist
34,45,2.206382,0.461142,,,,,,,,,,,,,,,,,nan_exist
35,45,2.166041,0.450808,,,,,,,,,,,,,,,,,nan_exist
36,45,2.220821,0.46484,0.00266,0.2166918543168544,181.0626837309819,1.0626837309818882,25.356678753245884,25.356678753245884,32.540935416286345,32.540935416286345,0.511973792297511,0.511973792297511,0.8958798886332274,0.20839375435090512,0.20205095053381095,310.24237555494557,62.684766876744305,0.6876600241061146,
37,45,2.138274,0.443696,,,,,,,,,,,,,,,,,nan_exist
38,45,1.940599,0.393064,,,,,,,,,,,,,,,,,nan_exist
39,45,1.936443,0.392,,,,,,,,,,,,,,,,,nan_exist
40,45,1.967382,0.399924,0.002232,0.1818256461786538,181.0626837309819,1.0626837309818882,24.397681479871046,24.397681479871046,27.930798097015035,27.930798097015035,0.45671455689133256,0.45671455689133256,0.8757590330980881,0.20684744979028669,0.19275239229762803,278.5998019034762,53.7007783105403,0.6247195099803775,
41,45,1.852361,0.370463,0.002063,0.1680583817502521,181.0626837309819,1.0626837309818882,26.554920897932146,26.554920897932146,22.35909750916345,22.35909750916345,0.33590720839685384,0.33590720839685384,0.8435257987983973,0.16408026375920728,0.16584094686013898,258.3823610179433,42.850375403173985,0.5986999600410259,
42,45,1.828898,0.364453,0.00137,0.1116044512834926,178.97999908583176,358.97999908583176,33.38849438819143,33.38849438819143,20.522482236698043,20.522482236698043,0.2452127900053446,0.2452127900053446,0.7661989724214585,0.11983683547903645,0.16018829267032622,246.0078798209926,39.407582251971604,0.5738897154695027,
43,45,1.872932,0.375732,0.001233,0.1004440061551434,7.019724669535155,187.01972466953515,3.1768027283092892,3.1768027283092892,2.51490093153871,2.51490093153871,0.31582077907169953,0.31582077907169953,-0.05412074350385265,0.08490466084828989,0.016305737981984474,228.02857738027433,3.7181742351674245,0.6230844531808525,
44,45,1.67232,0.324348,0.00132,0.1075312961271608,343.02526777423793,163.02526777423793,7.080503289225023,7.080503289225023,4.1019530889079885,4.1019530889079885,0.23111951969275427,0.23111951969275427,0.21276660402930292,0.095720851623842,0.033241565789019316,211.7735295332755,7.0396837143532025,0.5687051272747842,
45,45,1.406262,0.2562,0.002826,0.2302147294358761,178.97999908583176,358.97999908583176,41.95240052434069,41.95240052434069,17.469531486977388,17.469531486977388,0.16612481388081235,0.16612481388081235,0.6554778582909166,0.08922338233551154,0.17906216644927367,188.4689003046965,33.74764959687113,0.42978125196618155,
46,45,1.221809,0.208955,0.000416,0.0338886509006809,343.02526777423793,163.02526777423793,34.24353322403843,34.24353322403843,11.843790761643563,11.843790761643563,0.13798193265088182,0.13798193265088182,0.6983850913466193,0.09613683624760552,0.13255143573153064,170.66181638230591,22.621468786025503,0.4112231877674456,
47,45,1.19677,0.202541,7.1e-05,0.0057838803219912,345.0248058488461,165.02480584884609,27.938642198470518,27.938642198470518,13.140057284464536,13.140057284464536,0.18762989197652263,0.18762989197652263,0.6485638601521035,0.1524894295762301,0.16304684220706625,154.77704574310462,25.235908554551855,0.35983649219042435,
48,45,1.105465,0.179154,,,,,,,,,,,,,,,,,nan_exist
49,45,1.103226,0.178581,0.000985,0.0802411565797374,174.98092293661554,354.98092293661557,20.482280072509013,20.482280072509013,11.853327855803593,11.853327855803593,0.2308724237926529,0.2308724237926529,0.8293466060897786,0.18861518060207202,0.1486404071762959,151.6554442334916,22.542126981368227,0.35864810347812054,
50,45,1.110824,0.180527,0.001463,0.1191805198742699,174.98092293661554,354.98092293661557,24.962638685730532,24.962638685730532,9.613040814203153,9.613040814203153,0.15363153199835766,0.15363153199835766,0.7443747532359413,0.1243772192630441,0.11633343041259414,156.0958715094029,18.15916820593236,0.3831575091763071,
51,45,1.137525,0.187366,,,,,,,,,,,,,,,,,nan_exist
52,45,1.173016,0.196457,0.001085,0.0883874668924011,176.98046101122364,356.9804610112236,24.10321098719084,24.10321098719084,10.896596219026227,10.896596219026227,0.18035410081014255,0.18035410081014255,0.7629254365842393,0.1455961495551485,0.13231057377144603,156.31676279672826,20.682360575730144,0.37676222839166146,
53,45,1.165648,0.19457,0.001497,0.1219502653805755,176.98046101122364,356.9804610112236,19.878774587483086,19.878774587483086,14.199409778666078,14.199409778666078,0.2849644927822827,0.2849644927822827,0.8510711757835532,0.22893051580438042,0.17694764173865388,153.35193038655203,27.135262437970596,0.3506018554127262,
54,45,1.179969,0.198238,0.001952,0.1590159773031954,176.98046101122364,356.9804610112236,18.132640032013708,18.132640032013708,15.989477063101925,15.989477063101925,0.3517898348347614,0.3517898348347614,0.8885148032100416,0.28192862734425805,0.20305498744206688,150.79094830554675,30.61885411456015,0.33381137275274053,
55,45,1.210875,0.206154,0.00329,0.2680136092866357,176.98046101122364,356.9804610112236,16.307226844851268,16.307226844851268,17.356249487521925,17.356249487521925,0.4246057171857136,0.4246057171857136,0.9116915981862271,0.32832170045252135,0.2182973086349542,152.17246495999683,33.21883954911418,0.3304267372524518,
56,45,1.265069,0.220035,0.004194,0.3416562545131155,174.98092293661554,354.98092293661557,16.0499866139058,16.0499866139058,18.384174327189072,18.384174327189072,0.4569614047548095,0.4569614047548095,0.9223647854685539,0.33599705073771924,0.22094432886588972,159.3634546619554,35.21045153603538,0.34486945312755557,
57,45,1.414421,0.25829,0.005927,0.4828318122315775,174.98092293661554,354.98092293661557,16.95360799477775,16.95360799477775,20.0805716907544,20.0805716907544,0.47252414144184834,0.47252414144184834,0.8736997601662071,0.3254152824697067,0.22310398914482898,172.62627437554232,38.513610444393265,0.37253517758652516,
58,45,1.365523,0.245765,0.005046,0.4110628183770103,172.98138486200742,352.9813848620074,16.294696312534874,16.294696312534874,18.805320876173965,18.805320876173965,0.460409783043967,0.460409783043967,0.8673067429892549,0.32099686476430694,0.21344145065032283,168.83172655251354,36.03568863116712,0.3688778831148512,
0,46,0.414005,0.002045,,,,,,,,,,,,,,,,,nan_exist
1,46,0.42097,0.003829,,,,,,,,,,,,,,,,,nan_exist
2,46,0.419786,0.003526,,,,,,,,,,,,,,,,,nan_exist
3,46,0.429261,0.005953,,,,,,,,,,,,,,,,,nan_exist
4,46,0.448986,0.011005,,,,,,,,,,,,,,,,,nan_exist
5,46,0.467177,0.015665,,,,,,,,,,,,,,,,,nan_exist
6,46,0.473164,0.017198,,,,,,,,,,,,,,,,,nan_exist
7,46,0.72366,0.08136,,,,,,,,,,,,,,,,,nan_exist
8,46,1.84017,0.367341,,,,,,,,,,,,,,,,,nan_exist
9,46,2.381549,0.506008,,,,,,,,,,,,,,,,,nan_exist
10,46,2.784102,0.609118,,,,,,,,,,,,,,,,,nan_exist
11,46,3.141366,0.700627,,,,,,,,,,,,,,,,,nan_exist
12,46,3.217556,0.720142,,,,,,,,,,,,,,,,,nan_exist
13,46,3.242651,0.72657,,,,,,,,,,,,,,,,,nan_exist
14,46,3.407167,0.768709,0.004068,0.3313919035191592,211.05575485010337,31.05575485010337,20.976627900450264,20.976627900450264,21.76357239269688,21.76357239269688,0.41390871980132665,0.41390871980132665,0.7480763232702223,0.11601205822014021,0.09220705653185009,444.7313311883313,41.00736699636741,1.1214554560887886,
15,46,3.461908,0.78273,,,,,,,,,,,,,,,,,nan_exist
16,46,3.410576,0.769582,,,,,,,,,,,,,,,,,nan_exist
17,46,3.289557,0.738584,,,,,,,,,,,,,,,,,nan_exist
18,46,3.084205,0.685986,0.004632,0.3773370936825825,209.05621677549527,29.056216775495272,15.103813324272632,15.103813324272632,10.536365023946395,10.536365023946395,0.27830067808372483,0.27830067808372483,0.5104630911407733,0.0802713179461637,0.04700070908868655,401.2807348901989,18.86047908346859,1.0622784883520286,
19,46,2.939308,0.648872,,,,,,,,,,,,,,,,,nan_exist
20,46,2.933023,0.647262,,,,,,,,,,,,,,,,,nan_exist
21,46,2.821986,0.618821,,,,,,,,,,,,,,,,,nan_exist
22,46,2.812688,0.61644,,,,,,,,,,,,,,,,,nan_exist
23,46,2.737633,0.597215,,,,,,,,,,,,,,,,,nan_exist
24,46,2.557566,0.551093,0.002521,0.2053684829822518,15.017876967967549,195.01787696796754,8.524624514527458,8.524624514527458,14.617107144811296,14.617107144811296,0.6840632156038537,0.6840632156038537,0.7001430562337033,0.19321810173814152,0.0813134223043333,334.8823139812848,27.230427019012552,0.8545885748952007,
25,46,2.251033,0.472578,,,,,,,,,,,,,,,,,nan_exist
26,46,2.018208,0.412943,,,,,,,,,,,,,,,,,nan_exist
27,46,1.89829,0.382227,,,,,,,,,,,,,,,,,nan_exist
28,46,2.005517,0.409692,,,,,,,,,,,,,,,,,nan_exist
29,46,2.191567,0.457347,0.001714,0.1396277587590558,15.017876967967549,195.01787696796754,7.36268493339883,7.36268493339883,6.40607536784394,6.40607536784394,0.34710901509286013,0.34710901509286013,0.46269969560754587,0.10545550767521163,0.03801983356035792,293.39742719141344,11.15492134885477,0.7840069606737741,
30,46,2.134275,0.442672,,,,,,,,,,,,,,,,,nan_exist
31,46,2.216849,0.463823,0.00201,0.1637408372845403,17.01741504257566,197.01741504257566,9.154981519386604,9.154981519386604,11.509319023850386,11.509319023850386,0.5015361273552964,0.5015361273552964,0.6732000054233517,0.1730898137353481,0.07586074039388567,281.9627738465885,21.389904787515945,0.7238135251640905,
32,46,2.426465,0.517513,0.001976,0.1609710917782347,15.017876967967549,195.01787696796754,8.064588827685132,8.064588827685132,13.534866276082443,13.534866276082443,0.6695481359907959,0.6695481359907959,0.6775190337644503,0.20897314640480552,0.08543255662592937,296.40090985457056,25.322287515127584,0.7529961731651194,
33,46,2.393431,0.509052,0.00398,0.3242231504440152,11.018800818751352,191.01880081875134,5.604400528904711,5.604400528904711,10.320222929675964,10.320222929675964,0.7346322320436863,0.7346322320436863,0.46530365572531496,0.20619603064088826,0.06708129259183898,282.5392928008075,18.953100969062234,0.7321838661992924,
34,46,2.271419,0.4778,,,,,,,,,,,,,,,,,nan_exist
35,46,2.109461,0.436316,0.002411,0.1964075416383218,5.020186594927044,185.02018659492705,26.069493928275087,26.069493928275087,25.734892052089197,25.734892052089197,0.39382185743198583,0.39382185743198583,0.8768589421523371,0.16584563910687672,0.16439459116286037,299.9198433462842,49.30520002854152,0.6961517869937297,
36,46,2.149082,0.446465,0.003113,0.2535946400332209,5.020186594927044,185.02018659492705,25.584647536517252,25.584647536517252,30.273908971378066,30.273908971378066,0.47206209366255864,0.47206209366255864,0.901806937087684,0.19563280071068692,0.19113637965247582,304.77275272801955,58.25316057315288,0.6847766448746296,
37,46,2.177077,0.453635,,,,,,,,,,,,,,,,,nan_exist
38,46,2.016937,0.412617,,,,,,,,,,,,,,,,,nan_exist
39,46,1.955366,0.396847,,,,,,,,,,,,,,,,,nan_exist
40,46,1.920968,0.388036,0.002317,0.1887500099444179,181.0626837309819,1.0626837309818882,23.280172074811713,23.280172074811713,25.863590912729304,25.863590912729304,0.4432132161625121,0.4432132161625121,0.8409771084575564,0.20696774675045848,0.18415363588044034,269.45753029666275,49.621583919494356,0.6106554066032456,
41,46,1.855902,0.37137,,,,,,,,,,,,,,,,,nan_exist
42,46,1.857208,0.371705,,,,,,,,,,,,,,,,,nan_exist
43,46,1.911839,0.385698,,,,,,,,,,,,,,,,,nan_exist
44,46,1.724503,0.337714,0.000601,0.0489593249791088,343.02526777423793,163.02526777423793,7.119892730981501,7.119892730981501,3.8848942555785047,3.8848942555785047,0.21767864095689307,0.21767864095689307,0.2350205047647137,0.08608210685921308,0.02944203830476571,222.3047251928221,6.545104234457483,0.5993322804399017,
45,46,1.464658,0.271158,0.000901,0.0733982559170999,341.0257296996299,161.0257296996299,37.51177418749894,37.51177418749894,13.74523685553302,13.74523685553302,0.14618226555734584,0.14618226555734584,0.5816248823007678,0.08480552129161353,0.13565247746092962,193.89636607630138,26.302522428921634,0.4655384545760548,
46,46,1.240964,0.213861,,,,,,,,,,,,,,,,,nan_exist
47,46,1.186687,0.199959,,,,,,,,,,,,,,,,,nan_exist
48,46,1.091917,0.175684,0.000835,0.0680216911107419,172.98138486200742,352.9813848620074,22.691497401811695,22.691497401811695,12.58082689145561,12.58082689145561,0.22118521667116817,0.22118521667116817,0.7867286488109853,0.1922406019402893,0.1665884862823053,144.4975939089289,24.071635440723725,0.33451655130056995,
49,46,1.057517,0.166873,0.002597,0.2115596788198762,174.98092293661554,354.98092293661557,20.43939982062738,20.43939982062738,11.296378477926911,11.296378477926911,0.22048607247820348,0.22048607247820348,0.8293644705463222,0.18556129655273776,0.145867089020022,147.17063338709673,21.46735188140866,0.3491757819602446,
50,46,1.095489,0.176599,0.002184,0.1779154172285752,174.98092293661554,354.98092293661557,24.549595172794366,24.549595172794366,9.173431327549451,9.173431327549451,0.14907250352438123,0.14907250352438123,0.7373750543277631,0.12288709513771572,0.11289775508028713,153.23765912764844,17.30018770926978,0.37760408727327405,
51,46,1.109786,0.180261,0.000864,0.0703841211014143,176.98046101122364,356.9804610112236,26.830384603442504,26.830384603442504,9.66474482646439,9.66474482646439,0.1437055561280678,0.1437055561280678,0.7135818321080312,0.11740312089208786,0.11838625693008681,154.47524562261063,18.28774611761665,0.37829860973609436,
52,46,1.166302,0.194737,0.00099,0.0806484720953706,176.98046101122364,356.9804610112236,24.652701784460646,24.652701784460646,11.739629385049188,11.739629385049188,0.1899765209868926,0.1899765209868926,0.7740535323259823,0.15439407137399982,0.14391112181269344,155.39900317650796,22.363644875705575,0.3695426619466733,
53,46,1.188372,0.20039,0.003648,0.2971774002059718,174.98092293661554,354.98092293661557,21.457121090448375,21.457121090448375,14.46895286653665,14.46895286653665,0.26901451631209294,0.26901451631209294,0.8620904059519386,0.21307506776429544,0.1758618950072687,157.47750594664035,27.6942926167946,0.3605089259162382,
54,46,1.165401,0.194506,0.003511,0.2860169550776225,174.98092293661554,354.98092293661557,17.94401880256009,17.94401880256009,16.398850703807568,16.398850703807568,0.3645891685538275,0.3645891685538275,0.9061826201926387,0.29407469421963756,0.2103601210505172,149.46883693924627,31.442282631819864,0.32785153974285114,
55,46,1.209332,0.205759,0.0032,0.2606819300052384,176.98046101122364,356.9804610112236,15.545607546235274,15.545607546235274,17.180653471231345,17.180653471231345,0.44090197531454467,0.44090197531454467,0.9205905185317416,0.33777703646924084,0.21665637794031622,151.56980203235753,32.83856431346136,0.32980899366360045,
56,46,1.265027,0.220024,0.005447,0.4437295227307917,174.98092293661554,354.98092293661557,16.476102988149428,16.476102988149428,18.473696522548376,18.473696522548376,0.44731078844617295,0.44731078844617295,0.9148406011107819,0.3321396646402818,0.2228065261072082,158.92341945085138,35.409175004922915,0.3430951234609124,
57,46,1.392337,0.252633,0.005853,0.4768035426002063,172.98138486200742,352.9813848620074,16.64169031872176,16.64169031872176,20.56960354375325,20.56960354375325,0.49310402894990407,0.49310402894990407,0.8841533062420769,0.3420467228988282,0.23161120810014063,170.5911338553697,39.510818603414975,0.36411198681098533,
58,46,1.38679,0.251213,0.006674,0.5436847502671753,172.98138486200742,352.9813848620074,15.648791862989636,15.648791862989636,19.546279611309892,19.546279611309892,0.4983028357570764,0.4983028357570764,0.8812441928381783,0.34008511024938026,0.21961307481774173,170.54642062890932,37.454223833474714,0.369700546653985,
0,47,0.414279,0.002115,,,,,,,,,,,,,,,,,nan_exist
1,47,0.425738,0.00505,,,,,,,,,,,,,,,,,nan_exist
2,47,0.43072,0.006326,,,,,,,,,,,,,,,,,nan_exist
3,47,0.44137,0.009054,,,,,,,,,,,,,,,,,nan_exist
4,47,0.444484,0.009852,,,,,,,,,,,,,,,,,nan_exist
5,47,0.450612,0.011421,,,,,,,,,,,,,,,,,nan_exist
6,47,0.482975,0.019711,,,,,,,,,,,,,,,,,nan_exist
7,47,0.837277,0.110461,,,,,,,,,,,,,,,,,nan_exist
8,47,1.91824,0.387337,,,,,,,,,,,,,,,,,nan_exist
9,47,2.508653,0.538565,1.8e-05,0.0014663358562794,185.06175988019808,5.061759880198082,21.175951655853275,21.175951655853275,37.221123038377506,37.221123038377506,0.7012237251650587,0.7012237251650587,0.8559184327958703,0.25738922491180816,0.21117537039318787,339.0320348053559,71.5952155251772,0.742880053556052,
10,47,2.987973,0.661337,,,,,,,,,,,,,,,,,nan_exist
11,47,3.159309,0.705223,,,,,,,,,,,,,,,,,nan_exist
12,47,3.26999,0.733572,,,,,,,,,,,,,,,,,nan_exist
13,47,3.177847,0.709971,0.003819,0.3111075908406266,15.017876967967549,195.01787696796754,6.1700408067879415,6.1700408067879415,5.768412636782018,5.768412636782018,0.37297382038098276,0.37297382038098276,0.5284643550073052,0.07153816856608836,0.021218205026220648,431.2789136462643,9.150964413232145,1.1725776367584226,
14,47,3.292844,0.739426,,,,,,,,,,,,,,,,,nan_exist
15,47,3.48935,0.789759,,,,,,,,,,,,,,,,,nan_exist
16,47,3.433363,0.775418,,,,,,,,,,,,,,,,,nan_exist
17,47,3.267336,0.732892,,,,,,,,,,,,,,,,,nan_exist
18,47,3.116608,0.694285,,,,,,,,,,,,,,,,,nan_exist
19,47,2.998556,0.664047,,,,,,,,,,,,,,,,,nan_exist
20,47,2.964685,0.655372,,,,,,,,,,,,,,,,,nan_exist
21,47,2.895662,0.637692,,,,,,,,,,,,,,,,,nan_exist
22,47,2.763439,0.603825,,,,,,,,,,,,,,,,,nan_exist
23,47,2.592836,0.560127,,,,,,,,,,,,,,,,,nan_exist
24,47,2.44643,0.522627,,,,,,,,,,,,,,,,,nan_exist
25,47,1.994808,0.406949,0.002282,0.1858988013349856,17.01741504257566,197.01741504257566,9.78845886087025,9.78845886087025,11.142731403790192,11.142731403790192,0.4541375449713545,0.4541375449713545,0.7238212504665515,0.16780839413719217,0.07659685177282642,270.2010183296952,20.69654734986642,0.6930679749439689,
26,47,1.879528,0.377422,0.003162,0.2575863320864262,15.017876967967549,195.01787696796754,7.340067262973166,7.340067262973166,7.66830858622399,7.66830858622399,0.41678262672635524,0.41678262672635524,0.6989527463912696,0.14444548383965586,0.05403958816817213,256.86344875776877,13.880794986326208,0.6749518160317849,
27,47,1.884706,0.378748,,,,,,,,,,,,,,,,,nan_exist
28,47,2.11818,0.438549,0.001487,0.1211356343493092,17.01741504257566,197.01741504257566,8.369542950748851,8.369542950748851,7.280536949731058,7.280536949731058,0.34703376640330436,0.34703376640330436,0.5986423182709656,0.11394182851547488,0.04527951351994991,286.0872976561176,12.953893662106111,0.7587038999833652,
29,47,2.292509,0.483202,,,,,,,,,,,,,,,,,nan_exist
30,47,2.277026,0.479236,0.002797,0.2278522994452037,17.01741504257566,197.01741504257566,8.684500690005631,8.684500690005631,9.701704370002398,9.701704370002398,0.4456698437025275,0.4456698437025275,0.6373810468984131,0.14402652977953015,0.06011025595362895,294.9579947755403,17.73000056152688,0.770077761705593,
31,47,2.470531,0.5288,,,,,,,,,,,,,,,,,nan_exist
32,47,2.418588,0.515496,0.002598,0.2116411419230029,13.018338893359438,193.01833889335944,6.793339647784578,6.793339647784578,11.002930518896571,11.002930518896571,0.6461526171061707,0.6461526171061707,0.5717261618096369,0.18698490782397437,0.06801838268809936,297.7400623354332,20.251797501510055,0.7708007356497866,
33,47,2.276138,0.479009,,,,,,,,,,,,,,,,,nan_exist
34,47,2.083969,0.429787,,,,,,,,,,,,,,,,,nan_exist
35,47,1.875388,0.376361,,,,,,,,,,,,,,,,,nan_exist
36,47,2.009827,0.410796,,,,,,,,,,,,,,,,,nan_exist
37,47,1.927746,0.389772,,,,,,,,,,,,,,,,,nan_exist
38,47,1.798688,0.356715,0.001463,0.1191805198742699,181.0626837309819,1.0626837309818882,25.077298886145154,25.077298886145154,26.0201150034198,26.0201150034198,0.4139410732751173,0.4139410732751173,0.8997096175665841,0.19863230632736495,0.19010913296280255,263.1649490274856,50.03006028581541,0.5920413576157505,
39,47,1.655825,0.320123,,,,,,,,,,,,,,,,,nan_exist
40,47,1.586183,0.302285,,,,,,,,,,,,,,,,,nan_exist
41,47,1.566457,0.297232,,,,,,,,,,,,,,,,,nan_exist
42,47,1.674853,0.324996,,,,,,,,,,,,,,,,,nan_exist
43,47,1.902163,0.383219,0.002125,0.1731090941441036,178.97999908583176,358.97999908583176,35.13232926109058,35.13232926109058,19.84544822469438,19.84544822469438,0.2253533579146006,0.2253533579146006,0.7039503197974344,0.1076572378160232,0.15513659968399054,245.51622006018945,38.08855154740414,0.5761879680910703,
44,47,1.768309,0.348934,,,,,,,,,,,,,,,,,nan_exist
45,47,1.594063,0.304303,,,,,,,,,,,,,,,,,nan_exist
46,47,1.284093,0.224908,0.000197,0.0160482313159474,341.0257296996299,161.0257296996299,36.75870062842149,36.75870062842149,13.20825052990959,13.20825052990959,0.14334917982496276,0.14334917982496276,0.6548790464553931,0.09244912685615153,0.14311238786519473,176.94884394051104,25.323571586312227,0.4211813120949967,
47,47,1.177518,0.19761,0.000899,0.0732353297108466,172.98138486200742,352.9813848620074,2.3300337172213834,2.3300337172213834,2.2122413315374683,2.2122413315374683,0.3787741761326646,0.3787741761326646,-0.02153777444185967,0.13883592573190143,0.025101596480960595,144.53528174502244,3.6280663196255034,0.39140893173721375,
48,47,1.131601,0.185849,0.000984,0.0801596934766108,174.98092293661554,354.98092293661557,21.042679463916166,21.042679463916166,12.85657765362874,12.85657765362874,0.2437442634666359,0.2437442634666359,0.8004938811370107,0.20301964790791657,0.16435319690220535,149.35409448601737,24.546822899210994,0.3466868655189066,
49,47,1.052754,0.165653,7e-05,0.0057024172188645,176.98046101122364,356.9804610112236,19.476906206620313,19.476906206620313,10.340283342289174,10.340283342289174,0.21179833043338372,0.21179833043338372,0.7840291486659189,0.17825190455283368,0.1340597181483001,145.91195599758237,19.560915695503056,0.3509751119502203,
50,47,1.092067,0.175723,0.001028,0.0837440700141828,174.98092293661554,354.98092293661557,24.739684970493244,24.739684970493244,9.046585631819969,9.046585631819969,0.14588162727656345,0.14588162727656345,0.7140781290821594,0.12103676766516469,0.11200244152142136,152.28746709847314,17.056568128142118,0.3756413860286973,
51,47,1.130198,0.18549,,,,,,,,,,,,,,,,,nan_exist
52,47,1.197457,0.202717,0.002499,0.2035762947134658,176.98046101122364,356.9804610112236,24.816798205750978,24.816798205750978,11.393885644290933,11.393885644290933,0.18316233560351913,0.18316233560351913,0.7375296530540127,0.1439186381431189,0.13467144599973155,160.7750988842419,21.651815047490686,0.3864535662131979,
53,47,1.221013,0.208751,0.002363,0.1924973126882432,176.98046101122364,356.9804610112236,22.65857705081088,22.65857705081088,14.73192087911583,14.73192087911583,0.25938019395607287,0.25938019395607287,0.8251048432986916,0.20293669635469652,0.1758512301837222,160.4528579313731,28.215832453725966,0.36732507077124205,
54,47,1.20272,0.204065,0.002785,0.226874742207684,176.98046101122364,356.9804610112236,17.068244196902835,17.068244196902835,16.142814185298505,16.142814185298505,0.3773118681034678,0.3773118681034678,0.8985056467955389,0.2930175437485322,0.20123277628548042,153.37345164817972,30.8637654836501,0.34030468379036005,
55,47,1.301436,0.22935,0.004267,0.3476030610413601,174.98092293661554,354.98092293661557,16.39633986239493,16.39633986239493,18.08563317710558,18.08563317710558,0.44004477845242906,0.44004477845242906,0.9168392065728022,0.3178094496401334,0.21211293983168597,163.21061983540872,34.619084385040225,0.35719870958435695,
56,47,1.38267,0.250157,0.004124,0.335953837294251,174.98092293661554,354.98092293661557,15.773332097207291,15.773332097207291,17.8730951463485,17.8730951463485,0.45204990876838846,0.45204990876838846,0.8968631594267813,0.30805205242051026,0.19935235424692757,171.19163603802093,34.12745567156264,0.380733834351273,
57,47,1.487845,0.277097,0.005558,0.4527719271778484,172.98138486200742,352.9813848620074,15.449475249466397,15.449475249466397,19.880662921119647,19.880662921119647,0.5133661094358279,0.5133661094358279,0.897594292400405,0.32810444390787796,0.20960517970009643,181.48767367345016,38.04075645367598,0.39846365894381713,
58,47,1.497611,0.279598,0.005629,0.4585558074998397,174.98092293661554,354.98092293661557,14.10780895980679,14.10780895980679,17.96960032238724,17.96960032238724,0.5081464705780695,0.5081464705780695,0.885615297892538,0.3145466099264685,0.18734003234640198,182.36768815477217,34.164768597853566,0.4116747765469961,
0,48,0.420647,0.003746,,,,,,,,,,,,,,,,,nan_exist
1,48,0.470995,0.016642,,,,,,,,,,,,,,,,,nan_exist
2,48,0.490034,0.021519,,,,,,,,,,,,,,,,,nan_exist
3,48,0.448572,0.010899,,,,,,,,,,,,,,,,,nan_exist
4,48,0.43596,0.007669,,,,,,,,,,,,,,,,,nan_exist
5,48,0.449378,0.011105,,,,,,,,,,,,,,,,,nan_exist
6,48,0.463593,0.014747,,,,,,,,,,,,,,,,,nan_exist
7,48,0.865083,0.117583,,,,,,,,,,,,,,,,,nan_exist
8,48,2.045952,0.420049,,,,,,,,,,,,,,,,,nan_exist
9,48,2.68169,0.582886,,,,,,,,,,,,,,,,,nan_exist
10,48,2.969352,0.656567,,,,,,,,,,,,,,,,,nan_exist
11,48,3.036639,0.673802,0.001014,0.0826035865704099,13.018338893359438,193.01833889335944,6.473880703509715,6.473880703509715,11.475741314412856,11.475741314412856,0.7071737368881112,0.7071737368881112,0.5931283160588461,0.13952503365644614,0.04789191226964964,427.9154770765433,20.493690486975083,1.1317271849710229,
12,48,3.263332,0.731867,0.003283,0.2674433675647492,15.017876967967549,195.01787696796754,6.579175953157626,6.579175953157626,7.4132318123030565,7.4132318123030565,0.44951702544529465,0.44951702544529465,0.5210078216789118,0.08497800942505704,0.027407121432794827,449.7679104448649,12.326843738136802,1.2151140741853559,
13,48,3.220664,0.720938,,,,,,,,,,,,,,,,,nan_exist
14,48,3.129648,0.697625,0.004434,0.3612073992635084,209.05621677549527,29.056216775495272,16.12490214494833,16.12490214494833,10.924570995871,10.924570995871,0.27028215280459883,0.27028215280459883,0.6154750108761629,0.07510385330591661,0.04595921088389566,424.1637654516281,19.49423194569863,1.1240820375164706,
15,48,3.108883,0.692306,,,,,,,,,,,,,,,,,nan_exist
16,48,2.863358,0.629418,0.003994,0.3253636338877881,211.05575485010337,31.05575485010337,18.51214637948731,18.51214637948731,13.57148967158047,13.57148967158047,0.2924696535472593,0.2924696535472593,0.6525622538035104,0.08948910648877874,0.06258677836642364,398.2563501401178,24.925581919240358,1.0370299117246595,
17,48,2.907181,0.640643,0.005261,0.4285773855492372,17.01741504257566,197.01741504257566,7.186665918449561,7.186665918449561,4.877837521433979,4.877837521433979,0.2707758571652605,0.2707758571652605,0.25173048301377643,0.06119307997237728,0.019447159718225557,390.51499254279656,7.594407432341427,1.0636682919734866,
18,48,3.031171,0.672401,,,,,,,,,,,,,,,,,nan_exist
19,48,3.005572,0.665845,,,,,,,,,,,,,,,,,nan_exist
20,48,2.812781,0.616463,,,,,,,,,,,,,,,,,nan_exist
21,48,2.827346,0.620194,,,,,,,,,,,,,,,,,nan_exist
22,48,2.645508,0.573618,,,,,,,,,,,,,,,,,nan_exist
23,48,2.54116,0.546891,,,,,,,,,,,,,,,,,nan_exist
24,48,2.246363,0.471382,,,,,,,,,,,,,,,,,nan_exist
25,48,1.906513,0.384334,0.001808,0.1472852904529596,15.017876967967549,195.01787696796754,7.859061441937848,7.859061441937848,8.4747455671577,8.4747455671577,0.43019568524332247,0.43019568524332247,0.6916718352800728,0.15139289400436656,0.0593799972148591,260.1586135020204,15.448217745171576,0.67975109932458,
26,48,1.865864,0.373922,,,,,,,,,,,,,,,,,nan_exist
27,48,1.850825,0.37007,,,,,,,,,,,,,,,,,nan_exist
28,48,1.726367,0.338191,,,,,,,,,,,,,,,,,nan_exist
29,48,1.973172,0.401408,,,,,,,,,,,,,,,,,nan_exist
30,48,2.373559,0.503962,,,,,,,,,,,,,,,,,nan_exist
31,48,2.528435,0.543632,,,,,,,,,,,,,,,,,nan_exist
32,48,2.319196,0.490038,,,,,,,,,,,,,,,,,nan_exist
33,48,2.241588,0.470159,,,,,,,,,,,,,,,,,nan_exist
34,48,2.109409,0.436303,,,,,,,,,,,,,,,,,nan_exist
35,48,1.913708,0.386176,,,,,,,,,,,,,,,,,nan_exist
36,48,1.928331,0.389922,,,,,,,,,,,,,,,,,nan_exist
37,48,1.979082,0.402921,0.002418,0.1969777833602082,11.018800818751352,191.01880081875134,25.836046431784386,25.836046431784386,22.856721523664238,22.856721523664238,0.3529376149414724,0.3529376149414724,0.6844715217862684,0.16093829365711737,0.15796206135636698,277.1120968042285,43.77319803798105,0.6481636076840207,
38,48,1.961698,0.398468,0.00196,0.1596676821282085,3.020648520318958,183.02064852031896,26.355360281465554,26.355360281465554,26.86739406275103,26.86739406275103,0.40669295890353047,0.40669295890353047,0.8519221581440171,0.18071876003295698,0.18176639360506425,284.0806730470814,51.636319432667364,0.645678760040039,
39,48,1.961734,0.398478,,,,,,,,,,,,,,,,,nan_exist
40,48,1.919966,0.387779,,,,,,,,,,,,,,,,,nan_exist
41,48,1.878836,0.377244,,,,,,,,,,,,,,,,,nan_exist
42,48,1.863107,0.373215,,,,,,,,,,,,,,,,,nan_exist
43,48,1.895913,0.381618,0.000416,0.0338886509006809,178.97999908583176,358.97999908583176,38.5695960920324,38.5695960920324,19.27049157459646,19.27049157459646,0.19932316208035777,0.19932316208035777,0.6659949547682555,0.0901643624833441,0.15213450915749752,243.18901054823766,36.997440752253624,0.5727543605444001,
44,48,1.775872,0.350871,0.00089,0.0725021617827069,7.019724669535155,187.01972466953515,3.0036188848250505,3.0036188848250505,1.4979141218015692,1.4979141218015692,0.1989537616160761,0.1989537616160761,-0.0061452392542302725,0.05399325561962769,0.007955959632179446,220.0642630457497,1.7508223932773035,0.6064262240346455,
45,48,1.589081,0.303027,0.00266,0.2166918543168544,181.0626837309819,1.0626837309818882,59.99999155924353,59.99999155924353,45.97738160538962,45.97738160538962,0.3057054007487643,0.3057054007487643,0.5518350473338691,0.06974081093455463,0.438680465562454,206.72346856238755,90.6855474316335,0.32232755869653906,
46,48,1.254518,0.217333,0.001849,0.1506252776811518,343.02526777423793,163.02526777423793,8.080246105799532,8.080246105799532,3.8929875139436634,3.8929875139436634,0.19220668480286518,0.19220668480286518,0.48012785358329524,0.10404364998898562,0.039924654630891274,171.08601235093042,6.830549955287296,0.4562651733212309,
47,48,1.187061,0.200054,0.001687,0.1374282549746366,172.98138486200742,352.9813848620074,2.3388928202220347,2.3388928202220347,2.128230179227094,2.128230179227094,0.3630097940269901,0.3630097940269901,-0.053679100119987,0.13292252850271316,0.023851036855473115,144.94301663030842,3.457041231592939,0.39301659832976527,
48,48,1.13451,0.186594,0.00117,0.0953118306581652,174.98092293661554,354.98092293661557,20.195354240913392,20.195354240913392,12.828990571339508,12.828990571339508,0.25342594602327634,0.25342594602327634,0.8264400878131533,0.2075617138816749,0.16214144058860488,150.88759349295896,24.465131775896168,0.35117350476961884,
49,48,1.057734,0.166929,0.001899,0.1546984328374836,174.98092293661554,354.98092293661557,20.893670385229182,20.893670385229182,11.23157460525623,11.23157460525623,0.21445489963732825,0.21445489963732825,0.8319633089614187,0.18011921354700122,0.14422128864792977,147.99214908246933,21.343618450450265,0.35180147397783074,
50,48,1.080766,0.172828,0.001167,0.0950674413487853,174.98092293661554,354.98092293661557,23.54753957221788,23.54753957221788,8.76930410157082,8.76930410157082,0.1485694998020887,0.1485694998020887,0.7207447619715595,0.1241093983243708,0.10936302204695528,150.89250088608452,16.50205990112508,0.37330678051377625,
51,48,1.159011,0.19287,0.00184,0.1498921097530121,345.0248058488461,165.02480584884609,6.768476224587237,6.768476224587237,4.121127576689926,4.121127576689926,0.24290430795894108,0.24290430795894108,0.5256237136750834,0.1314572084015748,0.04626486652111622,159.00920900927824,7.356539830442529,0.4212574143856547,
52,48,1.24295,0.21437,0.001986,0.161785722809501,345.0248058488461,165.02480584884609,6.891880305854466,6.891880305854466,4.914892181041245,4.914892181041245,0.28450266220760606,0.28450266220760606,0.5790196665638321,0.15131632803513861,0.05470338059092059,163.03382315950356,8.918501277487167,0.4280981163389344,
53,48,1.287303,0.22573,0.001697,0.1382428860059029,172.98138486200742,352.9813848620074,2.3178978943571393,2.3178978943571393,2.000286327007106,2.000286327007106,0.3442769376057192,0.3442769376057192,0.022133673054387626,0.11681874283772935,0.020167359298446562,155.7426268930767,3.140917514636584,0.4238936371623337,
54,48,1.384188,0.250546,0.004544,0.3701683406074385,176.98046101122364,356.9804610112236,15.304338803471204,15.304338803471204,13.470148825241283,13.470148825241283,0.35112996116301304,0.35112996116301304,0.894817682891562,0.23114928043792574,0.14454642239148008,175.8447988205299,25.41773656565715,0.4178529507079798,
55,48,1.488875,0.277361,0.002963,0.2413751745642254,176.98046101122364,356.9804610112236,14.284552213885812,14.284552213885812,14.78417877569533,14.78417877569533,0.4128959666586511,0.4128959666586511,0.9026756914865542,0.2522911592722259,0.15028593703789245,185.56135452658995,27.887262043049134,0.43798359023205785,
56,48,1.63577,0.314986,0.004632,0.3773370936825825,172.98138486200742,352.9813848620074,14.880218971239689,14.880218971239689,16.61892593536894,16.61892593536894,0.4455574359015125,0.4455574359015125,0.8892351389431168,0.25598215413814157,0.15762784373216,199.88455895099048,31.50737202279845,0.4677144081338668,
57,48,1.829166,0.364522,0.005539,0.4512241282184423,174.98092293661554,354.98092293661557,15.098821257703294,15.098821257703294,19.127113918077647,19.127113918077647,0.5053781559327224,0.5053781559327224,0.8553363956621347,0.26871288905690455,0.16742012162891262,216.80566917254066,36.29763150270455,0.5014112157495447,
58,48,1.891499,0.380488,0.004934,0.4019389508268269,174.98092293661554,354.98092293661557,12.555109840909363,12.555109840909363,17.72925846073587,17.72925846073587,0.5633523632828744,0.5633523632828744,0.8824168205039519,0.27249219858013873,0.1483589500154023,224.84855553828925,33.358295612140466,0.5319173886837466,
0,49,0.418671,0.00324,,,,,,,,,,,,,,,,,nan_exist
1,49,0.441176,0.009005,,,,,,,,,,,,,,,,,nan_exist
2,49,0.450874,0.011489,,,,,,,,,,,,,,,,,nan_exist
3,49,0.493655,0.022447,,,,,,,,,,,,,,,,,nan_exist
4,49,0.451536,0.011658,,,,,,,,,,,,,,,,,nan_exist
5,49,0.438816,0.0084,,,,,,,,,,,,,,,,,nan_exist
6,49,0.456853,0.01302,,,,,,,,,,,,,,,,,nan_exist
7,49,0.8826,0.12207,0.000616,0.0501812715260083,178.97999908583176,358.97999908583176,38.24619272502382,38.24619272502382,11.394058017765406,11.394058017765406,0.11885030024595025,0.11885030024595025,0.6859610716355643,0.10293627918047948,0.1717378401844529,127.8828008348516,21.962316012115963,0.29422356895204343,
8,49,2.272775,0.478147,,,,,,,,,,,,,,,,,nan_exist
9,49,2.78188,0.608548,,,,,,,,,,,,,,,,,nan_exist
10,49,2.742212,0.598388,,,,,,,,,,,,,,,,,nan_exist
11,49,2.859062,0.628318,,,,,,,,,,,,,,,,,nan_exist
12,49,3.07269,0.683036,0.002156,0.1756344503410293,15.017876967967549,195.01787696796754,6.585983294737979,6.585983294737979,6.4793646437760835,6.4793646437760835,0.3924839148325363,0.3924839148325363,0.4902114186271074,0.07826142357248138,0.024816968979059943,426.59227344679215,10.586727216835698,1.155570961749879,
13,49,3.069749,0.682283,,,,,,,,,,,,,,,,,nan_exist
14,49,2.968152,0.65626,,,,,,,,,,,,,,,,,nan_exist
15,49,2.762155,0.603496,,,,,,,,,,,,,,,,,nan_exist
16,49,2.710068,0.590155,,,,,,,,,,,,,,,,,nan_exist
17,49,2.742982,0.598585,,,,,,,,,,,,,,,,,nan_exist
18,49,2.863668,0.629498,0.002985,0.2431673628330114,17.01741504257566,197.01741504257566,7.242198502539396,7.242198502539396,5.950333699846436,5.950333699846436,0.3277788774408587,0.3277788774408587,0.46969020585847143,0.07462694426692469,0.025075901994051693,388.8780014753813,9.751466652639351,1.0531292633965055,
19,49,2.786114,0.609633,0.00331,0.2696428713491685,15.017876967967549,195.01787696796754,6.88635364968627,6.88635364968627,7.247738907455756,7.247738907455756,0.41987815825089325,0.41987815825089325,0.49403942382136745,0.09721687366208842,0.033131206091787116,374.3802565731491,12.40366943722114,1.005490519822022,
20,49,2.755857,0.601883,0.003055,0.248869780051876,13.018338893359438,193.01833889335944,6.356852743893112,6.356852743893112,8.03762785251246,8.03762785251246,0.5044240780282118,0.5044240780282118,0.4545853378750523,0.1191020703680035,0.039608332490928023,354.80618025142564,14.053281157234608,0.9465358308171973,
21,49,2.840382,0.623533,,,,,,,,,,,,,,,,,nan_exist
22,49,2.672232,0.580464,,,,,,,,,,,,,,,,,nan_exist
23,49,2.512994,0.539677,,,,,,,,,,,,,,,,,nan_exist
24,49,2.176179,0.453405,,,,,,,,,,,,,,,,,nan_exist
25,49,1.925008,0.389071,0.002402,0.195674373710182,15.017876967967549,195.01787696796754,7.185097982834621,7.185097982834621,7.097112089845719,7.097112089845719,0.3940569896404707,0.3940569896404707,0.6738157828081726,0.13283459571707107,0.04859111370281711,261.7565951454496,12.719044477174805,0.691770974078541,
26,49,2.148178,0.446233,,,,,,,,,,,,,,,,,nan_exist
27,49,2.083233,0.429598,0.003503,0.2853652502526094,15.017876967967549,195.01787696796754,7.653276500571902,7.653276500571902,8.064927622553514,8.064927622553514,0.4204004150083401,0.4204004150083401,0.6445312467881481,0.13887527175576542,0.05311316080413117,274.16693301119244,14.561872400198922,0.7211251683638709,
28,49,1.68134,0.326658,0.003605,0.2936744867715264,17.01741504257566,197.01741504257566,8.505339013126065,8.505339013126065,5.782392017056746,5.782392017056746,0.271222658367829,0.271222658367829,0.5656352667513243,0.11350084744038043,0.04555922499707887,225.90650621854707,10.292125345114783,0.5989288357595342,
29,49,1.802739,0.357753,0.001792,0.1459818808029335,17.01741504257566,197.01741504257566,8.694294494466353,8.694294494466353,7.32693378515116,7.32693378515116,0.33620021434274144,0.33620021434274144,0.6008838210385389,0.13326407150923125,0.055240855097644405,240.5861949227088,13.290187132218989,0.6313777994180273,
30,49,2.196675,0.458655,,,,,,,,,,,,,,,,,nan_exist
31,49,2.43385,0.519405,,,,,,,,,,,,,,,,,nan_exist
32,49,2.537252,0.54589,,,,,,,,,,,,,,,,,nan_exist
33,49,2.180016,0.454388,,,,,,,,,,,,,,,,,nan_exist
34,49,2.042809,0.419244,,,,,,,,,,,,,,,,,nan_exist
35,49,1.958154,0.397561,,,,,,,,,,,,,,,,,nan_exist
36,49,1.944736,0.394124,0.00176,0.1433750615028811,7.019724669535155,187.01972466953515,24.836375993675336,24.836375993675336,21.32372681155853,21.32372681155853,0.34251922273308516,0.34251922273308516,0.7657000137117981,0.15452184818640616,0.14519903812708299,280.03053272484283,40.660163997861815,0.6649176909082806,
37,49,1.958078,0.397541,,,,,,,,,,,,,,,,,nan_exist
38,49,2.043026,0.4193,0.002631,0.2143294243261819,5.020186594927044,185.02018659492705,24.695707905878287,24.695707905878287,25.7965996004769,25.7965996004769,0.41672643321017355,0.41672643321017355,0.7531229626623519,0.18206041540487017,0.1710794399552922,289.02795040009914,49.44673988587493,0.6655033625395117,
39,49,1.983818,0.404134,,,,,,,,,,,,,,,,,nan_exist
40,49,1.891547,0.3805,,,,,,,,,,,,,,,,,nan_exist
41,49,1.884799,0.378772,,,,,,,,,,,,,,,,,nan_exist
42,49,1.877393,0.376875,,,,,,,,,,,,,,,,,nan_exist
43,49,1.880316,0.377623,,,,,,,,,,,,,,,,,nan_exist
44,49,1.69589,0.330385,0.001414,0.1151888278210647,178.97999908583176,358.97999908583176,45.14369062912552,45.14369062912552,20.08830287518948,20.08830287518948,0.17752366381078022,0.17752366381078022,0.5834848843935813,0.07453543124097929,0.17732011282793422,218.93272579446605,38.821175639601904,0.5003098615412893,
45,49,1.437727,0.264259,0.000828,0.0674514493888554,178.97999908583176,358.97999908583176,48.811884973837024,48.811884973837024,19.123296876544984,19.123296876544984,0.1562957806036709,0.1562957806036709,0.5738975834515705,0.06559498928440727,0.1931452522870875,191.94521002164618,37.073306014928846,0.4301997333519926,
46,49,1.183554,0.199156,0.001354,0.1103010416334664,343.02526777423793,163.02526777423793,7.472562956236416,7.472562956236416,3.1275805387025373,3.1275805387025373,0.16697405154784437,0.16697405154784437,0.49282036878873803,0.09188125644391798,0.032843014040284876,163.0031985426515,5.353516338347646,0.437915783900844,
47,49,1.222588,0.209154,0.001531,0.1247200108868812,174.98092293661554,354.98092293661557,22.797609394088806,22.797609394088806,10.069287555832345,10.069287555832345,0.17620551655662234,0.17620551655662234,0.7555479075280378,0.1357168397071136,0.11638124095747597,163.2055001039838,18.99405863318711,0.40058733741887975,
48,49,1.219687,0.208411,0.001316,0.1072054437146542,174.98092293661554,354.98092293661557,20.154765589144716,20.154765589144716,9.580469143070887,9.580469143070887,0.18963525972789305,0.18963525972789305,0.7412671168844479,0.14773154966277274,0.1135147017899489,158.680081830076,18.012522168945765,0.3907432212809174,
49,49,1.223043,0.209271,0.002333,0.1900534195944441,174.98092293661554,354.98092293661557,18.830868366517933,18.830868366517933,6.924925203977284,6.924925203977284,0.14670834072613204,0.14670834072613204,0.6961182931303131,0.10914119600478793,0.07754904543501448,164.10726342510395,12.726361627569275,0.4205025049931519,
50,49,1.289701,0.226344,0.000911,0.0742128869483663,172.98138486200742,352.9813848620074,2.2343979395187867,2.2343979395187867,1.5300842925034377,1.5300842925034377,0.2731900643397464,0.2731900643397464,0.13945616272869932,0.08443134810860203,0.012685219908266213,168.02675219022456,2.13145630200475,0.46082026635616613,
51,49,1.389361,0.251871,0.000496,0.0404056991508119,343.02526777423793,163.02526777423793,6.750360971418489,6.750360971418489,3.3424155457643674,3.3424155457643674,0.19753475192249387,0.19753475192249387,0.5144524518056235,0.09141686202502752,0.03050901111873714,185.75111990282852,5.667082982433271,0.5002334358899868,
52,49,1.477161,0.27436,0.001156,0.0941713472143923,343.02526777423793,163.02526777423793,6.731916056207566,6.731916056207566,4.014596142033005,4.014596142033005,0.2379102957346887,0.2379102957346887,0.5589682296097824,0.10660124445869865,0.03643873034157931,191.6327767476185,6.982855076514539,0.5129164490863999,
53,49,1.526434,0.286981,0.00056,0.0456193377509167,174.98092293661554,354.98092293661557,18.87394571632913,18.87394571632913,7.068020713367169,7.068020713367169,0.14939813559364634,0.14939813559364634,0.6197544722206372,0.0951833327399239,0.06704089487533545,191.74182457636684,12.85454350462922,0.4969091140881601,
54,49,1.685036,0.327605,0.001862,0.1516842980217981,176.98046101122364,356.9804610112236,15.077803033320107,15.077803033320107,8.345844149365462,8.345844149365462,0.2208219652070664,0.2208219652070664,0.7146019250014146,0.12434779850227139,0.07418776733801079,204.9652980731569,15.205917845817396,0.5271093895203876,
55,49,1.924817,0.389022,0.003206,0.2611707086239982,176.98046101122364,356.9804610112236,13.830535401305001,13.830535401305001,9.579500788888796,9.579500788888796,0.2763210373957049,0.2763210373957049,0.5449639626204996,0.14129985626981734,0.07959105037938728,219.83739130407275,17.49708888655553,0.5620563956042145,
56,49,2.094586,0.432506,0.003978,0.324060224237762,172.98138486200742,352.9813848620074,2.211104830154158,2.211104830154158,3.2049058621431286,3.2049058621431286,0.5782504907404854,0.5782504907404854,0.07137612863752452,0.13017241307668487,0.022433023560606963,229.53976169575066,5.149270882216882,0.6233069189264827,
57,49,2.250774,0.472512,0.005651,0.4603479957686257,349.0238819980623,169.02388199806228,4.261027138718839,4.261027138718839,7.196617368387141,7.196617368387141,0.6737894058530114,0.6737894058530114,0.4805693587141565,0.1879491982188017,0.051703891042228715,251.67077240391063,13.012358194885337,0.6629400394695147,
58,49,2.356005,0.499466,0.005724,0.4662948022968701,174.98092293661554,354.98092293661557,12.957035827397972,12.957035827397972,9.56204812630327,9.56204812630327,0.29441188058995604,0.29441188058995604,0.27177936435005,0.12828312556195032,0.06834474412469815,252.71698181989487,17.27187745844671,0.6540141787818005,
0,50,0.425051,0.004874,,,,,,,,,,,,,,,,,nan_exist
1,50,0.473478,0.017279,,,,,,,,,,,,,,,,,nan_exist
2,50,0.475527,0.017803,,,,,,,,,,,,,,,,,nan_exist
3,50,0.471946,0.016886,,,,,,,,,,,,,,,,,nan_exist
4,50,0.470879,0.016613,,,,,,,,,,,,,,,,,nan_exist
5,50,0.449895,0.011238,,,,,,,,,,,,,,,,,nan_exist
6,50,0.501105,0.024355,,,,,,,,,,,,,,,,,nan_exist
7,50,1.029901,0.1598,,,,,,,,,,,,,,,,,nan_exist
8,50,2.371204,0.503359,,,,,,,,,,,,,,,,,nan_exist
9,50,2.80794,0.615223,,,,,,,,,,,,,,,,,nan_exist
10,50,2.877365,0.633006,,,,,,,,,,,,,,,,,nan_exist
11,50,2.831885,0.621357,,,,,,,,,,,,,,,,,nan_exist
12,50,2.83728,0.622739,,,,,,,,,,,,,,,,,nan_exist
13,50,2.828006,0.620363,,,,,,,,,,,,,,,,,nan_exist
14,50,2.854454,0.627138,0.004221,0.3438557582975348,15.017876967967549,195.01787696796754,6.81231169474008,6.81231169474008,6.7353456033088674,6.7353456033088674,0.3944349957372767,0.3944349957372767,0.4540352833096253,0.09083580056757147,0.03037216568648608,374.6895282124136,11.380132431858726,1.009192766057097,
15,50,2.89152,0.636631,0.003852,0.3137958732438057,17.01741504257566,197.01741504257566,7.278876161667372,7.278876161667372,6.123736086307441,6.123736086307441,0.3356311035642642,0.3356311035642642,0.44268190616412484,0.07824366471348919,0.026654134538811353,380.58816373554316,10.144248120086331,1.0290108767096022,
16,50,2.849962,0.625987,,,,,,,,,,,,,,,,,nan_exist
17,50,2.896048,0.637791,0.002962,0.2412937114610987,15.017876967967549,195.01787696796754,5.782533521797147,5.782533521797147,3.701924061906591,3.701924061906591,0.25539912938904336,0.25539912938904336,0.3374234557069222,0.05209276859538576,0.013246881860028153,394.32391579275753,5.223562327090349,1.080834315182409,
18,50,2.911314,0.641701,0.003324,0.2707833547929414,17.01741504257566,197.01741504257566,7.142181474618015,7.142181474618015,5.397118967290533,5.397118967290533,0.3014679697037336,0.3014679697037336,0.4755280605940475,0.06661566679872774,0.021569520375795022,398.35551382403185,8.59233737223775,1.0826754901438724,
19,50,2.795083,0.61193,,,,,,,,,,,,,,,,,nan_exist
20,50,2.816205,0.617341,,,,,,,,,,,,,,,,,nan_exist
21,50,2.788768,0.610313,,,,,,,,,,,,,,,,,nan_exist
22,50,2.650277,0.57484,,,,,,,,,,,,,,,,,nan_exist
23,50,2.480963,0.531472,,,,,,,,,,,,,,,,,nan_exist
24,50,2.047741,0.420507,,,,,,,,,,,,,,,,,nan_exist
25,50,1.912948,0.385982,0.001979,0.1612154810876146,17.01741504257566,197.01741504257566,8.264000772854164,8.264000772854164,8.495607958931775,8.495607958931775,0.41012305125453724,0.41012305125453724,0.7522055918914903,0.14679419893719553,0.05946490244316639,261.0970975301085,15.526113432821802,0.682141622492463,
26,50,2.313434,0.488561,,,,,,,,,,,,,,,,,nan_exist
27,50,2.425765,0.517334,0.00138,0.112419082314759,13.018338893359438,193.01833889335944,5.9949764598577815,5.9949764598577815,6.647401391250327,6.647401391250327,0.44235861266951054,0.44235861266951054,0.5574478296008302,0.11599647941511644,0.03704275009639359,311.53526351994003,11.54012291278326,0.8333198350198799,
28,50,2.103099,0.434687,,,,,,,,,,,,,,,,,nan_exist
29,50,2.151232,0.447016,,,,,,,,,,,,,,,,,nan_exist
30,50,2.250348,0.472403,,,,,,,,,,,,,,,,,nan_exist
31,50,2.366914,0.50226,0.003658,0.2979920312372381,17.01741504257566,197.01741504257566,8.809929361184828,8.809929361184828,11.849855171408283,11.849855171408283,0.536600016946396,0.536600016946396,0.7184463036701851,0.17052052882192886,0.07285323634977395,301.6566834425298,21.976665655327565,0.776888938297784,
32,50,2.436981,0.520207,,,,,,,,,,,,,,,,,nan_exist
33,50,2.452568,0.524199,,,,,,,,,,,,,,,,,nan_exist
34,50,2.323799,0.491216,0.00405,0.3299255676628798,181.0626837309819,1.0626837309818882,26.66782387924105,26.66782387924105,21.49192732822361,21.49192732822361,0.32151249150920264,0.32151249150920264,0.6890758474089642,0.13066697456491058,0.13150572752516962,310.5847735833546,40.84367660831913,0.7492808249306541,
35,50,2.100787,0.434095,,,,,,,,,,,,,,,,,nan_exist
36,50,2.112337,0.437053,,,,,,,,,,,,,,,,,nan_exist
37,50,2.114962,0.437725,0.001857,0.1512769825061649,9.01926274414324,189.01926274414325,4.559587388613758,4.559587388613758,4.461904597772277,4.461904597772277,0.3903954992976003,0.3903954992976003,0.08374792286784116,0.0987153673064389,0.02535521484949053,286.17418105127916,7.256007844932185,0.7747727033509638,
38,50,2.133801,0.442551,,,,,,,,,,,,,,,,,nan_exist
39,50,2.067859,0.425661,0.00241,0.1963260785351951,181.0626837309819,1.0626837309818882,20.755019068866712,20.755019068866712,20.683409342160896,20.683409342160896,0.3975658351389085,0.3975658351389085,0.8046220685041825,0.16594426010075816,0.13156008808193814,297.4970806071926,39.13874212880171,0.7176620513288635,
40,50,2.07815,0.428296,,,,,,,,,,,,,,,,,nan_exist
41,50,2.164715,0.450469,,,,,,,,,,,,,,,,,nan_exist
42,50,2.175188,0.453152,0.000998,0.0813001769203837,5.020186594927044,185.02018659492705,2.196873294610358,2.196873294610358,1.3380233988400805,1.3380233988400805,0.24297901352495263,0.24297901352495263,-0.11716649176674876,0.04405522395895835,0.0037067472916202265,284.05558196329514,1.0529222591120515,0.7861184991782864,
43,50,2.050475,0.421208,0.001291,0.1051688661364883,341.0257296996299,161.0257296996299,7.76352842319241,7.76352842319241,3.7866823856086462,3.7866823856086462,0.19458519679759928,0.19458519679759928,0.24009871562146812,0.0678284823352989,0.023470407504604655,261.4045018538229,6.135270182047407,0.7090811990882653,
44,50,1.803967,0.358068,,,,,,,,,,,,,,,,,nan_exist
45,50,1.590244,0.303325,0.002574,0.2096860274479636,339.02619162502174,159.02619162502174,8.799474800681693,8.799474800681693,2.116133739815484,2.116133739815484,0.0959392735269837,0.0959392735269837,0.2243803482748432,0.044065940181308313,0.014757577800504233,208.64250102071568,3.0790579413049954,0.5710095641094741,
46,50,1.453409,0.268276,,,,,,,,,,,,,,,,,nan_exist
47,50,1.514443,0.283909,0.000929,0.0756792228046457,174.98092293661554,354.98092293661557,20.468231529620766,20.468231529620766,6.490623289787656,6.490623289787656,0.12650746366178675,0.12650746366178675,0.6127799490867278,0.0804171621400785,0.060056009175892225,195.10944516860633,11.717494629349062,0.5094220848312702,
48,50,1.490306,0.277727,,,,,,,,,,,,,,,,,nan_exist
49,50,1.463114,0.270762,0.002124,0.173027631040977,174.98092293661554,354.98092293661557,17.89658465931676,17.89658465931676,4.9951945627474235,4.9951945627474235,0.11135053686759551,0.11135053686759551,0.5435214350503441,0.07075875961273415,0.046135200644171655,190.0850302505321,8.769611010061737,0.5036539423346399,
50,50,1.506122,0.281778,0.002254,0.1836178344474398,345.0248058488461,165.02480584884609,5.492730505862142,5.492730505862142,3.473034384206264,3.473034384206264,0.2522498155824518,0.2522498155824518,0.6134240003835469,0.10090534985889119,0.029874422150847523,196.6012658436248,5.873349211203447,0.5297997684233926,
51,50,1.619437,0.310802,0.001451,0.1182029626367502,343.02526777423793,163.02526777423793,5.6418580150371245,5.6418580150371245,2.6143500287279395,2.6143500287279395,0.18486370260443577,0.18486370260443577,0.4386931575374726,0.07020662672269996,0.019487732760664928,209.5258522738025,4.083183815562421,0.5706740790506669,
52,50,1.844653,0.368489,,,,,,,,,,,,,,,,,nan_exist
53,50,1.954828,0.396709,0.002119,0.1726203155253438,253.04605441687346,73.04605441687346,11.938356679226093,11.938356679226093,6.030921698016149,6.030921698016149,0.20153440877802722,0.20153440877802722,0.1633989042857228,0.09225269636029881,0.04611620608474693,234.60077876792135,10.818897861303583,0.621616335851716,
54,50,2.075835,0.427703,0.003776,0.3076046774061813,253.04605441687346,73.04605441687346,13.086430792285778,13.086430792285778,7.389256251852578,7.389256251852578,0.22526285328481915,0.22526285328481915,-0.009690463512016745,0.10376960111621716,0.05622018486144734,240.44882228493464,13.518077238576325,0.6303631806843286,
55,50,2.208672,0.461728,0.004473,0.3643844602854473,176.98046101122364,356.9804610112236,13.020757485050115,13.020757485050115,6.533527482096667,6.533527482096667,0.20018039317341937,0.20018039317341937,0.17680677243606935,0.09015436995471392,0.04645716333691621,244.9805196856611,11.381100017399376,0.6488872768562826,
56,50,2.144918,0.445398,0.004608,0.3753819792075433,172.98138486200742,352.9813848620074,2.2091512184467437,2.2091512184467437,3.011377572556541,3.011377572556541,0.5438133097969268,0.5438133097969268,0.05078876249753228,0.11914462736976489,0.020048078212753055,235.7490684068184,4.726315762003566,0.641729868457819,
57,50,2.053433,0.421965,0.004824,0.3929780094828969,174.98092293661554,354.98092293661557,13.633447053894011,13.633447053894011,7.9706404921268375,7.9706404921268375,0.2332370882887502,0.2332370882887502,0.46843885017252496,0.11292512678143216,0.06184271432328118,231.25823268766507,14.301636819010156,0.6026572107462637,
58,50,2.06961,0.426109,0.004719,0.3844243836546,172.98138486200742,352.9813848620074,2.196892345295322,2.196892345295322,3.9610058084610196,3.9610058084610196,0.7192945495462302,0.7192945495462302,0.22799685838417783,0.16351622532532736,0.029493978136317992,226.61125339055573,6.683667352944667,0.6109099612155863,
0,51,0.432103,0.006681,,,,,,,,,,,,,,,,,nan_exist
1,51,0.476312,0.018004,,,,,,,,,,,,,,,,,nan_exist
2,51,0.489794,0.021458,,,,,,,,,,,,,,,,,nan_exist
3,51,0.489024,0.02126,,,,,,,,,,,,,,,,,nan_exist
4,51,0.458111,0.013342,,,,,,,,,,,,,,,,,nan_exist
5,51,0.454706,0.01247,,,,,,,,,,,,,,,,,nan_exist
6,51,0.577938,0.044035,,,,,,,,,,,,,,,,,nan_exist
7,51,1.14413,0.189058,,,,,,,,,,,,,,,,,nan_exist
8,51,2.273212,0.478259,,,,,,,,,,,,,,,,,nan_exist
9,51,2.608267,0.56408,,,,,,,,,,,,,,,,,nan_exist
10,51,2.643703,0.573156,,,,,,,,,,,,,,,,,nan_exist
11,51,2.708645,0.58979,,,,,,,,,,,,,,,,,nan_exist
12,51,2.739797,0.59777,,,,,,,,,,,,,,,,,nan_exist
13,51,2.541293,0.546925,,,,,,,,,,,,,,,,,nan_exist
14,51,2.673659,0.580829,,,,,,,,,,,,,,,,,nan_exist
15,51,2.885021,0.634967,,,,,,,,,,,,,,,,,nan_exist
16,51,3.003599,0.665339,,,,,,,,,,,,,,,,,nan_exist
17,51,2.852299,0.626586,0.002987,0.2433302890392647,209.05621677549527,29.056216775495272,15.447984416128016,15.447984416128016,5.8976480306581625,5.8976480306581625,0.1523060284744586,0.1523060284744586,0.2850243582436375,0.045354176661126636,0.024602452546204658,391.1705920909109,9.623755929387414,1.0598523226708985,
18,51,2.770301,0.605583,,,,,,,,,,,,,,,,,nan_exist
19,51,2.713892,0.591134,,,,,,,,,,,,,,,,,nan_exist
20,51,2.78005,0.60808,0.003092,0.2518839148675616,15.017876967967549,195.01787696796754,7.2366357327403295,7.2366357327403295,9.008349000216187,9.008349000216187,0.4966135405349921,0.4966135405349921,0.594109299285144,0.11828063240626183,0.0428494527851929,371.5771597769956,15.921877963920451,0.9879313383696532,
21,51,2.760326,0.603028,0.004257,0.3467884300100937,15.017876967967549,195.01787696796754,7.772102454086503,7.772102454086503,12.668094386295028,12.668094386295028,0.650253710970043,0.650253710970043,0.6791166943080944,0.1656443092943533,0.06504650194245068,357.7734388057967,23.271910682238513,0.9291709114543283,
22,51,2.78042,0.608175,,,,,,,,,,,,,,,,,nan_exist
23,51,2.649674,0.574686,,,,,,,,,,,,,,,,,nan_exist
24,51,2.405498,0.512143,,,,,,,,,,,,,,,,,nan_exist
25,51,2.303887,0.486116,0.002869,0.2337176428703215,17.01741504257566,197.01741504257566,7.744747111806322,7.744747111806322,8.620921467621255,8.620921467621255,0.4440751931346596,0.4440751931346596,0.7259424478243554,0.1315919294440544,0.05058765689849944,307.18312940298995,15.539674755245812,0.8101207073548448,
26,51,2.288593,0.482199,,,,,,,,,,,,,,,,,nan_exist
27,51,2.192918,0.457693,0.001784,0.1453301759779204,15.017876967967549,195.01787696796754,6.493686991324393,6.493686991324393,5.531231886749715,5.531231886749715,0.33981346271804275,0.33981346271804275,0.6406159086962661,0.09882162938039324,0.032503827891916755,290.7518154543154,9.45054696878941,0.7813924124597944,
28,51,2.146572,0.445822,,,,,,,,,,,,,,,,,nan_exist
29,51,2.318231,0.48979,,,,,,,,,,,,,,,,,nan_exist
30,51,2.490096,0.533811,0.002154,0.1754715241347761,19.016953117183746,199.01695311718373,9.011102555827291,9.011102555827291,8.926813523036978,8.926813523036978,0.3952106106367319,0.3952106106367319,0.6463146302203067,0.11987451673686027,0.050435143699384156,318.91011243010576,16.08427734759914,0.8411828752291851,
31,51,2.382239,0.506185,,,,,,,,,,,,,,,,,nan_exist
32,51,2.439326,0.520807,0.00278,0.2264674266920508,15.017876967967549,195.01787696796754,8.266902146785469,8.266902146785469,12.525471943569949,12.525471943569949,0.6044513714505485,0.6044513714505485,0.6897824556812209,0.18083754607721908,0.07430793184761661,312.3253868702117,23.20825356183218,0.8031031480788319,
33,51,2.599981,0.561957,0.003216,0.2619853396552646,9.01926274414324,189.01926274414325,4.247805652362111,4.247805652362111,5.175450375849748,5.175450375849748,0.48606413381879027,0.48606413381879027,0.1056474421416066,0.10498802437685956,0.026145156549331975,324.47244627972816,8.483382903928202,0.8777473982661109,
34,51,2.713083,0.590927,,,,,,,,,,,,,,,,,nan_exist
35,51,2.470897,0.528894,,,,,,,,,,,,,,,,,nan_exist
36,51,2.451638,0.523961,0.002713,0.2210093987825661,9.01926274414324,189.01926274414325,4.14613877748369,4.14613877748369,3.9426792198769647,3.9426792198769647,0.3793653621559814,0.3793653621559814,0.30913171642146264,0.07933968437084718,0.01809683954024081,331.4604341723429,5.998386291155441,0.9040612441144096,
37,51,2.425484,0.517262,,,,,,,,,,,,,,,,,nan_exist
38,51,2.324235,0.491328,,,,,,,,,,,,,,,,,nan_exist
39,51,2.332393,0.493418,0.002413,0.1965704678445751,178.97999908583176,358.97999908583176,22.279418466628595,22.279418466628595,11.427643944385977,11.427643944385977,0.20462698977613153,0.20462698977613153,0.6535545625260949,0.07967613744017664,0.06446194642842004,322.2444433526491,20.772504044254504,0.8374220536344295,
40,51,2.361397,0.500847,,,,,,,,,,,,,,,,,nan_exist
41,51,2.421423,0.516222,,,,,,,,,,,,,,,,,nan_exist
42,51,2.404734,0.511947,,,,,,,,,,,,,,,,,nan_exist
43,51,2.261314,0.475212,,,,,,,,,,,,,,,,,nan_exist
44,51,2.008933,0.410567,0.001251,0.1019103420114228,341.0257296996299,161.0257296996299,7.2140573020535586,7.2140573020535586,3.1058683102959894,3.1058683102959894,0.1717566321497494,0.1717566321497494,0.2627103938194607,0.06011615010003548,0.019102645145495024,252.55528226373806,4.824473936704521,0.6881411342417598,
45,51,1.751596,0.344653,0.002039,0.1661032672752128,339.02619162502174,159.02619162502174,8.494353519664065,8.494353519664065,2.447175053369004,2.447175053369004,0.1149330074469444,0.1149330074469444,0.30867913624747767,0.04816819919391679,0.016192378179906076,225.47994964896668,3.651056616702249,0.6161913695340678,
46,51,1.597396,0.305157,0.001415,0.1152702909241913,341.0257296996299,161.0257296996299,6.543097732106353,6.543097732106353,1.9611284311549344,1.9611284311549344,0.11957288130452103,0.11957288130452103,0.38776799002646456,0.04850539423755066,0.01325715008423071,209.11921416046206,2.7723248076216294,0.5731858037578901,
47,51,1.586791,0.30244,0.000835,0.0680216911107419,345.0248058488461,165.02480584884609,5.4615388912214184,5.4615388912214184,3.357736528399445,3.357736528399445,0.24526842970576912,0.24526842970576912,0.5615330441985227,0.0949915564765146,0.027692222891675916,202.5520891307732,5.609117599383978,0.5470638098094145,
48,51,1.603468,0.306712,0.000279,0.0227282057723317,176.98046101122364,356.9804610112236,15.967962874264783,15.967962874264783,4.361459925007205,4.361459925007205,0.10896635858078733,0.10896635858078733,0.4658473071340813,0.06426957429043223,0.03740985884298915,199.0191716243816,7.445279117516748,0.5321497014079579,
49,51,1.743027,0.342459,,,,,,,,,,,,,,,,,nan_exist
50,51,1.934671,0.391546,,,,,,,,,,,,,,,,,nan_exist
51,51,2.062131,0.424193,0.000684,0.0557207625386197,251.04651634226536,71.04651634226536,13.867839985230255,13.867839985230255,8.278883167879753,8.278883167879753,0.23816229013953022,0.23816229013953022,0.5275814229011963,0.10559994233957738,0.05984165235354121,254.48605002683158,15.228865734531553,0.6646032897008334,
52,51,2.025433,0.414793,0.001107,0.0901796551611871,251.04651634226536,71.04651634226536,13.094339880815072,13.094339880815072,6.5689284267141765,6.5689284267141765,0.20013405106329235,0.20013405106329235,0.3316831352123003,0.08945326580662902,0.047717425543047295,247.85293176912296,11.826903817319106,0.6556278554216773,
53,51,1.924579,0.388961,0.002121,0.172783241731597,343.02526777423793,163.02526777423793,5.356335152808339,5.356335152808339,3.122080895045642,3.122080895045642,0.23253400624384385,0.23253400624384385,0.30179068272122567,0.07845318878964098,0.021636163287417992,230.53628299426538,4.987920662538329,0.6265232286992418,
54,51,1.878713,0.377213,0.003043,0.2478922228143563,176.98046101122364,356.9804610112236,14.377695732507219,14.377695732507219,4.8838203268561715,4.8838203268561715,0.13551284256640136,0.13551284256640136,0.3890908811333055,0.06962337277728795,0.03752856398473144,221.65318975149108,8.318325914008653,0.5925968439930067,
55,51,1.951769,0.395925,0.005178,0.4218159479897264,176.98046101122364,356.9804610112236,14.19940290324794,14.19940290324794,7.020412072785286,7.020412072785286,0.19724344895052429,0.19724344895052429,0.5432732802516338,0.09950152456369962,0.05550235980425787,224.79992818323325,12.476926497997141,0.5897861157923225,
56,51,1.908914,0.384948,0.004557,0.3712273609480848,174.98092293661554,354.98092293661557,14.19186868820519,14.19186868820519,7.448781367447592,7.448781367447592,0.20938989010030504,0.20938989010030504,0.6134769555557131,0.10744924569234536,0.060427160178802855,220.96266652449623,13.352146443611133,0.5766958891135697,
57,51,1.937055,0.392156,0.006517,0.5308950430762933,172.98138486200742,352.9813848620074,2.2181308841599887,2.2181308841599887,3.3350989293342512,3.3350989293342512,0.5998347445294469,0.5998347445294469,0.24227262414087924,0.14415796268395578,0.02549303352691889,215.33503985965905,5.489543390662703,0.5829041568583232,
58,51,1.952732,0.396172,0.005077,0.413588174573936,172.98138486200742,352.9813848620074,2.2177279360009434,2.2177279360009434,3.659473130101412,3.659473130101412,0.6582947041840416,0.6582947041840416,0.2262758453418705,0.1593449961304619,0.02876361654644766,213.78165546600457,6.149133562488942,0.5767570052875434,
0,52,0.442955,0.00946,,,,,,,,,,,,,,,,,nan_exist
1,52,0.45847,0.013434,,,,,,,,,,,,,,,,,nan_exist
2,52,0.530437,0.031868,,,,,,,,,,,,,,,,,nan_exist
3,52,0.493479,0.022402,,,,,,,,,,,,,,,,,nan_exist
4,52,0.471285,0.016717,,,,,,,,,,,,,,,,,nan_exist
5,52,0.475045,0.01768,,,,,,,,,,,,,,,,,nan_exist
6,52,0.673595,0.068536,,,,,,,,,,,,,,,,,nan_exist
7,52,1.486836,0.276838,,,,,,,,,,,,,,,,,nan_exist
8,52,2.329335,0.492635,,,,,,,,,,,,,,,,,nan_exist
9,52,2.549166,0.548942,,,,,,,,,,,,,,,,,nan_exist
10,52,2.582975,0.557601,0.0014,0.1140483443772917,13.018338893359438,193.01833889335944,7.325092874383791,7.325092874383791,12.345646968343102,12.345646968343102,0.6723738031780456,0.6723738031780456,0.6751433453044187,0.16152599854881597,0.06072560372017574,370.13272677375403,22.47653328993107,0.9657116485661749,
11,52,2.830262,0.620941,0.002588,0.2108265108917365,15.017876967967549,195.01787696796754,7.293797580193879,7.293797580193879,8.462675660721445,8.462675660721445,0.4628753525534736,0.4628753525534736,0.5713356127980721,0.1030204748792024,0.03678765572813326,398.939991980873,14.676067081176598,1.0673997913880455,
12,52,3.04711,0.676484,0.001483,0.1208097819368026,15.017876967967549,195.01787696796754,7.177788756242973,7.177788756242973,8.24055209784212,8.24055209784212,0.4580107826133218,0.4580107826133218,0.48743327730370056,0.09782554360856949,0.03428938496919512,412.94723088366436,14.159706571733068,1.107743123088698,
13,52,2.855884,0.627504,,,,,,,,,,,,,,,,,nan_exist
14,52,2.789108,0.6104,0.003158,0.2572604796739197,13.018338893359438,193.01833889335944,5.470229266592963,5.470229266592963,4.617498392714009,4.617498392714009,0.3367528578352634,0.3367528578352634,0.4284235957962871,0.06837032042431695,0.01832267426785614,386.62339283725487,7.083974491290405,1.0542761620721235,
15,52,2.783174,0.60888,,,,,,,,,,,,,,,,,nan_exist
16,52,2.848992,0.625738,,,,,,,,,,,,,,,,,nan_exist
17,52,2.888476,0.635852,,,,,,,,,,,,,,,,,nan_exist
18,52,2.902079,0.639336,,,,,,,,,,,,,,,,,nan_exist
19,52,2.867628,0.630512,,,,,,,,,,,,,,,,,nan_exist
20,52,2.862041,0.629081,0.002739,0.2231274394638587,13.018338893359438,193.01833889335944,6.032516227924717,6.032516227924717,7.210186103271219,7.210186103271219,0.47682392843678845,0.47682392843678845,0.5422244659435607,0.10330914715827674,0.03250932852570165,378.06803478309376,12.290737947829996,1.0160480467646216,
21,52,2.985438,0.660687,,,,,,,,,,,,,,,,,nan_exist
22,52,2.992811,0.662576,,,,,,,,,,,,,,,,,nan_exist
23,52,2.782655,0.608747,0.003046,0.2481366121237363,15.017876967967549,195.01787696796754,7.147682242148549,7.147682242148549,10.84420786152656,10.84420786152656,0.6052609596875583,0.6052609596875583,0.7014558266814817,0.1468309276350672,0.05412420908019389,362.9343438930167,19.64353431124863,0.953585582171578,
24,52,2.586784,0.558577,,,,,,,,,,,,,,,,,nan_exist
25,52,2.427498,0.517778,,,,,,,,,,,,,,,,,nan_exist
26,52,2.155307,0.448059,,,,,,,,,,,,,,,,,nan_exist
27,52,2.100648,0.434059,,,,,,,,,,,,,,,,,nan_exist
28,52,2.125442,0.44041,,,,,,,,,,,,,,,,,nan_exist
29,52,2.234591,0.468367,0.000803,0.0654148718106895,207.05667870088718,27.056678700887176,13.357548377493437,13.357548377493437,7.383079477634898,7.383079477634898,0.22050622464190528,0.22050622464190528,0.5791843736374928,0.08525228461129816,0.04571085284413975,288.34499898140643,13.180495816782695,0.7643458421239548,
30,52,2.458445,0.525704,0.002502,0.2038206840228457,17.01741504257566,197.01741504257566,7.313275198391946,7.313275198391946,6.748371938563441,6.748371938563441,0.3681265667070075,0.3681265667070075,0.6232930417242055,0.10415140459683037,0.03744348512970288,314.21952285785653,11.765474031590486,0.8401501356285168,
31,52,2.399607,0.510634,,,,,,,,,,,,,,,,,nan_exist
32,52,2.460709,0.526284,0.002185,0.1779968803317018,13.018338893359438,193.01833889335944,6.567943070453666,6.567943070453666,7.655485816798543,7.655485816798543,0.46500052399563213,0.46500052399563213,0.4978219722436207,0.1240704281210611,0.04234662276500303,318.37522069004353,13.48211536828586,0.846925292560438,
33,52,2.520894,0.5417,,,,,,,,,,,,,,,,,nan_exist
34,52,2.642102,0.572746,0.002903,0.2364873883766272,178.97999908583176,358.97999908583176,28.575438249650723,28.575438249650723,13.294929090706209,13.294929090706209,0.1856107781404371,0.1856107781404371,0.6046649931358585,0.06772812358411717,0.0710859491147319,343.87891128046385,24.44495878891246,0.8873165346987538,
35,52,2.453316,0.524391,0.001702,0.1386502015215361,9.01926274414324,189.01926274414325,3.9321737981038445,3.9321737981038445,2.5771377702125506,2.5771377702125506,0.26146586385704473,0.26146586385704473,0.1160079623976753,0.05349166468550962,0.009954143835298478,330.7573011408084,3.29240575013074,0.9096247094185491,
36,52,2.395921,0.50969,,,,,,,,,,,,,,,,,nan_exist
37,52,2.345055,0.496661,0.001993,0.1623559645313875,7.019724669535155,187.01972466953515,3.0737904431674994,3.0737904431674994,2.021571607500896,2.021571607500896,0.26237650288876563,0.26237650288876563,0.09055047849012932,0.04947056833010068,0.006963574672807751,320.1898185416278,2.2296657108873887,0.8832226467520568,
38,52,2.291935,0.483055,,,,,,,,,,,,,,,,,nan_exist
39,52,2.29159,0.482967,0.001959,0.1595862190250818,178.97999908583176,358.97999908583176,23.344522306647196,23.344522306647196,12.461379572504924,12.461379572504924,0.21295664645865897,0.21295664645865897,0.6848198030195746,0.08442904359917743,0.0719192977468835,317.84646773495894,22.85929475082571,0.8194088138448145,
40,52,2.282298,0.480586,0.001902,0.1549428221468635,176.98046101122364,356.9804610112236,22.840946119869038,22.840946119869038,14.188250249582554,14.188250249582554,0.24781341717499378,0.24781341717499378,0.7123273823696152,0.0988716387463823,0.0833718980368736,315.22515799100546,26.28091973068348,0.80262288405645,
41,52,2.260824,0.475086,,,,,,,,,,,,,,,,,nan_exist
42,52,2.218251,0.464182,,,,,,,,,,,,,,,,,nan_exist
43,52,2.1339,0.442576,0.000944,0.0769011693515453,5.020186594927044,185.02018659492705,2.085485522754689,2.085485522754689,0.9541471575606104,0.9541471575606104,0.18252327274513044,0.18252327274513044,-0.09389933219093471,0.03462563674079317,0.0015417239001686701,264.8375867234664,0.40830643711456105,0.7345257785731997,
44,52,1.929529,0.390229,,,,,,,,,,,,,,,,,nan_exist
45,52,1.740365,0.341777,0.000129,0.0105087403033361,339.02619162502174,159.02619162502174,7.89547108599837,7.89547108599837,1.9730932252572868,1.9730932252572868,0.09969643383593314,0.09969643383593314,0.27152808299727194,0.04101745658718419,0.012181790748165944,223.00318502225377,2.716578136115629,0.6119072413503838,
46,52,1.73793,0.341153,,,,,,,,,,,,,,,,,nan_exist
47,52,1.946888,0.394675,0.001386,0.1129078609335188,249.04697826765727,69.04697826765727,12.25244952780465,12.25244952780465,4.8416619116142545,4.8416619116142545,0.15764550913422434,0.15764550913422434,0.14914771749986722,0.07241299108367556,0.03569734743102179,235.87172472991944,8.41999490683827,0.6318103606196699,
48,52,2.110211,0.436508,0.000457,0.0372286381288731,251.04651634226536,71.04651634226536,12.867661868563381,12.867661868563381,6.0007128757085315,6.0007128757085315,0.18604297370588846,0.18604297370588846,0.07504983995857128,0.08287991420919172,0.043225748361764786,247.24849953999194,10.687501423939608,0.6571138836557009,
49,52,2.043949,0.419536,0.002052,0.1671622876158591,251.04651634226536,71.04651634226536,13.996780132328011,13.996780132328011,6.329565021399008,6.329565021399008,0.18040799953368072,0.18040799953368072,0.1924121893360693,0.08315750529772693,0.0462702807672601,245.48631309465424,11.35872063140917,0.6503544235090141,
50,52,1.86387,0.373411,0.000292,0.023787226112978,345.0248058488461,165.02480584884609,4.6503655996453865,4.6503655996453865,2.621881180515367,2.621881180515367,0.2249240913824414,0.2249240913824414,0.3501087590408063,0.07152222074348097,0.017360574262779774,229.67245325076652,3.9872456807747483,0.6269033543610882,
51,52,1.772654,0.350047,0.001736,0.1414199470278418,343.02526777423793,163.02526777423793,4.831741468891744,4.831741468891744,1.7743108772981273,1.7743108772981273,0.14649948307204036,0.14649948307204036,0.2512712709001522,0.0487806049739967,0.010404562221693585,223.12229485029798,2.3214897998169874,0.6133355695846694,
52,52,1.764314,0.347911,0.001686,0.1373467918715099,343.02526777423793,163.02526777423793,5.208474821334506,5.208474821334506,2.395130537694219,2.395130537694219,0.18345463333199336,0.18345463333199336,0.39288223564177527,0.06377904352603143,0.016204712535468107,220.96885052430537,3.5807367020391894,0.6038558717285172,
53,52,1.782282,0.352513,0.002249,0.1832105189318066,345.0248058488461,165.02480584884609,5.4476197274823654,5.4476197274823654,3.88585592320297,3.88585592320297,0.2845705649190848,0.2845705649190848,0.5962828822987558,0.10218543683373833,0.030161946164044648,218.22162484676014,6.581988900458327,0.5878878776286162,
54,52,1.799291,0.35687,0.002567,0.2091157857260771,174.98092293661554,354.98092293661557,15.094657254729503,15.094657254729503,6.155761508327455,6.155761508327455,0.16269289804311796,0.16269289804311796,0.6016718973640802,0.08769755909672454,0.050741213758170846,214.3123169543485,10.874467085589458,0.5651051385243306,
55,52,1.858664,0.372078,0.005062,0.4123662280270364,174.98092293661554,354.98092293661557,13.697053746278206,13.697053746278206,7.780991351651684,7.780991351651684,0.22663022947217537,0.22663022947217537,0.6751726855096851,0.11732752661326025,0.06470627665772662,216.58313636325767,14.01428834091908,0.5626912445064961,
56,52,1.912397,0.385841,0.004771,0.3886604650171851,174.98092293661554,354.98092293661557,13.628529106863208,13.628529106863208,7.735399531205209,7.735399531205209,0.22643514238386211,0.22643514238386211,0.605150083134238,0.11596500281566235,0.06364286152903878,218.59515235446503,13.912021012214353,0.5685642537284741,
57,52,1.900998,0.382921,0.00764,0.6223781078875067,172.98138486200742,352.9813848620074,2.226482287690857,2.226482287690857,3.224134497476246,3.224134497476246,0.5777021339244955,0.5777021339244955,0.22330699968112433,0.14218950597497002,0.025127263674730616,210.63735983926728,5.292740480430382,0.5704017204412136,
58,52,1.846264,0.368901,,,,,,,,,,,,,,,,,nan_exist
0,53,0.487978,0.020992,,,,,,,,,,,,,,,,,nan_exist
1,53,0.473079,0.017176,,,,,,,,,,,,,,,,,nan_exist
2,53,0.489073,0.021273,,,,,,,,,,,,,,,,,nan_exist
3,53,0.485513,0.020361,,,,,,,,,,,,,,,,,nan_exist
4,53,0.49341,0.022384,,,,,,,,,,,,,,,,,nan_exist
5,53,0.511634,0.027052,,,,,,,,,,,,,,,,,nan_exist
6,53,0.748748,0.087786,0.000454,0.0369842488194931,339.02619162502174,159.02619162502174,31.544142935492076,31.544142935492076,5.1697909076885145,5.1697909076885145,0.0653829199965764,0.0653829199965764,0.6048894911928558,0.06989122976530114,0.08397565541955217,114.91629892691567,9.650171520776922,0.2924059094614965,
7,53,1.714313,0.335104,,,,,,,,,,,,,,,,,nan_exist
8,53,2.5604,0.551819,,,,,,,,,,,,,,,,,nan_exist
9,53,2.744742,0.599036,5e-05,0.0040731551563318,9.01926274414324,189.01926274414325,20.407319961941234,20.407319961941234,31.574604577042205,31.574604577042205,0.617251298858966,0.617251298858966,0.8186881306176559,0.2006041552716482,0.15811024476052063,381.05370483309815,60.248494538064335,0.8911255841528717,
10,53,2.890155,0.636282,0.001394,0.1135595657585319,13.018338893359438,193.01833889335944,6.355259660210147,6.355259660210147,9.467961406264187,9.467961406264187,0.594337653552757,0.594337653552757,0.7002701901921826,0.1236621518262443,0.04133241622502925,402.58983599798586,16.640010669435014,1.0720828481348634,
11,53,3.211176,0.718508,,,,,,,,,,,,,,,,,nan_exist
12,53,3.427705,0.773969,,,,,,,,,,,,,,,,,nan_exist
13,53,3.158665,0.705057,0.00132,0.1075312961271608,11.018800818751352,191.01880081875134,4.839207744405584,4.839207744405584,5.207348679360073,5.207348679360073,0.42929166646977135,0.42929166646977135,0.3294033355159791,0.07688538543573234,0.019476003684452504,415.06862576722176,8.083878084743048,1.1305131880068853,
14,53,3.046357,0.676291,,,,,,,,,,,,,,,,,nan_exist
15,53,3.099847,0.689992,,,,,,,,,,,,,,,,,nan_exist
16,53,2.890736,0.636431,,,,,,,,,,,,,,,,,nan_exist
17,53,2.996911,0.663626,,,,,,,,,,,,,,,,,nan_exist
18,53,3.089923,0.68745,,,,,,,,,,,,,,,,,nan_exist
19,53,3.053116,0.678023,0.003539,0.2882979219651683,15.017876967967549,195.01787696796754,6.003311922490227,6.003311922490227,5.083714881987933,5.083714881987933,0.3378316559452884,0.3378316559452884,0.5955877980807127,0.06721370988009977,0.01921989374230423,410.8886760490292,7.897236693578407,1.1194206648762521,
20,53,2.989875,0.661824,0.003432,0.2795813699306181,13.018338893359438,193.01833889335944,5.9552990296988595,5.9552990296988595,7.292330251517723,7.292330251517723,0.4885092831565074,0.4885092831565074,0.5997784481291818,0.10133195618237156,0.03151906493643128,392.69851174139916,12.377489892017081,1.0564472829149503,
21,53,2.967399,0.656067,,,,,,,,,,,,,,,,,nan_exist
22,53,3.007963,0.666457,,,,,,,,,,,,,,,,,nan_exist
23,53,2.829101,0.620644,,,,,,,,,,,,,,,,,nan_exist
24,53,2.624431,0.56822,,,,,,,,,,,,,,,,,nan_exist
25,53,2.707517,0.589501,0.001259,0.1025620468364359,17.01741504257566,197.01741504257566,6.889563117581317,6.889563117581317,5.971047261889048,5.971047261889048,0.34575533606244396,0.34575533606244396,0.6220752637310396,0.08273843371668753,0.02746113243563789,362.33755527673145,9.950199591859587,0.9788537657913107,
26,53,2.509337,0.53874,,,,,,,,,,,,,,,,,nan_exist
27,53,2.281957,0.480499,0.001579,0.1286302398369598,207.05667870088718,27.056678700887176,11.839072515248123,11.839072515248123,6.055017140805563,6.055017140805563,0.2040364515811151,0.2040364515811151,0.5520054556150205,0.07236591357104832,0.03465418965725927,301.86759472335484,10.460976878923816,0.8094628273456417,
28,53,2.122267,0.439596,,,,,,,,,,,,,,,,,nan_exist
29,53,2.209846,0.462029,,,,,,,,,,,,,,,,,nan_exist
30,53,2.334307,0.493908,,,,,,,,,,,,,,,,,nan_exist
31,53,2.352033,0.498448,,,,,,,,,,,,,,,,,nan_exist
32,53,2.302,0.485633,0.001185,0.0965337772050648,11.018800818751352,191.01880081875134,5.303008299260483,5.303008299260483,4.768131411659546,4.768131411659546,0.3587037981604572,0.3587037981604572,0.29449233651676,0.09202052092297405,0.02589728291164934,301.78355212807423,7.815374027543214,0.8165782725014751,
33,53,2.258256,0.474428,,,,,,,,,,,,,,,,,nan_exist
34,53,2.464166,0.52717,,,,,,,,,,,,,,,,,nan_exist
35,53,2.343334,0.49622,0.002662,0.2168547805231076,178.97999908583176,358.97999908583176,26.471397807234847,26.471397807234847,10.927324323072401,10.927324323072401,0.16468233811744895,0.16468233811744895,0.6345095788216546,0.06568663504693603,0.06274911652696248,316.7666611092143,19.876828129798923,0.824693980498376,
36,53,2.21302,0.462842,0.001433,0.1167366267804708,178.97999908583176,358.97999908583176,23.47706672674576,23.47706672674576,15.526875938085222,15.526875938085222,0.2638458784628786,0.2638458784628786,0.8097979190400275,0.1057065624612674,0.09199294548207437,314.59526657939557,28.94054520735699,0.7934853371445516,
37,53,2.122374,0.439624,0.001083,0.0882245406861478,5.020186594927044,185.02018659492705,2.319384379870447,2.319384379870447,1.8043857656490105,1.8043857656490105,0.3103607053316922,0.3103607053316922,-0.1819748881788903,0.0572258926122815,0.006795514798019513,286.61755539362906,1.9477138390495838,0.7907495598738319,
38,53,2.035302,0.417321,,,,,,,,,,,,,,,,,nan_exist
39,53,2.066965,0.425431,,,,,,,,,,,,,,,,,nan_exist
40,53,2.095825,0.432824,0.002619,0.2133518670886622,178.97999908583176,358.97999908583176,26.7736052270554,26.7736052270554,15.353205588164677,15.353205588164677,0.2287716875209965,0.2287716875209965,0.7589637741843538,0.09936851458267183,0.09907944573685386,290.62864527726225,28.795325089323853,0.7273147782998289,
41,53,2.099401,0.43374,0.000735,0.0598753807980781,9.01926274414324,189.01926274414325,4.044605447294981,4.044605447294981,2.4329629276838527,2.4329629276838527,0.2399768756558156,0.2399768756558156,0.11693521815504293,0.05933080822323942,0.011900735381234017,277.24287283188244,3.2993940659053465,0.7609541076832698,
42,53,2.096246,0.432931,,,,,,,,,,,,,,,,,nan_exist
43,53,2.108001,0.435942,0.000918,0.0747831286702527,181.0626837309819,1.0626837309818882,27.855351840646517,27.855351840646517,7.080466402524733,7.080466402524733,0.10140591399054413,0.10140591399054413,0.41316599873777016,0.0478160462394722,0.04698657393257436,266.99439049613676,12.545151668629359,0.7068034411875206,
44,53,2.056675,0.422796,,,,,,,,,,,,,,,,,nan_exist
45,53,2.041119,0.418811,0.002013,0.1639852265939202,251.04651634226536,71.04651634226536,12.780749454733508,12.780749454733508,5.766437648008047,5.766437648008047,0.17999537454644296,0.17999537454644296,0.517039574777501,0.07798240612065867,0.04013441404409847,253.6606214218896,10.18052040682943,0.6763336139307227,
46,53,1.987542,0.405088,,,,,,,,,,,,,,,,,nan_exist
47,53,1.900017,0.38267,0.000639,0.052054922897921,343.02526777423793,163.02526777423793,4.835971272053569,4.835971272053569,1.8408374325643493,1.8408374325643493,0.1518594387521426,0.1518594387521426,0.17392016877511385,0.048960802568377544,0.010471355653963036,230.5247040854739,2.413906163503583,0.6336411053388065,
48,53,1.776592,0.351056,,,,,,,,,,,,,,,,,nan_exist
49,53,1.79315,0.355297,0.002524,0.2056128722916318,345.0248058488461,165.02480584884609,4.821835411645023,4.821835411645023,2.9737481859536676,2.9737481859536676,0.2460378219834845,0.2460378219834845,0.5779829933399916,0.08184527306879232,0.021196221318704404,223.14230963974717,4.729773780690948,0.6067014884973784,
50,53,1.76263,0.34748,0.001558,0.1269195146713004,345.0248058488461,165.02480584884609,4.900843355030696,4.900843355030696,3.0793886213495125,3.0793886213495125,0.2506707988498245,0.2506707988498245,0.6131315006089246,0.0846083918565165,0.022347268364967417,221.5239408342315,4.950454955087736,0.6015930163309549,
51,53,1.73317,0.339934,0.000733,0.0597124545918249,343.02526777423793,163.02526777423793,5.228475403253614,5.228475403253614,2.292621531030443,2.292621531030443,0.17493123542621056,0.17493123542621056,0.4747318285489116,0.06108566458335908,0.015328921399500728,220.36538251852522,3.377963627797385,0.6027428302520218,
52,53,1.767213,0.348653,0.000448,0.0364954702007333,343.02526777423793,163.02526777423793,5.515104749969587,5.515104749969587,2.923069088640257,2.923069088640257,0.2114440071150983,0.2114440071150983,0.5150704972310947,0.07555421991941083,0.021058717320253852,220.48545539816865,4.643140878457473,0.5995619847769755,
53,53,1.825165,0.363497,0.002101,0.1711539796690643,343.02526777423793,163.02526777423793,5.701938836301715,5.701938836301715,3.6032250194862168,3.6032250194862168,0.2521035120407708,0.2521035120407708,0.5369502102824918,0.09046241596388094,0.026911620498138077,222.79187010695983,5.995690258388976,0.6022116106904746,
54,53,1.838308,0.366864,0.001936,0.1577125676531692,172.98138486200742,352.9813848620074,2.175963905338433,2.175963905338433,1.8619064223584993,1.8619064223584993,0.34136282877093244,0.34136282877093244,0.1262591533210129,0.08156289692333839,0.011828484852860952,214.61057832246615,2.53851797495102,0.5890890565208754,
55,53,1.858404,0.372011,0.004822,0.3928150832766436,174.98092293661554,354.98092293661557,14.480818082235986,14.480818082235986,7.511739597684474,7.511739597684474,0.20694621725537593,0.20694621725537593,0.6633187327180632,0.10816613902741588,0.061838266338538395,218.26957023425763,13.497411817744336,0.5688115511569813,
56,53,1.854758,0.371077,,,,,,,,,,,,,,,,,nan_exist
57,53,1.903639,0.383597,0.004749,0.3868682767483991,172.98138486200742,352.9813848620074,2.235268203360508,2.235268203360508,3.237792457996279,3.237792457996279,0.5778690470869052,0.5778690470869052,0.2504021371074088,0.14053738359763315,0.024831194621971246,213.57532479866825,5.303330456526453,0.5785333176170605,
58,53,1.858428,0.372017,0.00517,0.4211642431647133,172.98138486200742,352.9813848620074,2.212024389806574,2.212024389806574,3.467957005645129,3.467957005645129,0.6254518180458085,0.6254518180458085,0.2783659696135563,0.15452429357763503,0.027681005941635084,209.19493492814513,5.79072623670595,0.5650116908095533,
0,54,0.857498,0.115641,,,,,,,,,,,,,,,,,nan_exist
1,54,0.809775,0.103417,7.2e-05,0.0058653434251178,283.03912553599497,103.03912553599497,59.99999710058217,59.99999710058217,26.870596252528227,26.870596252528227,0.1786636243791717,0.1786636243791717,0.4268405437400641,0.07069907153890419,0.4453566006574495,119.30814709482395,53.13467082088975,0.18381521187203945,
2,54,0.780038,0.0958,,,,,,,,,,,,,,,,,nan_exist
3,54,0.750925,0.088343,,,,,,,,,,,,,,,,,nan_exist
4,54,0.767689,0.092637,0.000803,0.0654148718106895,265.0432828645221,85.0432828645221,59.99999998321674,59.99999998321674,20.658594111190027,20.658594111190027,0.1373597774485184,0.1373597774485184,0.10904369625143706,0.05689217421457717,0.35737678572267634,113.97267464591911,40.73118812517494,0.2034485736687338,
5,54,0.828504,0.108214,,,,,,,,,,,,,,,,,nan_exist
6,54,0.988474,0.149189,,,,,,,,,,,,,,,,,nan_exist
7,54,1.970927,0.400833,,,,,,,,,,,,,,,,,nan_exist
8,54,2.908999,0.641108,,,,,,,,,,,,,,,,,nan_exist
9,54,3.094444,0.688608,,,,,,,,,,,,,,,,,nan_exist
10,54,3.093717,0.688422,,,,,,,,,,,,,,,,,nan_exist
11,54,3.307454,0.743168,0.004108,0.3346504276442247,15.017876967967549,195.01787696796754,6.433629673498367,6.433629673498367,7.327815752590082,7.327815752590082,0.45438977296780064,0.45438977296780064,0.5737222103001658,0.08644856451849516,0.027563595227317876,442.671236324682,12.20161077682991,1.1957489598551447,
12,54,3.36955,0.759073,0.0029,0.2362429990672472,13.018338893359438,193.01833889335944,5.747053244780163,5.747053244780163,6.593308320610276,6.593308320610276,0.457686634311776,0.457686634311776,0.46657658156230286,0.08381829256948375,0.024518375835868387,437.97821061926567,10.738514375884279,1.1867769340093928,
13,54,3.30106,0.74153,,,,,,,,,,,,,,,,,nan_exist
14,54,3.264693,0.732215,0.003963,0.3228382776908624,7.019724669535155,187.01972466953515,2.9135868558281346,2.9135868558281346,2.4548639070385816,2.4548639070385816,0.3361317350777175,0.3361317350777175,-0.017183579049554254,0.04745922230127408,0.006139840283613692,417.0001128246839,2.560314090992449,1.151221663149143,
15,54,3.293855,0.739685,,,,,,,,,,,,,,,,,nan_exist
16,54,3.218935,0.720495,0.000908,0.0739684976389863,13.018338893359438,193.01833889335944,4.825770730334727,4.825770730334727,3.145307822565807,3.145307822565807,0.26001986945033173,0.26001986945033173,0.3244972924723619,0.04458333645021275,0.008986080958668098,433.0458611913908,3.8913851674819853,1.19209576673308,
17,54,3.077793,0.684343,0.003333,0.2715165227210811,17.01741504257566,197.01741504257566,6.512704660437753,6.512704660437753,4.0207025982311135,4.0207025982311135,0.24629218534937694,0.24629218534937694,0.37294064592888265,0.049052324918407005,0.013396450651685194,425.0828940325372,5.694602012782411,1.1649674778326522,
18,54,3.061317,0.680123,0.002862,0.233147401148435,15.017876967967549,195.01787696796754,5.645117943870489,5.645117943870489,3.9559052306838205,3.9559052306838205,0.27956508074283126,0.27956508074283126,0.4209962862218223,0.052448977507989485,0.013126427483668823,424.22729275018526,5.568588794878451,1.1629408443202967,
19,54,3.128038,0.697213,,,,,,,,,,,,,,,,,nan_exist
20,54,3.169386,0.707804,0.004217,0.3435299058850282,13.018338893359438,193.01833889335944,5.757602090620973,5.757602090620973,6.896119369488552,6.896119369488552,0.47782975340825157,0.47782975340825157,0.5551831480518405,0.0937692525181341,0.02812583683085992,409.05561514904264,11.505031486429004,1.1043071768405934,
21,54,3.123391,0.696023,,,,,,,,,,,,,,,,,nan_exist
22,54,3.090735,0.687658,,,,,,,,,,,,,,,,,nan_exist
23,54,2.777873,0.607522,,,,,,,,,,,,,,,,,nan_exist
24,54,2.499149,0.53613,,,,,,,,,,,,,,,,,nan_exist
25,54,2.471226,0.528978,0.000992,0.0808113983016239,17.01741504257566,197.01741504257566,6.892220629196504,6.892220629196504,5.600864358203231,5.600864358203231,0.3241947290275867,0.3241947290275867,0.6099556436900803,0.0844298883529136,0.028144000647225866,332.99120582944727,9.371704712384485,0.8989430586585077,
26,54,2.397895,0.510195,,,,,,,,,,,,,,,,,nan_exist
27,54,2.262951,0.475631,,,,,,,,,,,,,,,,,nan_exist
28,54,2.324642,0.491432,,,,,,,,,,,,,,,,,nan_exist
29,54,2.415602,0.514731,0.001435,0.1168995529867241,17.01741504257566,197.01741504257566,7.151488834629882,7.151488834629882,5.737969046724128,5.737969046724128,0.32008977561263713,0.32008977561263713,0.5862609790908743,0.08838608963081838,0.030469848756367768,318.96125144842915,9.718701090775426,0.8590070843268159,
30,54,2.310318,0.487763,,,,,,,,,,,,,,,,,nan_exist
31,54,2.181074,0.454659,,,,,,,,,,,,,,,,,nan_exist
32,54,2.197884,0.458965,0.003342,0.2722496906492208,11.018800818751352,191.01880081875134,5.540426119297853,5.540426119297853,4.547795469059561,4.547795469059561,0.3274672121168642,0.3274672121168642,0.2856042469090634,0.08910118820989324,0.025616944522681064,290.0578172422104,7.430395012663666,0.785076172859852,
33,54,2.39479,0.5094,0.003644,0.2968515477934652,181.0626837309819,1.0626837309818882,24.489496009780428,24.489496009780428,16.109063789403407,16.109063789403407,0.26242216829248505,0.26242216829248505,0.7123720859467104,0.10442122546268316,0.09480621900998215,317.47016847352154,30.098146321436616,0.7982556170891247,
34,54,2.553576,0.550071,0.002169,0.1766934706816756,181.0626837309819,1.0626837309818882,24.12353174472832,24.12353174472832,16.55342341459362,16.55342341459362,0.27375181028008394,0.27375181028008394,0.7414195040936129,0.1037945974978401,0.09274947542663832,332.96747287864224,30.882558443627488,0.8391247623194854,
35,54,2.360968,0.500737,0.001902,0.1549428221468635,181.0626837309819,1.0626837309818882,21.897837358018215,21.897837358018215,19.198925404179203,19.198925404179203,0.349772580587539,0.349772580587539,0.8511372049290656,0.13198252510644243,0.10871590420423721,331.6719902148062,36.05802031542157,0.8211499163871796,
36,54,2.27358,0.478354,,,,,,,,,,,,,,,,,nan_exist
37,54,2.20236,0.460111,,,,,,,,,,,,,,,,,nan_exist
38,54,2.166342,0.450886,,,,,,,,,,,,,,,,,nan_exist
39,54,2.213869,0.463059,0.001657,0.1349843618808375,5.020186594927044,185.02018659492705,2.214034514187378,2.214034514187378,1.3723184640754145,1.3723184640754145,0.2472752136369377,0.2472752136369377,-0.12297187371061025,0.04284960763134334,0.0034853996600443036,298.31670422659374,1.039752939496907,0.8257693091308245,
40,54,2.236383,0.468826,,,,,,,,,,,,,,,,,nan_exist
41,54,2.336995,0.494596,,,,,,,,,,,,,,,,,nan_exist
42,54,2.53029,0.544107,0.001068,0.0870025941392483,251.04651634226536,71.04651634226536,10.033607888063868,10.033607888063868,3.7624696938584994,3.7624696938584994,0.14959805648721958,0.14959805648721958,0.03250668793937472,0.04686834918325922,0.017928636446164006,321.80788281475185,5.7695765364954354,0.8778841841062679,
43,54,2.536881,0.545795,,,,,,,,,,,,,,,,,nan_exist
44,54,2.253039,0.473092,0.001806,0.1471223642467064,251.04651634226536,71.04651634226536,11.756116465566683,11.756116465566683,3.1833765589783214,3.1833765589783214,0.10802746872532452,0.10802746872532452,0.014160546999571588,0.04144081625456461,0.017411178754981358,278.4041355779009,4.847344170672898,0.7598799761311889,
45,54,2.017978,0.412884,0.00154,0.1254531788150209,339.02619162502174,159.02619162502174,7.028401216514241,7.028401216514241,1.5753046870035856,1.5753046870035856,0.08941658633312347,0.08941658633312347,0.16224457128806613,0.030570534234499996,0.006794454267940275,255.73810308618914,1.7376008459889078,0.7055569506672229,
46,54,1.886119,0.37911,0.002972,0.2421083424923651,339.02619162502174,159.02619162502174,7.363409859380009,7.363409859380009,1.8439780283065248,1.8439780283065248,0.09990491004458128,0.09990491004458128,0.25635630107013363,0.03720325767098344,0.009890129141932767,239.40489048919238,2.367745284148384,0.6584365144584555,
47,54,1.858848,0.372125,0.00226,0.1841066130661996,345.0248058488461,165.02480584884609,5.008931990459583,5.008931990459583,2.9917848003118954,2.9917848003118954,0.23828421966600932,0.23828421966600932,0.5129130728475112,0.07837770711236776,0.020601094468635204,229.53720184239302,4.728717579221325,0.6244680118421436,
48,54,1.83462,0.365919,,,,,,,,,,,,,,,,,nan_exist
49,54,1.783366,0.352791,0.000907,0.0738870345358597,345.0248058488461,165.02480584884609,4.99848621348279,4.99848621348279,3.1826559226568176,3.1826559226568176,0.25401610753531556,0.25401610753531556,0.5920212914867264,0.08601710271715622,0.023120332393761454,222.75523561359185,5.1501750898368925,0.6044585014548749,
50,54,1.764752,0.348023,0.000919,0.0748645917733794,343.02526777423793,163.02526777423793,5.284495805533207,5.284495805533207,2.8596892465632697,2.8596892465632697,0.2158864329249465,0.2158864329249465,0.46734623564025113,0.07503918549790677,0.02025768031826457,222.43827061872162,4.506083376741685,0.6053671867832776,
51,54,1.730518,0.339255,0.000428,0.0348662081382006,343.02526777423793,163.02526777423793,5.466974611284233,5.466974611284233,2.498104994750216,2.498104994750216,0.1822945548769892,0.1822945548769892,0.5020918376275447,0.0647993702511885,0.017155519608081878,220.78330101569907,3.7876522497118685,0.6027656910166311,
52,54,1.803535,0.357957,0.003153,0.2568531641582864,343.02526777423793,163.02526777423793,5.584764719107421,5.584764719107421,3.0124690503575677,3.0124690503575677,0.21519282065305398,0.21519282065305398,0.5262770368656512,0.07540340566443365,0.02119160298745322,226.0844666986301,4.791092259907458,0.6147038178853407,
53,54,1.822429,0.362796,0.001498,0.1220317284837022,343.02526777423793,163.02526777423793,5.866580536954857,5.866580536954857,3.6613634810095324,3.6613634810095324,0.24898195589259842,0.24898195589259842,0.5617210348809905,0.0893854406225601,0.027038010732089574,225.462340221468,6.096053174590082,0.6093507973524387,
54,54,1.846335,0.36892,0.004666,0.3801068391888882,174.98092293661554,354.98092293661557,16.277714406644257,16.277714406644257,6.227760812501531,6.227760812501531,0.15263304406667233,0.15263304406667233,0.5802323773915479,0.08033056123523576,0.048986347818537244,224.16449222541883,10.980999784720154,0.5921763678908296,
55,54,1.868979,0.37472,0.004813,0.3920819153485038,174.98092293661554,354.98092293661557,14.97415104092312,14.97415104092312,8.061529514071458,8.061529514071458,0.21477577988079768,0.21477577988079768,0.7098321690439853,0.11091872678474153,0.0652590409640217,223.10610198713914,14.559690248901916,0.5792955881617701,
56,54,1.887333,0.379421,0.005242,0.4270295865898311,174.98092293661554,354.98092293661557,14.903719603437468,14.903719603437468,8.388934744886855,8.388934744886855,0.224554731725634,0.224554731725634,0.6831794526464829,0.11642814303146808,0.06852739274225716,221.904802528,15.206557554229278,0.5741617915938075,
57,54,1.935206,0.391683,0.006859,0.5587554243456031,172.98138486200742,352.9813848620074,2.2137397286665617,2.2137397286665617,3.733557835777153,3.733557835777153,0.6728316150845587,0.6728316150845587,0.27041160835184874,0.16145859012480573,0.02918736675335497,215.45758539215177,6.28863956463303,0.5810248495208854,
58,54,1.995996,0.407254,0.007765,0.6325609957783364,172.98138486200742,352.9813848620074,2.2126617491017857,2.2126617491017857,3.953018215327818,3.953018215327818,0.7127280534096384,0.7127280534096384,0.2591896102113218,0.16804108168082887,0.03059589480273771,219.24315271128944,6.707940436575171,0.5903755896519841,
